EmployeeID,Age,Gender,Education,Department,JobRole,JobLevel,MonthlyIncome,SalarySlab,TotalWorkingYears,YearsAtCompany,YearsInCurrentRole,YearsWithCurrentManager,OverTime,BusinessTravel,DistanceFromHome,JobSatisfaction,EnvironmentSatisfaction,WorkLifeBalance,JobInvolvement,PerformanceRating,PercentSalaryHike,StockOptionLevel,TrainingTimesLastYear,NumCompaniesWorked,SickLeaveDays,AbsentDays,MaritalStatus,Attrition,JoiningDate
EMP10001,23,Male,Bachelor's,Research & Development,Laboratory Technician,1,25000,Very High,0,0,0,0,No,Travel_Frequently,22,High,Medium,High,Medium,3,18,3,5,0,1,18,Single,No,2013-12-03
EMP10002,26,Female,Master's,Marketing,Marketing Executive,2,13564,High,0,0,0,0,No,Travel_Rarely,15,Very High,Low,Low,Low,3,16,2,4,1,9,3,Married,No,2014-02-06
EMP10003,54,Female,Master's,Finance,Finance Manager,2,0,Very High,27,0,0,0,No,Travel_Frequently,20,Low,Low,High,Very High,3,18,1,4,3,4,1,Married,No,2015-04-01
EMP10004,28,Female,PhD,Human Resources,HR Executive,2,25000,Very High,3,2,2,1,No,Travel_Rarely,27,Very High,Medium,High,Medium,3,24,1,1,0,9,18,Single,No,2010-03-26
EMP10005,27,Female,Master's,Sales,Sales Executive,2,25000,Very High,1,1,0,1,No,Travel_Rarely,28,High,Medium,Medium,Low,3,17,1,1,3,8,18,Married,No,2017-10-04
EMP10006,36,Female,Bachelor's,Sales,Manager,2,25000,Very High,14,4,2,0,No,Travel_Frequently,22,High,Low,High,Low,3,19,3,0,3,4,9,Single,No,2025-04-23
EMP10007,36,Male,Bachelor's,Sales,Manager,1,13357,High,15,5,5,3,Yes,Travel_Rarely,9,Medium,Very High,Medium,Medium,3,11,0,4,4,11,16,Single,No,2014-07-05
EMP10008,52,Female,Bachelor's,It,Data Analyst,2,21674,Very High,32,6,1,1,No,Travel_Rarely,24,Medium,Medium,High,High,3,10,1,1,2,3,19,Married,No,
EMP10009,51,Female,Master's,Human Resources,Manager,2,17341,Very High,20,1,1,0,No,Travel_Frequently,30,Very High,Low,High,High,4,14,3,5,1,7,7,Married,No,2014-12-14
EMP10010,27,Male,Master's,Finance,Finance Manager,3,10878,High,1,0,0,0,No,Travel_Rarely,23,Medium,Very High,High,High,3,16,1,5,0,5,8,Married,No,2018-05-30
EMP10011,38,Female,PhD,Sales,Sales Executive,2,25000,Very High,10,0,0,0,No,Travel_Rarely,5,High,High,Low,Very High,3,11,0,6,3,1,17,Married,No,2022-01-24
EMP10012,57,Male,Master's,Marketing,Marketing Executive,2,25000,Very High,31,3,3,3,No,Travel_Frequently,13,Low,Low,Medium,High,3,13,3,3,4,7,1,Married,No,2010-11-06
EMP10013,22,Male,Bachelor's,It,IT Support,5,9624,High,1,1,1,1,No,Travel_Rarely,7,Low,Low,Very High,Medium,3,16,2,4,0,11,17,Married,No,2020-12-09
EMP10014,24,Female,High School,Sales,Sales Representative,1,21709,Very High,3,1,1,1,No,Travel_Rarely,17,High,Low,Very High,Medium,4,22,1,3,4,4,7,Married,No,2018-09-12
EMP10015,32,Female,High School,Sales,Sales Executive,1,25000,Very High,4,1,1,1,No,Travel_Rarely,8,High,High,High,High,4,23,0,0,0,6,1,Married,No,2018-05-29
EMP10016,50,Female,Bachelor's,Sales,Manager,1,23281,Very High,29,1,1,1,No,Travel_Frequently,5,High,Low,High,High,3,18,2,0,4,3,15,Married,No,2013-12-18
EMP10017,35,Female,High School,Research & Development,Research Director,1,20933,Very High,7,5,5,2,No,Travel_Rarely,23,Low,High,High,Very High,4,15,0,6,4,8,4,Married,No,2021-11-26
EMP10018,51,Male,Bachelor's,Research & Development,Research Director,2,12275,High,22,6,6,0,No,Travel_Rarely,7,Medium,High,Medium,Very High,3,16,2,4,2,1,9,Married,No,2025-04-24
EMP10019,41,Female,Bachelor's,Research & Development,Laboratory Technician,1,24459,Very High,20,5,1,4,No,Travel_Rarely,8,Medium,Low,Medium,High,3,17,0,5,3,11,8,Single,No,2023-06-14
EMP10020,48,Male,Master's,Sales,Sales Executive,1,15669,Very High,21,10,7,2,No,Non-Travel,7,Medium,High,High,Low,4,21,2,2,1,9,1,Married,No,2021-10-23
EMP10021,41,Male,Bachelor's,Human Resources,HR Specialist,1,8222,High,16,3,0,3,No,Travel_Rarely,22,Very High,Very High,Low,Low,3,21,3,4,1,8,15,Married,No,2024-09-21
EMP10022,22,Female,Master's,Sales,Sales Executive,2,25000,Very High,0,0,0,0,Yes,Travel_Frequently,12,High,Very High,Very High,Very High,3,25,2,3,0,3,15,Single,No,2017-06-11
EMP10023,29,Female,Bachelor's,Sales,Manager,3,25000,Very High,0,0,0,0,No,Travel_Rarely,6,Low,High,High,High,3,17,0,2,0,5,16,Single,No,2010-03-17
EMP10024,40,Male,Bachelor's,Research & Development,Research Director,3,22545,Very High,21,5,1,5,No,Travel_Rarely,21,Very High,High,High,High,3,22,1,6,2,4,1,Single,No,2020-07-25
EMP10025,35,Female,PhD,Research & Development,Research Director,1,24418,Very High,7,5,2,5,No,Travel_Frequently,21,Medium,Medium,High,High,3,18,2,3,0,2,4,Single,No,2020-02-22
EMP10026,31,Female,High School,It,Software Engineer,2,25000,Very High,13,4,3,1,Yes,Non-Travel,4,High,High,Medium,High,3,21,0,3,1,6,7,Single,No,2010-12-23
EMP10027,21,Male,PhD,Sales,Manager,1,24366,Very High,0,0,0,0,No,Travel_Rarely,23,Low,High,High,High,4,23,1,3,3,3,1,Married,No,2025-08-06
EMP10028,60,Female,Bachelor's,Research & Development,Research Scientist,1,25000,Very High,33,5,1,5,Yes,Travel_Rarely,29,High,High,High,Medium,3,24,3,1,2,0,11,Single,No,2015-06-17
EMP10029,43,Male,Bachelor's,Human Resources,HR Specialist,3,19267,Very High,21,11,2,5,No,Non-Travel,28,Medium,High,Low,High,3,23,3,2,0,7,12,Single,No,2018-03-23
EMP10030,54,Male,Bachelor's,Sales,Manager,2,25000,Very High,33,4,1,1,No,Travel_Rarely,27,Medium,Very High,High,Low,4,19,1,1,2,2,15,Single,No,2016-06-23
EMP10031,49,Female,High School,Human Resources,HR Specialist,1,25000,Very High,28,8,0,4,No,Travel_Rarely,30,Low,High,Medium,High,3,25,0,1,2,5,4,Single,No,2013-01-26
EMP10032,49,Male,Bachelor's,Sales,Sales Representative,2,24036,Very High,22,1,0,1,No,Travel_Rarely,3,Low,High,High,Medium,3,11,0,3,2,11,11,Married,No,2017-10-02
EMP10033,54,Female,Master's,Sales,Sales Executive,1,12438,High,34,6,5,0,No,Travel_Frequently,5,Low,Medium,Low,High,3,22,2,0,0,1,14,Single,No,2010-04-15
EMP10034,38,Female,Bachelor's,Marketing,Marketing Specialist,2,25000,Very High,9,9,7,2,Yes,Travel_Frequently,19,Medium,Medium,High,Very High,3,24,3,5,4,8,1,Married,No,2014-11-02
EMP10035,27,Male,Bachelor's,Marketing,Marketing Executive,2,15148,Very High,5,2,0,2,No,Non-Travel,8,Low,Medium,Medium,High,3,24,3,4,0,3,11,Single,No,2018-04-27
EMP10036,45,Female,Bachelor's,It,Software Engineer,1,16527,Very High,19,8,1,2,No,Travel_Rarely,5,High,High,High,Medium,3,16,3,0,0,6,9,Married,No,2017-07-24
EMP10037,59,Female,Bachelor's,Research & Development,Laboratory Technician,4,15261,Very High,37,6,3,5,No,Travel_Rarely,27,Low,Low,High,Medium,3,11,3,3,0,8,7,Married,No,2023-09-13
EMP10038,26,Male,Master's,Sales,Sales Executive,2,13632,High,0,0,0,0,No,Travel_Rarely,13,High,High,High,Medium,3,16,0,4,0,10,20,Married,No,2018-04-30
EMP10039,49,Male,Master's,Finance,Financial Analyst,3,25000,Very High,17,4,1,4,No,Travel_Rarely,10,Low,Very High,High,Very High,3,20,3,5,0,2,10,Single,No,2022-11-13
EMP10040,26,Male,Bachelor's,Research & Development,Research Scientist,3,25000,Very High,8,2,1,1,No,Travel_Rarely,6,Very High,Very High,Medium,High,3,18,1,4,2,2,11,Single,No,2021-03-12
EMP10041,22,Male,Bachelor's,Sales,Sales Representative,2,25000,Very High,0,0,0,0,No,Travel_Rarely,1,Very High,Very High,Very High,High,3,13,0,5,2,2,16,Divorced,Yes,2014-03-27
EMP10042,20,Female,Bachelor's,Research & Development,Manager,2,12704,High,0,0,0,0,No,Travel_Rarely,30,Medium,Medium,Low,Medium,3,21,1,3,0,4,6,Married,No,2014-01-26
EMP10043,55,Male,PhD,Sales,Sales Executive,1,22744,Very High,27,1,0,1,No,Travel_Rarely,11,High,Medium,High,High,3,14,1,1,3,9,14,Single,Yes,2022-10-03
EMP10044,44,Female,Bachelor's,Marketing,Manager,2,21729,High,22,1,1,1,Yes,Travel_Rarely,20,Low,Medium,Medium,Medium,3,14,0,4,3,5,18,Single,Yes,2011-06-01
EMP10045,56,Male,Master's,Sales,Sales Representative,2,16106,Very High,27,5,2,1,No,Travel_Frequently,9,Very High,Medium,High,Medium,3,21,1,5,4,2,1,Single,Yes,2022-01-17
EMP10046,20,Male,Bachelor's,Finance,Finance Manager,1,14572,High,0,0,0,0,No,Travel_Rarely,16,High,High,High,Medium,3,11,1,4,3,9,5,Single,No,2018-04-17
EMP10047,34,Male,PhD,Research & Development,Research Scientist,2,25000,Very High,6,0,0,0,Yes,Travel_Rarely,15,Low,Low,Very High,Medium,3,22,2,4,1,8,1,Married,No,2023-05-27
EMP10048,56,Female,Bachelor's,Research & Development,Laboratory Technician,3,18429,Very High,31,4,2,2,Yes,Travel_Rarely,5,Medium,Medium,Medium,Medium,3,12,3,4,1,0,13,Married,No,2022-04-14
EMP10049,32,Male,Bachelor's,Research & Development,Research Director,4,25000,Very High,11,2,2,2,Yes,Travel_Frequently,15,Low,Medium,Medium,High,3,22,1,2,3,6,7,Divorced,Yes,2017-12-24
EMP10050,59,Male,Master's,Sales,Sales Representative,2,25000,Very High,34,1,1,1,No,Travel_Rarely,1,Medium,High,High,Medium,3,19,2,1,0,10,15,Single,No,2010-10-23
EMP10051,27,Female,PhD,Marketing,Marketing Specialist,2,25000,Very High,0,0,0,0,No,Travel_Rarely,15,High,High,Very High,Low,3,10,2,2,3,8,18,Married,No,2015-06-12
EMP10052,24,Female,PhD,It,IT Support,3,11319,High,5,5,2,3,No,Travel_Rarely,4,Medium,Very High,Medium,Medium,4,12,3,2,1,4,17,Single,No,2019-07-02
EMP10053,28,Male,Master's,Marketing,Marketing Executive,1,25000,Very High,0,0,0,0,Yes,Travel_Rarely,28,Medium,Very High,Very High,High,4,14,2,5,3,2,12,Married,Yes,2022-07-14
EMP10054,20,Female,Master's,It,Data Analyst,1,25000,Very High,0,0,0,0,No,Travel_Frequently,16,Low,Medium,High,Low,3,18,2,3,2,9,5,Married,No,2023-07-17
EMP10055,55,Female,Bachelor's,Human Resources,Manager,1,14214,High,30,1,0,1,No,Travel_Rarely,22,Medium,Very High,High,High,3,10,1,1,4,3,3,Married,No,2020-08-24
EMP10056,54,Female,Master's,Marketing,Manager,4,25000,Very High,26,2,2,2,Yes,Travel_Rarely,7,Low,High,High,Low,3,25,3,0,2,7,20,Married,Yes,2010-05-25
EMP10057,21,Male,Master's,Sales,Sales Representative,1,25000,Very High,2,1,1,1,No,Travel_Rarely,23,High,High,High,High,3,25,3,6,2,11,9,Single,No,2020-05-25
EMP10058,59,Male,Bachelor's,Sales,Manager,1,19883,Very High,40,7,3,1,No,Travel_Rarely,8,Low,Very High,Very High,Very High,3,15,1,1,4,2,14,Divorced,No,2018-04-21
EMP10059,42,Male,Master's,Sales,Sales Executive,2,15203,Very High,19,15,5,2,No,Travel_Rarely,21,High,Low,Medium,Very High,4,21,0,0,0,4,11,Married,No,2016-03-05
EMP10060,28,Female,Bachelor's,Research & Development,Laboratory Technician,3,15937,Very High,10,6,6,1,No,Travel_Rarely,22,Medium,Very High,Medium,High,4,11,2,5,4,11,19,Single,No,2011-03-22
EMP10061,53,Male,Bachelor's,Research & Development,Research Scientist,4,25000,Very High,25,11,4,1,Yes,Travel_Rarely,27,Medium,High,Very High,High,3,21,1,5,0,2,11,Married,No,2022-05-07
EMP10062,33,Female,Master's,Sales,Sales Representative,2,22033,Very High,12,5,4,5,No,Travel_Frequently,27,High,Medium,Medium,High,3,15,2,4,1,11,6,Divorced,Yes,2017-11-10
EMP10063,23,Male,Bachelor's,It,Software Engineer,4,25000,Very High,0,2,0,0,Yes,Travel_Frequently,2,Medium,Medium,Medium,Very High,3,19,3,5,3,5,5,Married,No,2011-06-29
EMP10064,49,Male,Bachelor's,Research & Development,Laboratory Technician,1,15430,Very High,22,3,3,3,Yes,Travel_Rarely,30,Medium,High,Medium,High,3,15,3,0,1,11,4,Married,No,2020-03-05
EMP10065,50,Male,Bachelor's,Sales,Sales Executive,1,15507,Very High,25,0,0,0,No,Travel_Rarely,12,Unknown,High,High,High,3,10,2,6,1,0,18,Married,No,2024-02-18
EMP10066,57,Male,Bachelor's,Sales,Research Director,4,25000,Very High,33,0,0,0,No,Travel_Rarely,26,Medium,High,Medium,High,3,14,3,0,1,6,13,Single,No,2013-02-28
EMP10067,30,Female,Bachelor's,Sales,Unknown,2,12000,High,3,3,1,3,Yes,Travel_Rarely,28,Medium,Medium,Medium,Medium,3,19,3,5,3,10,0,Single,No,2023-02-20
EMP10068,54,Female,Master's,It,Manager,1,18273,Very High,32,3,2,3,Yes,Travel_Rarely,2,High,Medium,High,High,3,11,0,6,0,5,10,Divorced,No,2020-12-19
EMP10069,27,Female,Master's,Sales,Sales Representative,2,22366,Very High,3,3,3,1,No,Non-Travel,14,High,High,Medium,High,3,10,3,6,4,11,3,Married,No,2020-07-19
EMP10070,22,Female,Master's,Marketing,Marketing Executive,3,23159,Very High,0,0,0,0,No,Travel_Rarely,19,Low,Medium,High,High,3,20,3,0,0,5,20,Single,No,2023-04-14
EMP10071,33,Male,Bachelor's,It,Software Engineer,3,20321,Very High,8,2,0,2,No,Non-Travel,20,Medium,Medium,Low,High,3,18,2,4,0,2,13,Married,No,2017-06-10
EMP10072,32,Female,Master's,Sales,Sales Executive,3,25000,Very High,8,3,1,3,No,Travel_Rarely,6,Low,Medium,Very High,High,3,15,1,4,2,0,20,Single,No,2017-11-05
EMP10073,51,Male,Master's,Sales,Sales Representative,2,25000,Very High,21,3,3,3,Yes,Travel_Rarely,22,Medium,Low,High,Very High,3,10,3,2,3,10,17,Single,No,2024-03-16
EMP10074,53,Female,High School,It,Software Engineer,3,25000,Very High,31,2,2,0,No,Travel_Rarely,19,High,Medium,High,Very High,4,25,3,0,0,0,5,Married,No,2022-01-07
EMP10075,38,Female,Master's,Finance,Accountant,2,14135,High,11,9,7,7,Yes,Travel_Rarely,17,Very High,Medium,High,Very High,3,19,1,1,0,6,4,Single,No,2014-01-06
EMP10076,57,Female,PhD,Finance,Financial Analyst,2,19383,Very High,23,3,1,3,No,Travel_Rarely,3,Very High,Very High,Low,High,3,18,1,3,1,3,16,Single,No,2010-04-05
EMP10077,35,Female,High School,It,Manager,3,25000,Very High,9,5,1,3,Yes,Travel_Frequently,20,Low,High,High,High,3,21,1,2,2,5,6,Divorced,No,2023-04-18
EMP10078,21,Female,Master's,Sales,Sales Executive,2,25000,Very High,0,0,0,0,No,Travel_Frequently,25,Medium,High,Very High,High,3,18,2,0,4,3,10,Single,Yes,2010-09-15
EMP10079,59,Female,Master's,Research & Development,Research Scientist,1,11875,High,33,10,1,5,No,Travel_Rarely,10,High,Medium,High,Medium,3,22,3,2,2,7,13,Married,No,2016-03-05
EMP10080,36,Male,High School,Sales,Manager,2,25000,Very High,8,8,3,2,No,Travel_Rarely,24,Low,High,Medium,Medium,3,16,3,5,1,11,1,Married,No,2022-04-17
EMP10081,53,Male,Master's,It,Software Engineer,2,21729,High,27,2,1,2,Yes,Non-Travel,13,High,High,High,Medium,4,18,1,5,1,8,16,Married,No,2023-03-23
EMP10082,35,Female,Bachelor's,Human Resources,HR Executive,1,22497,Very High,8,0,0,0,No,Travel_Frequently,20,High,Medium,High,Very High,3,10,0,5,1,1,1,Married,No,2012-09-06
EMP10083,57,Female,Bachelor's,Research & Development,Manager,1,25000,Very High,27,2,2,0,No,Travel_Rarely,23,Very High,Low,High,High,3,24,2,0,3,0,14,Single,No,2022-07-22
EMP10084,21,Male,Master's,Sales,Sales Representative,1,14378,High,0,0,0,0,No,Travel_Rarely,29,Low,High,Very High,Very High,3,22,1,0,1,0,6,Married,No,2011-04-01
EMP10085,21,Male,High School,Research & Development,Laboratory Technician,1,15132,Very High,0,0,0,0,No,Travel_Rarely,29,Medium,Low,High,Medium,3,12,1,2,0,11,2,Married,No,2015-07-11
EMP10086,45,Male,Master's,Research & Development,Manager,3,25000,Very High,25,5,2,5,No,Travel_Rarely,25,High,Low,Medium,Medium,4,17,3,0,3,11,5,Married,No,2010-06-22
EMP10087,32,Female,High School,Finance,Financial Analyst,1,11001,High,3,0,0,0,No,Travel_Rarely,18,High,Medium,Low,Medium,3,12,0,6,1,6,20,Married,No,2025-05-26
EMP10088,50,Male,Bachelor's,Human Resources,HR Specialist,1,16569,Very High,27,2,1,1,No,Travel_Rarely,19,Very High,High,High,Medium,3,17,2,0,3,1,8,Married,No,2025-09-10
EMP10089,53,Female,Bachelor's,It,Software Engineer,2,25000,Very High,31,1,1,1,No,Travel_Rarely,17,Low,High,High,Very High,3,12,0,3,0,2,9,Single,No,2011-08-06
EMP10090,58,Male,Bachelor's,Research & Development,Manager,3,16557,Very High,34,5,3,0,Yes,Travel_Rarely,8,High,Very High,Medium,High,3,13,0,1,1,11,20,Married,No,2017-07-08
EMP10091,22,Male,Bachelor's,Sales,Sales Executive,1,19807,Very High,0,0,0,0,Yes,Travel_Rarely,18,High,Medium,Low,High,3,22,3,4,1,3,20,Married,No,2013-09-19
EMP10092,27,Female,Master's,Finance,Accountant,1,25000,Very High,9,9,2,1,No,Non-Travel,7,Low,Very High,Very High,High,3,21,1,3,0,8,7,Married,No,2023-05-29
EMP10093,42,Male,PhD,It,Software Engineer,4,25000,Very High,11,11,3,3,No,Non-Travel,23,High,High,Medium,Very High,3,21,1,4,1,9,6,Single,No,2023-07-30
EMP10094,33,Male,Master's,Research & Development,Laboratory Technician,2,24836,Very High,8,1,1,1,No,Travel_Rarely,11,High,Medium,High,Medium,3,23,0,4,0,1,0,Single,No,2024-09-13
EMP10095,46,Male,Bachelor's,It,IT Support,4,18909,Very High,24,2,1,2,No,Travel_Rarely,3,Medium,Very High,Low,Very High,3,13,2,1,1,9,9,Married,No,2025-09-07
EMP10096,48,Male,Master's,Research & Development,Laboratory Technician,1,25000,Very High,17,1,1,1,No,Travel_Rarely,2,Medium,High,Medium,High,3,14,2,6,1,1,17,Single,No,2023-03-19
EMP10097,58,Female,Master's,Research & Development,Laboratory Technician,1,20834,Very High,38,2,1,0,No,Travel_Rarely,19,High,Low,High,Very High,4,19,3,3,2,0,15,Married,No,2022-04-05
EMP10098,58,Male,Bachelor's,Research & Development,Manager,1,25000,Very High,33,12,2,1,No,Travel_Rarely,28,Medium,Low,Very High,High,3,19,2,0,3,7,3,Single,No,2018-03-14
EMP10099,20,Female,Bachelor's,Sales,Sales Executive,1,17613,Very High,0,0,0,0,No,Travel_Rarely,24,Very High,Medium,Very High,Medium,3,20,3,1,4,7,8,Married,No,2023-11-20
EMP10100,36,Male,High School,Sales,Manager,4,20289,Very High,5,5,0,3,No,Travel_Rarely,28,Medium,High,Medium,High,3,13,0,0,2,4,17,Single,No,2021-03-31
EMP10101,60,Female,Bachelor's,Sales,Manager,5,14108,High,28,3,3,2,No,Travel_Rarely,25,Medium,Very High,High,Low,3,16,2,0,2,2,10,Married,No,2011-03-25
EMP10102,49,Female,PhD,Human Resources,HR Executive,4,21682,Very High,21,0,0,0,No,Travel_Rarely,11,Very High,Medium,High,Very High,3,20,1,5,3,0,11,Single,No,2010-07-07
EMP10103,32,Female,Bachelor's,Research & Development,Laboratory Technician,3,15291,Very High,9,0,0,0,No,Travel_Frequently,8,Very High,High,Medium,High,4,13,0,0,2,1,7,Single,No,2021-02-27
EMP10104,40,Female,Master's,Research & Development,Research Director,3,13342,High,18,4,4,2,No,Travel_Rarely,11,Unknown,Medium,Medium,Medium,3,20,3,0,0,8,0,Single,No,2019-03-02
EMP10105,38,Male,Bachelor's,Marketing,Manager,2,24745,Very High,9,6,6,1,No,Travel_Rarely,2,High,High,Very High,Medium,4,10,0,3,2,7,7,Married,No,2025-05-26
EMP10106,38,Male,Bachelor's,Sales,Sales Executive,3,24239,Very High,13,1,1,1,No,Travel_Rarely,12,Low,Very High,High,Very High,3,14,0,4,4,9,4,Single,No,2021-11-16
EMP10107,44,Female,Bachelor's,Research & Development,Laboratory Technician,1,25000,Very High,15,6,0,1,Yes,Travel_Rarely,29,Low,High,High,Very High,3,21,3,4,0,10,0,Single,No,2022-06-20
EMP10108,41,Male,PhD,It,Manager,2,18142,Very High,10,8,4,0,Yes,Travel_Rarely,9,Medium,High,High,High,3,17,2,3,3,3,2,Married,No,2019-06-09
EMP10109,50,Male,Bachelor's,Sales,Manager,2,25000,Very High,28,3,1,0,No,Travel_Frequently,6,Medium,High,High,High,3,15,2,4,3,2,12,Single,No,2019-10-15
EMP10110,36,Male,Master's,Sales,Sales Executive,3,25000,Very High,11,7,7,1,No,Travel_Rarely,12,High,Low,High,Very High,3,13,1,5,3,4,15,Married,No,2017-09-22
EMP10111,42,Male,Bachelor's,Sales,Manager,2,25000,Very High,16,3,1,1,Yes,Travel_Frequently,18,High,Very High,Medium,Medium,3,13,2,1,0,7,11,Divorced,No,2025-04-15
EMP10112,51,Male,Master's,Sales,Manager,3,15191,Very High,26,6,1,2,No,Travel_Rarely,25,Very High,High,Medium,Low,4,22,3,0,3,9,6,Married,No,2012-12-28
EMP10113,29,Male,Master's,Marketing,Marketing Specialist,2,23558,Very High,0,0,0,0,No,Travel_Rarely,5,High,High,Medium,High,3,10,3,0,3,5,7,Divorced,No,2022-12-18
EMP10114,29,Male,Master's,It,Manager,3,25000,Very High,3,3,0,3,Yes,Travel_Rarely,22,Medium,High,Very High,Very High,3,25,3,6,4,9,10,Married,No,2018-10-02
EMP10115,55,Female,High School,Human Resources,HR Specialist,5,22098,Very High,27,2,1,0,No,Travel_Rarely,17,High,High,Low,High,4,19,2,5,1,10,12,Married,No,2013-01-30
EMP10116,27,Male,Bachelor's,It,Data Analyst,1,8613,High,0,0,0,0,No,Travel_Rarely,16,Very High,High,High,Medium,3,22,3,0,1,3,10,Single,No,2020-05-25
EMP10117,39,Female,Bachelor's,It,Manager,4,23676,Very High,15,1,1,1,Yes,Non-Travel,12,High,High,Very High,High,4,10,2,2,1,7,3,Single,No,2025-01-19
EMP10118,51,Male,PhD,Sales,Sales Representative,2,25000,Very High,24,1,1,1,No,Travel_Rarely,29,High,Low,Medium,High,3,12,3,1,3,3,5,Married,No,2018-10-27
EMP10119,33,Female,Bachelor's,It,Manager,2,18732,Very High,4,4,3,1,No,Travel_Rarely,30,Very High,Medium,Medium,High,3,13,3,2,0,4,18,Married,No,2022-08-12
EMP10120,47,Male,High School,Research & Development,Research Director,3,15873,Very High,23,12,6,3,No,Travel_Frequently,2,Low,Very High,Very High,Very High,3,24,2,3,3,1,20,Divorced,Yes,2019-07-10
EMP10121,43,Male,Bachelor's,It,Data Analyst,2,25000,Very High,15,3,0,1,No,Travel_Rarely,16,High,Medium,High,High,3,13,1,2,1,9,7,Married,No,2018-05-26
EMP10122,34,Male,Bachelor's,It,Data Analyst,2,25000,Very High,1,1,1,1,Yes,Travel_Rarely,1,Very High,High,High,Low,3,11,1,4,4,3,5,Married,No,2013-11-20
EMP10123,41,Male,Master's,Research & Development,Research Scientist,2,25000,Very High,14,2,2,1,No,Travel_Rarely,20,Very High,Medium,High,High,3,20,1,4,3,9,16,Single,No,2023-02-20
EMP10124,49,Female,PhD,Sales,Sales Representative,1,12506,High,25,3,3,1,No,Travel_Rarely,2,Medium,Medium,Medium,Medium,3,18,2,1,3,9,17,Single,No,2022-12-06
EMP10125,23,Female,Bachelor's,Sales,Sales Representative,2,25000,Very High,0,0,0,0,Yes,Travel_Rarely,13,High,High,High,Very High,3,25,3,2,3,2,2,Married,Yes,2020-02-24
EMP10126,32,Male,Master's,Research & Development,Research Director,1,25000,Very High,3,1,0,1,No,Travel_Rarely,16,High,High,High,High,3,17,2,2,0,11,11,Married,No,2021-11-14
EMP10127,42,Male,Master's,It,IT Support,4,20662,Very High,24,7,0,2,Yes,Travel_Rarely,1,Medium,Medium,Low,High,3,12,0,0,4,11,14,Divorced,No,2022-06-08
EMP10128,27,Male,Bachelor's,It,Data Analyst,1,25000,Very High,4,0,0,0,No,Travel_Rarely,19,High,Very High,Low,Very High,3,20,0,1,4,7,6,Married,No,2015-10-08
EMP10129,37,Male,Master's,Sales,Sales Representative,2,25000,Very High,14,4,1,2,Yes,Travel_Rarely,4,Medium,High,Medium,High,4,11,2,0,4,7,12,Divorced,No,2020-11-22
EMP10130,31,Male,Master's,Research & Development,Manager,4,25000,Very High,0,0,0,0,No,Travel_Rarely,20,Medium,Medium,Medium,High,3,10,0,1,4,6,9,Married,No,2014-07-08
EMP10131,50,Female,Bachelor's,Research & Development,Laboratory Technician,4,13169,High,27,2,2,2,No,Travel_Rarely,3,Medium,High,Very High,Very High,3,19,1,6,1,5,18,Married,No,2017-03-26
EMP10132,33,Male,Master's,Sales,Manager,3,25000,Very High,5,5,1,3,No,Non-Travel,2,High,Very High,High,Low,3,18,1,1,3,8,8,Married,No,2017-08-05
EMP10133,53,Female,Bachelor's,Sales,Sales Representative,2,21395,Very High,37,6,5,3,No,Travel_Rarely,12,Medium,Low,Medium,Low,3,14,1,2,4,3,11,Married,No,2020-07-07
EMP10134,37,Female,Bachelor's,Research & Development,Manager,1,22761,Very High,14,5,5,0,No,Travel_Frequently,24,Medium,High,High,High,3,17,0,5,2,3,10,Married,No,2010-11-20
EMP10135,53,Female,Master's,Marketing,Manager,2,22764,Very High,20,3,1,1,No,Travel_Rarely,26,Medium,Medium,Medium,Medium,4,22,1,0,2,5,7,Single,No,2014-03-19
EMP10136,30,Male,Master's,Research & Development,Research Scientist,1,20586,Very High,0,0,0,0,Yes,Travel_Rarely,13,Low,Low,Very High,Medium,3,24,1,3,1,0,8,Single,No,2011-04-01
EMP10137,60,Female,Master's,Research & Development,Research Director,3,25000,Very High,34,9,9,2,No,Travel_Rarely,27,Low,Very High,High,Very High,4,13,1,0,2,1,3,Married,No,2013-09-23
EMP10138,31,Female,Bachelor's,Finance,Finance Manager,1,21212,Very High,5,5,2,4,No,Travel_Frequently,18,Medium,High,High,High,3,11,2,3,2,1,19,Single,No,2014-12-19
EMP10139,34,Male,PhD,Research & Development,Manager,2,13309,High,6,2,2,2,No,Travel_Rarely,5,High,Medium,Medium,Very High,3,14,3,4,2,9,4,Single,No,2011-09-05
EMP10140,50,Male,High School,Marketing,Marketing Executive,2,18452,Very High,20,1,0,0,No,Travel_Frequently,23,High,Very High,Medium,Very High,3,17,3,1,1,3,6,Single,No,2022-11-01
EMP10141,48,Female,Bachelor's,Marketing,Marketing Executive,2,23871,Very High,23,0,0,0,Yes,Non-Travel,25,Low,Low,Medium,Medium,3,24,2,6,3,4,8,Single,No,2018-10-10
EMP10142,45,Female,Bachelor's,Sales,Manager,2,25000,Very High,23,0,0,0,No,Travel_Rarely,12,Low,High,Medium,Very High,3,15,1,0,1,1,3,Single,No,2016-12-14
EMP10143,37,Male,High School,Research & Development,Research Scientist,3,25000,Very High,10,4,0,4,No,Travel_Rarely,19,High,High,High,Very High,3,25,1,1,0,7,11,Married,No,2022-08-16
EMP10144,51,Male,Bachelor's,Research & Development,Manager,1,15022,Very High,25,0,0,0,Yes,Travel_Rarely,1,Medium,High,Medium,Low,3,17,2,5,0,4,11,Married,No,2012-10-11
EMP10145,41,Male,Master's,Sales,Manager,2,25000,Very High,10,2,2,2,No,Travel_Rarely,9,Very High,Very High,High,Very High,3,20,2,0,2,7,5,Married,No,2019-02-18
EMP10146,57,Male,Master's,Sales,Sales Representative,1,24814,Very High,32,7,1,4,No,Travel_Rarely,1,High,High,High,High,3,12,0,4,2,8,12,Married,No,2014-02-01
EMP10147,36,Male,PhD,Human Resources,Manager,1,25000,Very High,14,2,2,1,No,Travel_Frequently,24,Medium,Medium,Medium,Very High,3,14,2,0,3,10,8,Married,No,2012-12-11
EMP10148,42,Male,Master's,Research & Development,Research Scientist,2,20573,Very High,22,7,0,0,Yes,Travel_Rarely,18,Medium,Very High,Medium,Very High,3,11,1,4,2,8,8,Married,No,2025-12-16
EMP10149,43,Female,Bachelor's,Sales,Manager,1,25000,Very High,20,7,3,2,No,Travel_Rarely,23,High,Low,Very High,High,3,21,2,1,0,3,20,Married,No,2018-11-01
EMP10150,27,Female,Master's,Sales,Manager,1,25000,Very High,0,0,0,0,No,Travel_Rarely,28,Low,High,Medium,High,3,24,1,6,2,9,2,Married,Yes,2016-08-21
EMP10151,60,Female,Master's,Marketing,Marketing Specialist,4,25000,Very High,33,7,1,3,No,Non-Travel,3,Low,High,Medium,Medium,3,20,0,2,3,1,12,Married,No,2016-03-11
EMP10152,25,Male,Bachelor's,Sales,Manager,2,25000,Very High,0,0,0,0,No,Travel_Rarely,6,Low,Very High,High,High,3,21,2,5,0,10,5,Married,No,2019-09-28
EMP10153,24,Female,Master's,Sales,Sales Representative,1,25000,Very High,0,0,0,0,No,Non-Travel,22,High,High,High,Low,3,12,0,6,2,1,17,Married,No,2017-02-28
EMP10154,48,Male,Bachelor's,Research & Development,Research Scientist,1,19115,Very High,16,1,0,1,Yes,Non-Travel,4,High,Very High,High,Very High,3,16,1,3,3,11,13,Married,Yes,2024-02-03
EMP10155,47,Male,Bachelor's,Marketing,Marketing Executive,1,17030,Very High,20,4,2,4,No,Travel_Rarely,24,Low,Medium,High,High,3,10,1,1,3,4,1,Single,No,2025-07-17
EMP10156,30,Female,Bachelor's,Sales,Manager,2,25000,Very High,9,9,1,2,No,Travel_Rarely,12,High,Medium,Very High,High,3,17,1,5,0,9,5,Single,No,2013-08-18
EMP10157,20,Male,Master's,Finance,Accountant,2,25000,Very High,0,0,0,0,Yes,Travel_Rarely,12,Medium,Very High,Medium,High,3,14,1,5,0,3,19,Married,No,2010-02-02
EMP10158,38,Male,Master's,It,Manager,2,19926,Very High,13,1,1,1,No,Travel_Rarely,5,High,High,High,Medium,4,11,0,2,0,5,6,Married,No,2024-05-13
EMP10159,28,Male,Bachelor's,Sales,Sales Executive,1,25000,Very High,4,4,4,4,No,Travel_Rarely,23,Medium,Medium,High,High,3,12,2,1,3,8,7,Married,No,2014-06-19
EMP10160,46,Male,Bachelor's,Finance,Financial Analyst,2,25000,Very High,27,3,1,3,No,Travel_Rarely,29,High,Very High,High,Medium,3,22,2,1,0,6,9,Single,No,2017-10-14
EMP10161,53,Female,Master's,Research & Development,Research Scientist,2,14584,High,27,4,1,4,No,Travel_Rarely,21,Very High,High,High,Low,3,13,1,0,0,11,12,Divorced,No,2016-07-25
EMP10162,23,Female,PhD,Human Resources,Manager,2,15114,Very High,0,0,0,0,No,Travel_Rarely,13,Low,High,High,High,3,11,1,4,3,10,0,Single,No,2020-02-10
EMP10163,55,Female,Bachelor's,Human Resources,HR Executive,3,20678,Very High,30,4,3,1,No,Travel_Rarely,12,Medium,High,High,Very High,3,19,0,6,3,3,4,Married,No,2017-07-01
EMP10164,37,Female,Bachelor's,Research & Development,Research Director,1,25000,Very High,10,8,0,0,No,Travel_Rarely,4,Medium,High,Medium,High,3,22,0,4,0,6,1,Single,No,2023-02-21
EMP10165,34,Female,Master's,Sales,Sales Executive,1,17395,Very High,15,6,2,6,Yes,Travel_Rarely,6,Medium,High,Very High,Medium,3,14,1,0,0,1,3,Single,Yes,2016-10-03
EMP10166,32,Female,Bachelor's,It,Software Engineer,3,25000,Very High,11,5,1,2,No,Travel_Frequently,19,Medium,Medium,Medium,High,3,16,1,0,0,4,11,Married,Yes,2011-05-08
EMP10167,38,Male,High School,Research & Development,Manager,1,25000,Very High,10,1,1,1,Yes,Travel_Rarely,6,High,Very High,Very High,Medium,3,22,2,1,3,11,4,Married,No,2012-01-03
EMP10168,25,Female,Bachelor's,Sales,Manager,1,22421,Very High,7,7,0,1,No,Travel_Rarely,6,Very High,High,High,Medium,3,18,2,4,4,10,14,Married,No,2010-09-27
EMP10169,31,Male,Master's,Sales,Sales Representative,3,11543,High,2,2,2,0,No,Travel_Frequently,11,Medium,Medium,High,Very High,3,10,2,6,1,8,9,Single,Yes,2021-10-06
EMP10170,56,Female,Master's,Human Resources,Manager,2,12184,High,25,1,1,1,No,Non-Travel,27,High,High,High,Low,3,19,1,1,2,10,16,Single,No,2017-11-11
EMP10171,36,Male,Bachelor's,Finance,Finance Manager,3,24996,Very High,16,3,0,3,No,Travel_Rarely,22,High,Low,Medium,Medium,3,25,3,6,1,8,13,Married,No,2025-08-20
EMP10172,42,Female,Bachelor's,Sales,Manager,1,8437,High,19,1,1,1,Yes,Travel_Rarely,14,High,High,Very High,High,3,22,0,6,3,3,6,Married,Yes,2023-09-26
EMP10173,45,Female,Bachelor's,Research & Development,Laboratory Technician,2,25000,Very High,22,7,0,1,No,Travel_Rarely,30,Medium,Low,Low,Medium,3,15,0,2,4,7,1,Single,No,2024-06-03
EMP10174,48,Female,Bachelor's,Sales,Sales Representative,1,20513,Very High,26,6,2,6,No,Travel_Rarely,27,Medium,Low,Medium,Medium,3,15,0,2,3,4,2,Single,No,2019-10-03
EMP10175,52,Female,Bachelor's,Human Resources,HR Specialist,2,25000,Very High,21,1,1,1,No,Travel_Frequently,3,Medium,Very High,Low,High,3,10,1,6,0,2,3,Married,No,2021-10-19
EMP10176,46,Male,High School,Sales,Manager,1,25000,Very High,25,10,0,4,No,Travel_Rarely,29,Medium,High,Low,High,3,11,1,0,2,5,15,Married,No,2023-09-19
EMP10177,44,Male,Bachelor's,Finance,Accountant,2,20299,Very High,16,1,1,1,No,Travel_Frequently,8,High,Medium,Medium,High,3,20,0,4,1,3,15,Married,No,2020-02-25
EMP10178,29,Male,Bachelor's,Research & Development,Research Director,1,20997,Very High,0,0,0,0,Yes,Travel_Rarely,4,High,Medium,Medium,Low,3,25,0,2,3,2,2,Single,No,2025-10-25
EMP10179,42,Male,Master's,Marketing,Marketing Specialist,1,25000,Very High,21,3,1,0,No,Travel_Rarely,27,Low,Very High,High,Very High,3,24,0,6,4,3,16,Married,No,2015-12-30
EMP10180,40,Male,Master's,Sales,Sales Representative,2,25000,Very High,14,2,1,1,Yes,Travel_Rarely,16,Low,Very High,High,Very High,4,17,1,4,0,0,16,Divorced,Yes,2014-04-11
EMP10181,40,Male,Bachelor's,Research & Development,Research Director,4,10540,High,10,1,1,0,Yes,Travel_Rarely,18,Very High,High,Very High,Medium,3,15,3,6,4,9,19,Married,No,2012-01-14
EMP10182,32,Male,High School,Sales,Manager,4,9859,High,0,0,0,0,No,Travel_Rarely,7,High,High,Medium,High,3,22,3,4,2,7,6,Single,No,2025-11-09
EMP10183,56,Female,Bachelor's,Marketing,Marketing Executive,5,16649,Very High,28,5,4,5,No,Travel_Rarely,11,Very High,Medium,Medium,High,3,10,3,3,4,8,7,Married,No,2013-10-04
EMP10184,52,Female,Master's,It,Software Engineer,2,25000,Very High,24,4,1,4,No,Travel_Rarely,8,Low,High,Medium,High,3,19,2,2,4,5,18,Married,No,2016-03-29
EMP10185,43,Male,High School,Sales,Sales Executive,1,25000,Very High,19,1,1,1,No,Travel_Frequently,27,High,Medium,High,Very High,3,22,2,2,0,4,6,Married,No,2016-10-26
EMP10186,30,Male,Bachelor's,Finance,Financial Analyst,1,25000,Very High,7,1,1,1,No,Travel_Rarely,20,High,Very High,High,Very High,3,19,1,1,4,11,0,Single,No,2025-08-12
EMP10187,36,Male,Master's,It,Software Engineer,2,12838,High,9,0,0,0,No,Travel_Frequently,6,Very High,Medium,High,High,3,20,3,6,0,8,15,Married,No,2010-11-09
EMP10188,23,Male,Master's,Research & Development,Research Director,1,7768,Medium,0,0,0,0,No,Travel_Rarely,24,Low,High,Medium,Low,3,15,3,1,2,3,17,Married,No,2010-07-20
EMP10189,44,Male,Bachelor's,Research & Development,Laboratory Technician,1,25000,Very High,23,6,0,2,Yes,Travel_Frequently,16,Medium,Medium,Medium,Medium,3,19,2,6,3,0,7,Married,Yes,2019-02-22
EMP10190,49,Male,Bachelor's,Sales,Sales Representative,1,21729,Very High,22,0,0,0,No,Non-Travel,5,Medium,Low,Low,High,3,24,3,5,0,11,6,Married,No,2010-01-03
EMP10191,28,Female,PhD,Sales,Manager,2,8881,High,5,4,4,4,No,Travel_Rarely,25,Very High,Low,Very High,High,3,16,0,4,3,10,9,Married,No,2022-03-07
EMP10192,40,Male,PhD,It,Data Analyst,1,23512,Very High,6,0,0,0,No,Travel_Frequently,6,Very High,Medium,Medium,Very High,4,11,2,6,1,6,1,Single,No,2024-05-29
EMP10193,39,Male,Bachelor's,Marketing,Manager,1,25000,Very High,15,12,4,0,Yes,Travel_Rarely,6,Very High,Medium,Very High,Medium,3,20,0,0,4,0,14,Single,No,2010-05-17
EMP10194,38,Male,Master's,Human Resources,HR Executive,2,20849,Very High,15,12,1,5,No,Travel_Frequently,28,Very High,Very High,Very High,High,3,13,3,1,3,11,13,Married,No,2015-09-28
EMP10195,38,Female,Master's,Research & Development,Manager,2,17925,Very High,8,6,6,2,No,Travel_Rarely,29,Low,High,High,Medium,3,16,1,1,4,8,1,Married,No,2013-04-10
EMP10196,31,Female,PhD,Research & Development,Manager,2,20502,Very High,6,6,2,5,No,Travel_Rarely,2,Low,High,Very High,Very High,3,22,3,5,0,3,6,Married,No,2013-03-25
EMP10197,56,Male,Bachelor's,Finance,Financial Analyst,3,18643,Very High,28,8,1,2,Yes,Travel_Rarely,7,Low,High,Low,Very High,3,20,1,5,4,11,11,Single,No,2012-10-17
EMP10198,36,Male,Master's,It,Software Engineer,1,12009,High,14,9,9,1,Yes,Travel_Rarely,9,Medium,Medium,Low,Very High,3,24,0,4,2,2,4,Married,No,2015-05-19
EMP10199,56,Male,Master's,It,Data Analyst,3,15969,Very High,28,4,1,1,No,Travel_Rarely,15,High,Very High,Medium,Medium,4,15,0,5,3,3,5,Single,No,2014-12-10
EMP10200,58,Male,Bachelor's,It,Data Analyst,1,25000,Very High,39,2,2,2,No,Non-Travel,21,Very High,Very High,Medium,Medium,3,20,3,2,4,0,15,Divorced,No,2017-11-02
EMP10201,47,Male,Master's,Human Resources,HR Specialist,2,25000,Very High,17,1,1,1,No,Travel_Frequently,14,Medium,Medium,Medium,High,3,17,2,1,3,5,11,Married,No,2010-02-19
EMP10202,60,Male,Bachelor's,Sales,Manager,2,23757,Very High,33,2,1,2,No,Travel_Rarely,21,High,Very High,High,High,4,23,0,0,3,6,8,Married,No,2024-09-24
EMP10203,54,Male,Bachelor's,Sales,Sales Executive,4,14075,High,27,5,5,2,Yes,Travel_Frequently,28,Very High,Medium,Low,Low,3,25,1,4,2,6,19,Single,Yes,2023-05-03
EMP10204,37,Male,Bachelor's,It,IT Support,2,20299,Very High,13,1,1,1,No,Travel_Frequently,13,Medium,Low,High,Very High,3,22,1,2,0,4,11,Married,Yes,2025-03-04
EMP10205,33,Female,PhD,Human Resources,Manager,1,8269,High,6,1,1,1,No,Travel_Rarely,27,Low,Medium,Medium,Very High,4,15,2,3,4,9,9,Single,No,2012-03-15
EMP10206,54,Male,Bachelor's,Sales,Sales Representative,2,23868,Very High,23,3,3,1,No,Travel_Rarely,5,Medium,Very High,Low,Low,3,11,3,0,1,11,16,Married,No,2024-12-11
EMP10207,60,Male,Master's,Sales,Sales Representative,2,25000,Very High,32,1,1,1,No,Travel_Rarely,17,Medium,High,High,Medium,3,10,0,5,3,9,10,Married,No,2011-02-20
EMP10208,26,Male,Master's,Finance,Accountant,2,11346,High,7,4,0,1,No,Travel_Frequently,5,High,High,High,High,3,14,3,6,0,4,17,Married,No,2024-09-17
EMP10209,60,Male,Bachelor's,Sales,Sales Executive,1,16921,Very High,31,13,4,2,No,Travel_Frequently,26,Medium,Medium,High,Medium,4,25,0,2,1,5,3,Married,No,2019-07-31
EMP10210,32,Female,Bachelor's,Sales,Sales Executive,2,25000,Very High,8,7,1,1,No,Travel_Rarely,24,Low,Low,Very High,Medium,4,20,3,4,3,9,2,Single,No,2017-03-11
EMP10211,37,Female,Master's,Research & Development,Laboratory Technician,1,25000,Very High,12,5,1,2,No,Travel_Rarely,3,Very High,Very High,High,High,3,19,2,6,1,11,18,Single,No,2014-06-27
EMP10212,56,Male,PhD,Finance,Accountant,3,18003,Very High,26,4,2,1,Yes,Travel_Frequently,9,High,Medium,High,Very High,3,23,1,3,4,7,5,Single,No,2012-03-05
EMP10213,32,Female,Bachelor's,Finance,Accountant,2,16131,Very High,0,0,0,0,No,Non-Travel,9,Medium,Low,Medium,Very High,3,21,3,5,4,8,7,Married,No,2015-07-15
EMP10214,55,Female,Bachelor's,Sales,Sales Executive,1,9081,High,29,1,1,1,No,Travel_Frequently,22,Very High,Medium,Medium,Low,4,19,3,5,3,5,6,Single,No,2011-07-17
EMP10215,50,Male,High School,Finance,Accountant,4,23076,Very High,28,11,6,0,No,Travel_Rarely,4,Low,Medium,High,Very High,3,18,0,0,3,2,14,Divorced,No,2017-06-28
EMP10216,21,Male,Bachelor's,Sales,Manager,2,25000,Very High,0,0,0,0,Yes,Travel_Rarely,20,Medium,High,High,High,4,11,3,1,4,5,11,Divorced,No,2021-11-17
EMP10217,35,Female,Bachelor's,Research & Development,Laboratory Technician,1,24955,Very High,4,0,0,0,No,Travel_Rarely,11,High,High,High,Medium,3,16,3,1,0,3,14,Divorced,No,2016-02-07
EMP10218,28,Male,Bachelor's,Finance,Accountant,1,21807,Very High,6,6,6,5,Yes,Travel_Rarely,17,Medium,High,High,High,3,18,2,0,1,3,8,Divorced,No,2025-12-30
EMP10219,28,Male,Bachelor's,Human Resources,Manager,2,25000,Very High,0,0,0,0,Yes,Travel_Frequently,14,High,Medium,High,Very High,3,13,3,1,3,10,1,Single,Yes,2024-12-22
EMP10220,57,Male,Bachelor's,It,Data Analyst,2,21917,Very High,25,2,1,2,No,Travel_Rarely,10,Medium,Low,Low,Medium,3,13,2,4,3,10,19,Married,No,2024-02-24
EMP10221,30,Female,Master's,Finance,Financial Analyst,4,15278,Very High,9,0,0,0,No,Travel_Frequently,5,Low,Medium,Medium,Medium,3,19,2,0,2,6,14,Single,Yes,2019-01-17
EMP10222,41,Female,PhD,Research & Development,Research Scientist,1,25000,Very High,11,1,1,1,No,Travel_Rarely,21,High,High,High,High,4,14,2,0,1,5,17,Married,No,2012-02-17
EMP10223,52,Female,Bachelor's,Sales,Sales Representative,1,24382,Very High,22,1,1,0,No,Travel_Frequently,15,Medium,Medium,High,Low,3,22,0,6,4,7,12,Single,No,2022-11-15
EMP10224,55,Female,Master's,Research & Development,Research Scientist,4,22202,Very High,28,0,0,0,No,Travel_Rarely,28,High,Medium,Low,Very High,4,22,2,5,3,10,15,Single,No,2018-05-14
EMP10225,42,Female,Bachelor's,Sales,Sales Executive,4,14201,High,21,5,1,1,Yes,Travel_Rarely,17,High,Low,Very High,High,3,23,0,1,3,7,14,Married,No,2019-02-09
EMP10226,53,Female,Master's,Sales,Sales Executive,1,25000,Very High,31,9,4,2,No,Travel_Rarely,16,Very High,High,Very High,Very High,3,15,1,5,4,2,10,Married,No,2010-03-27
EMP10227,28,Female,Master's,Marketing,Marketing Executive,3,25000,Very High,0,0,0,0,No,Travel_Rarely,1,High,High,High,Medium,3,21,2,0,1,10,2,Married,No,2021-06-22
EMP10228,43,Female,Master's,Research & Development,Laboratory Technician,1,17175,Very High,15,10,1,2,No,Non-Travel,10,Medium,Medium,Low,Very High,4,16,3,3,0,3,9,Married,No,2010-02-15
EMP10229,27,Male,High School,It,Data Analyst,3,25000,Very High,5,1,1,1,Yes,Travel_Rarely,12,High,High,High,High,3,18,2,0,4,1,16,Married,No,2015-09-15
EMP10230,26,Female,Master's,Human Resources,Manager,3,17608,Very High,0,0,0,0,Yes,Travel_Rarely,18,High,Medium,Medium,Medium,3,15,1,1,0,0,7,Single,No,2010-01-10
EMP10231,55,Female,Bachelor's,It,Data Analyst,1,15492,Very High,31,1,1,0,No,Travel_Frequently,1,High,High,High,Very High,3,23,2,1,3,6,4,Single,No,2019-01-29
EMP10232,37,Female,Bachelor's,Research & Development,Laboratory Technician,1,15649,Very High,11,5,1,2,No,Travel_Frequently,29,High,Very High,Low,High,3,12,0,1,0,7,20,Married,No,2018-01-18
EMP10233,22,Female,Bachelor's,Human Resources,HR Executive,1,9927,High,0,0,0,0,No,Travel_Rarely,15,High,Medium,High,Medium,3,11,1,1,0,11,7,Single,No,2012-11-16
EMP10234,47,Female,Master's,Research & Development,Laboratory Technician,1,25000,Very High,19,5,4,0,No,Non-Travel,28,Medium,Very High,High,Medium,3,15,1,6,4,7,14,Single,No,2011-08-14
EMP10235,25,Female,Master's,Sales,Sales Representative,1,9662,High,1,1,1,0,Yes,Travel_Rarely,12,High,High,Very High,Medium,3,23,0,4,3,5,10,Single,No,2025-02-13
EMP10236,40,Male,High School,Finance,Finance Manager,3,12673,High,21,4,3,2,No,Travel_Rarely,20,Medium,Low,High,Very High,3,18,0,6,1,6,8,Divorced,No,2020-03-11
EMP10237,47,Male,Bachelor's,Sales,Manager,1,8656,High,19,5,0,1,Yes,Travel_Rarely,6,Medium,High,Very High,Very High,3,12,3,1,2,7,1,Single,Yes,2010-02-01
EMP10238,59,Male,Bachelor's,Sales,Sales Executive,2,21190,Very High,28,14,4,6,No,Travel_Rarely,8,High,High,Very High,Medium,3,13,1,3,0,3,6,Single,No,2020-03-20
EMP10239,20,Male,Bachelor's,Human Resources,Manager,3,20586,Very High,0,0,0,0,No,Travel_Rarely,14,Medium,Very High,High,High,3,12,2,0,3,7,15,Single,No,2021-05-04
EMP10240,55,Male,Master's,Sales,Sales Representative,2,19015,Very High,33,2,2,0,No,Travel_Rarely,5,Low,Medium,High,Medium,3,16,0,2,2,5,6,Single,No,2011-07-26
EMP10241,40,Male,Bachelor's,Marketing,Marketing Specialist,2,13778,High,25,6,1,2,No,Travel_Rarely,22,Low,High,Medium,High,3,13,3,2,1,11,3,Married,No,2025-04-14
EMP10242,54,Male,Bachelor's,Marketing,Manager,1,12997,High,35,5,3,5,No,Travel_Frequently,4,High,Very High,High,Medium,3,21,0,4,2,6,4,Divorced,No,2010-01-17
EMP10243,32,Female,Bachelor's,Marketing,Manager,2,25000,Very High,8,1,1,1,No,Travel_Rarely,22,Medium,Medium,Low,Medium,3,23,0,2,1,9,13,Married,No,2021-09-20
EMP10244,29,Male,Master's,Research & Development,Research Director,1,17193,Very High,4,2,2,1,Yes,Non-Travel,16,High,High,Low,High,3,15,3,1,2,6,6,Single,No,2017-10-05
EMP10245,29,Female,Bachelor's,Sales,Sales Executive,3,25000,Very High,0,0,0,0,No,Travel_Frequently,6,Medium,High,Very High,Very High,3,15,1,2,1,7,12,Married,Yes,2014-03-21
EMP10246,32,Female,PhD,Marketing,Manager,1,14789,High,8,3,0,2,No,Travel_Rarely,3,Medium,High,Very High,High,3,18,2,6,0,10,17,Single,No,2017-03-26
EMP10247,56,Male,Bachelor's,Research & Development,Research Scientist,2,23896,Very High,34,1,1,1,No,Travel_Rarely,4,Medium,Very High,Medium,Very High,3,14,0,3,2,4,9,Single,No,2021-01-31
EMP10248,57,Male,Master's,Marketing,Marketing Executive,2,25000,Very High,33,13,3,3,Yes,Travel_Rarely,22,High,High,High,Very High,3,16,1,5,1,1,1,Married,No,2012-12-14
EMP10249,43,Female,Bachelor's,Marketing,Manager,2,25000,Very High,14,7,2,3,No,Travel_Frequently,8,Medium,Medium,High,High,3,22,3,1,3,7,12,Single,Yes,2013-10-17
EMP10250,21,Female,Bachelor's,It,Manager,1,18296,Very High,0,0,0,0,No,Travel_Rarely,29,Very High,High,High,Medium,3,10,3,2,4,0,1,Single,No,2024-01-26
EMP10251,41,Male,Bachelor's,Sales,Sales Representative,1,24729,Very High,15,6,1,0,Yes,Travel_Rarely,30,Very High,Medium,Medium,High,3,17,3,1,2,1,14,Married,No,2018-02-22
EMP10252,36,Male,Bachelor's,Research & Development,Laboratory Technician,3,19766,Very High,4,4,3,4,No,Non-Travel,14,High,Medium,High,Medium,3,11,1,4,2,4,4,Single,No,2010-05-11
EMP10253,55,Male,Bachelor's,It,Software Engineer,1,22105,Very High,25,1,1,1,No,Travel_Rarely,7,Very High,High,Medium,Medium,4,13,2,3,2,3,10,Single,No,2016-12-20
EMP10254,33,Male,Bachelor's,Research & Development,Research Scientist,1,19024,Very High,9,1,1,1,Yes,Travel_Rarely,4,Medium,Low,Low,High,3,19,1,0,2,11,5,Single,No,2016-08-20
EMP10255,29,Male,High School,Sales,Sales Executive,2,20456,Very High,4,4,4,1,Yes,Travel_Rarely,30,High,Low,High,Very High,3,16,1,5,4,10,18,Single,No,2022-12-24
EMP10256,54,Male,Bachelor's,Research & Development,Laboratory Technician,3,24232,Very High,27,8,3,3,No,Travel_Frequently,19,High,Low,Very High,High,3,21,3,1,2,1,14,Divorced,No,2018-08-02
EMP10257,44,Female,Master's,Marketing,Marketing Executive,2,14087,High,19,0,0,0,Yes,Travel_Frequently,11,High,High,Very High,High,3,15,0,3,0,3,3,Married,No,2022-07-11
EMP10258,22,Female,Master's,Finance,Financial Analyst,2,13945,High,0,0,0,0,No,Travel_Rarely,15,Very High,Medium,High,Medium,4,13,0,4,0,6,6,Single,No,2013-09-03
EMP10259,57,Female,Bachelor's,Human Resources,HR Specialist,2,11792,High,31,3,1,3,Yes,Travel_Rarely,24,High,High,Medium,High,3,17,3,4,3,4,16,Single,No,2023-07-17
EMP10260,36,Female,Bachelor's,Sales,Manager,1,10720,High,11,2,2,2,Yes,Travel_Frequently,16,Very High,Medium,High,High,4,23,0,3,4,3,9,Married,No,2022-07-04
EMP10261,31,Female,High School,Human Resources,HR Specialist,2,12736,High,9,2,2,1,No,Travel_Frequently,6,Medium,Medium,Very High,High,3,22,3,2,3,1,16,Married,Yes,2012-03-04
EMP10262,43,Female,Bachelor's,Marketing,Manager,3,23665,Very High,22,1,1,1,No,Travel_Frequently,12,High,Medium,Medium,High,4,25,1,3,0,1,10,Single,No,2020-06-03
EMP10263,48,Male,Master's,Sales,Manager,5,14739,High,22,8,1,3,No,Travel_Rarely,8,High,Medium,Very High,Very High,3,24,3,6,2,0,20,Married,No,2019-09-15
EMP10264,44,Male,Master's,Research & Development,Research Scientist,1,25000,Very High,24,16,1,1,No,Non-Travel,25,High,High,Low,High,3,22,2,2,2,9,15,Divorced,No,2019-11-25
EMP10265,55,Female,Bachelor's,It,Manager,2,22373,Very High,28,3,3,3,No,Travel_Rarely,25,Medium,Low,High,Low,3,21,2,2,1,5,6,Married,No,2021-03-14
EMP10266,45,Female,Bachelor's,Finance,Financial Analyst,2,9083,High,23,15,6,2,Yes,Travel_Rarely,10,High,High,Low,High,4,16,2,3,4,5,7,Married,No,2016-12-09
EMP10267,57,Male,Master's,Finance,Accountant,1,25000,Very High,31,9,2,3,No,Travel_Rarely,11,Very High,High,High,High,3,24,1,4,1,3,15,Married,No,2017-10-27
EMP10268,20,Male,Bachelor's,Finance,Financial Analyst,2,25000,Very High,0,0,0,0,No,Travel_Rarely,9,Medium,Medium,Low,Very High,3,15,0,0,4,8,15,Married,No,2024-01-03
EMP10269,39,Female,Bachelor's,Research & Development,Research Director,1,14084,High,10,6,6,2,No,Travel_Frequently,26,High,Low,Medium,Medium,3,14,1,0,4,3,3,Single,No,2011-10-16
EMP10270,47,Male,Master's,Sales,Sales Executive,2,25000,Very High,26,3,2,3,No,Travel_Rarely,17,Medium,High,High,High,4,14,0,3,2,2,6,Married,No,2025-11-25
EMP10271,35,Male,Bachelor's,It,Manager,1,14982,High,7,4,2,1,No,Travel_Frequently,28,Very High,High,High,High,4,23,1,1,2,10,16,Married,No,2022-03-01
EMP10272,36,Female,Bachelor's,It,Manager,2,23016,Very High,14,0,0,0,No,Travel_Rarely,14,Medium,High,Very High,High,3,25,1,3,3,9,2,Divorced,No,2019-09-12
EMP10273,59,Male,Master's,It,IT Support,2,12469,High,35,6,1,6,Yes,Travel_Rarely,3,Medium,Medium,Medium,High,4,25,2,0,0,8,16,Single,No,2024-10-27
EMP10274,47,Female,Bachelor's,Marketing,Manager,2,9829,High,21,0,0,0,Yes,Travel_Rarely,9,Medium,High,Very High,High,3,20,1,5,0,0,10,Divorced,No,2020-11-18
EMP10275,31,Female,Master's,Research & Development,Research Director,2,18541,Very High,8,8,3,1,No,Travel_Rarely,20,High,Medium,Low,Very High,4,24,2,3,2,1,7,Married,No,2018-07-02
EMP10276,46,Male,Bachelor's,Research & Development,Research Scientist,1,20834,Very High,23,9,2,1,No,Travel_Rarely,26,Low,Low,High,Medium,4,16,1,5,0,0,18,Single,No,2016-08-07
EMP10277,49,Male,Master's,It,IT Support,2,18417,Very High,26,1,1,1,Yes,Travel_Rarely,28,High,Low,Very High,Medium,3,20,3,5,4,6,6,Married,No,2024-01-31
EMP10278,60,Male,Master's,Human Resources,HR Executive,3,12928,High,37,2,1,0,No,Travel_Rarely,18,Very High,Medium,High,High,3,15,2,6,0,11,17,Single,No,2019-11-19
EMP10279,53,Male,Bachelor's,Finance,Finance Manager,1,18399,Very High,24,3,3,2,No,Travel_Rarely,17,Very High,High,Very High,Medium,3,13,3,5,3,0,20,Single,No,2021-05-08
EMP10280,56,Female,Master's,It,Manager,2,24864,Very High,28,5,1,0,Yes,Travel_Frequently,30,Low,Medium,High,High,3,16,1,4,0,10,14,Married,Yes,2011-11-13
EMP10281,25,Male,Master's,It,Software Engineer,2,21586,Very High,0,0,0,0,No,Travel_Rarely,5,Very High,High,High,Medium,3,14,1,0,0,10,18,Married,No,2013-01-23
EMP10282,26,Male,Bachelor's,Research & Development,Manager,2,23912,Very High,1,1,0,0,Yes,Travel_Rarely,30,High,Medium,High,Medium,3,16,3,0,3,0,2,Single,No,2021-10-24
EMP10283,51,Male,Master's,Research & Development,Research Director,2,16292,Very High,18,2,1,2,Yes,Travel_Rarely,20,Low,Medium,Very High,Medium,3,16,0,0,3,5,15,Divorced,No,2022-04-04
EMP10284,51,Male,Master's,Sales,Sales Representative,2,25000,Very High,23,0,0,0,Yes,Non-Travel,21,Low,Very High,Very High,Very High,3,25,0,4,2,5,14,Single,No,2023-01-01
EMP10285,44,Male,Bachelor's,Human Resources,HR Specialist,1,12974,High,22,0,0,0,No,Travel_Rarely,27,Low,High,High,Very High,4,20,0,0,3,10,4,Married,No,2018-02-22
EMP10286,52,Female,Bachelor's,Sales,Sales Executive,2,25000,Very High,22,1,1,1,Yes,Travel_Rarely,21,High,High,Medium,Very High,3,11,1,1,2,11,13,Single,No,2013-07-26
EMP10287,26,Male,Bachelor's,Research & Development,Laboratory Technician,2,25000,Very High,3,3,3,0,No,Travel_Frequently,24,Low,Medium,Medium,High,3,21,0,0,4,4,1,Single,No,2024-06-20
EMP10288,31,Male,Bachelor's,Research & Development,Research Scientist,1,25000,Very High,6,6,2,1,No,Travel_Rarely,6,Medium,Low,High,High,4,13,0,3,1,3,3,Married,No,2015-03-16
EMP10289,35,Male,Bachelor's,Sales,Sales Representative,2,20108,Very High,7,3,1,2,No,Travel_Rarely,3,High,Medium,Medium,Low,3,24,1,1,0,7,19,Married,No,2012-12-18
EMP10290,35,Female,Bachelor's,Human Resources,HR Executive,2,17366,Very High,8,4,1,3,Yes,Non-Travel,16,High,Very High,High,Medium,3,19,1,2,3,2,12,Married,No,2011-03-18
EMP10291,55,Male,High School,Sales,Sales Executive,3,25000,Very High,26,1,1,0,No,Travel_Rarely,15,High,Medium,Very High,Very High,4,13,0,0,0,0,15,Divorced,No,2020-07-22
EMP10292,32,Female,Bachelor's,Sales,Sales Executive,1,11610,High,3,3,1,3,Yes,Travel_Rarely,25,High,High,High,High,3,22,0,6,4,0,11,Married,No,2015-01-05
EMP10293,26,Female,Bachelor's,It,Manager,5,14235,High,0,0,0,0,No,Travel_Rarely,8,Low,Very High,High,Very High,3,16,3,2,1,4,4,Married,No,2020-05-11
EMP10294,55,Female,Bachelor's,Research & Development,Research Director,2,18418,Very High,18,5,5,2,No,Travel_Frequently,9,Very High,Very High,Low,High,3,17,1,2,3,2,20,Single,No,2017-03-26
EMP10295,28,Male,Bachelor's,Sales,Sales Representative,2,25000,Very High,1,1,1,1,Yes,Travel_Rarely,4,Medium,Very High,High,Medium,4,20,1,4,2,2,11,Single,No,2016-04-16
EMP10296,51,Female,Master's,Research & Development,Research Director,1,25000,Very High,20,1,1,1,No,Travel_Rarely,13,High,High,High,Medium,3,10,3,3,2,10,7,Married,No,2015-02-26
EMP10297,30,Female,High School,It,Data Analyst,2,14248,High,2,2,1,2,Yes,Travel_Rarely,24,High,Low,Medium,Very High,3,16,2,5,3,1,4,Married,Yes,2014-12-06
EMP10298,27,Female,High School,Sales,Manager,4,19156,Very High,0,0,0,0,Yes,Travel_Frequently,27,Low,Very High,High,Medium,3,20,2,3,3,8,2,Single,No,2018-08-30
EMP10299,52,Male,High School,Human Resources,Manager,2,16707,Very High,21,2,2,1,No,Travel_Rarely,3,Very High,Very High,Low,Medium,3,15,1,2,4,10,12,Divorced,No,2019-03-04
EMP10300,42,Female,Bachelor's,Sales,Sales Representative,2,16004,Very High,17,1,1,1,No,Travel_Rarely,21,Medium,High,Medium,Medium,3,19,1,4,1,5,3,Married,No,2022-10-27
EMP10301,44,Female,High School,Sales,Sales Representative,2,25000,Very High,21,2,1,0,Yes,Travel_Rarely,30,Low,Low,High,High,3,10,0,1,3,6,20,Married,No,2023-09-23
EMP10302,27,Male,Master's,Research & Development,Research Director,2,11881,High,0,0,0,0,Yes,Travel_Rarely,7,Very High,High,Medium,Medium,4,23,2,6,2,1,7,Single,No,2012-10-05
EMP10303,41,Male,Bachelor's,Research & Development,Laboratory Technician,1,25000,Very High,9,2,2,2,Yes,Travel_Frequently,16,High,Medium,Very High,Low,3,25,0,0,1,10,3,Married,No,2012-11-03
EMP10304,23,Female,PhD,Human Resources,HR Specialist,3,25000,Very High,0,0,0,0,No,Travel_Rarely,17,High,Medium,High,High,3,23,2,5,3,0,6,Married,No,2023-03-16
EMP10305,59,Male,Bachelor's,Finance,Financial Analyst,2,25000,Very High,38,2,2,2,No,Travel_Frequently,30,High,High,High,Low,4,17,3,1,1,7,2,Married,Yes,2023-11-06
EMP10306,22,Female,Bachelor's,Marketing,Marketing Specialist,1,17884,Very High,1,1,1,1,Yes,Travel_Rarely,17,High,High,Medium,High,3,14,0,0,4,9,3,Married,Yes,2013-01-07
EMP10307,48,Male,Master's,Research & Development,Manager,2,20589,Very High,26,13,6,6,Yes,Travel_Frequently,19,Low,High,High,Medium,3,22,3,2,3,3,7,Single,No,2011-03-10
EMP10308,60,Male,Master's,Research & Development,Research Director,3,11557,High,31,3,3,2,No,Travel_Rarely,20,Medium,High,High,High,3,16,3,4,3,8,12,Married,No,2020-03-05
EMP10309,48,Female,Master's,It,IT Support,3,17394,Very High,25,1,1,1,No,Travel_Rarely,17,Medium,High,High,High,3,17,2,6,1,11,12,Single,No,2011-04-22
EMP10310,53,Male,PhD,Sales,Manager,1,25000,Very High,32,2,2,0,No,Non-Travel,24,Low,Very High,Medium,Medium,3,16,1,4,3,8,8,Married,No,2017-08-16
EMP10311,53,Female,Bachelor's,Research & Development,Laboratory Technician,4,25000,Very High,27,10,3,3,No,Non-Travel,2,High,High,High,High,3,20,1,5,1,10,19,Married,No,2021-11-14
EMP10312,47,Female,Master's,Sales,Manager,1,13384,High,20,4,4,2,Yes,Travel_Rarely,27,Medium,High,Very High,Medium,3,24,3,5,1,11,19,Married,No,2020-10-08
EMP10313,32,Female,Bachelor's,Sales,Sales Representative,1,18686,Very High,8,3,1,2,No,Travel_Rarely,5,Medium,High,Medium,High,3,21,1,3,3,3,4,Married,No,2018-10-19
EMP10314,34,Female,Master's,Marketing,Marketing Specialist,1,20577,Very High,3,1,1,1,No,Travel_Rarely,16,Low,High,Very High,High,4,23,0,5,2,9,13,Married,No,2019-01-24
EMP10315,42,Female,Bachelor's,It,Manager,1,11753,High,16,3,0,1,No,Travel_Frequently,29,High,Very High,Medium,Very High,3,21,2,3,4,2,4,Divorced,No,2019-10-04
EMP10316,45,Male,Bachelor's,Finance,Finance Manager,1,25000,Very High,25,2,1,1,Yes,Travel_Rarely,30,High,Medium,Low,High,3,19,0,1,1,4,2,Single,No,2022-08-30
EMP10317,23,Female,Master's,Research & Development,Research Director,2,15902,Very High,5,5,3,4,No,Travel_Rarely,22,Medium,Medium,Medium,Medium,3,21,1,5,2,5,0,Married,No,2018-06-08
EMP10318,45,Male,Bachelor's,Sales,Sales Executive,2,20172,Very High,22,11,0,2,No,Travel_Rarely,11,High,Medium,Medium,High,3,22,3,3,1,9,9,Married,No,2011-01-19
EMP10319,59,Male,Bachelor's,Sales,Manager,2,17973,Very High,37,0,0,0,No,Non-Travel,22,Medium,High,Medium,High,3,10,2,0,2,3,14,Married,No,2012-05-16
EMP10320,28,Male,Bachelor's,Sales,Sales Representative,2,15441,Very High,7,4,4,2,No,Travel_Rarely,6,High,Very High,Low,Very High,3,15,3,4,3,0,16,Single,No,2012-05-12
EMP10321,24,Female,Master's,Research & Development,Research Director,3,21957,Very High,0,0,0,0,No,Travel_Rarely,11,Low,Medium,Medium,Medium,4,20,2,4,4,6,11,Married,No,2010-09-25
EMP10322,51,Male,Master's,Finance,Finance Manager,1,19990,Very High,27,3,1,3,No,Travel_Rarely,1,Medium,Low,Medium,Medium,3,24,0,2,2,4,13,Single,No,2025-10-02
EMP10323,39,Male,Master's,Finance,Finance Manager,2,18633,Very High,14,10,4,0,No,Travel_Rarely,19,High,High,Low,Very High,3,20,1,2,0,1,3,Married,No,
EMP10324,30,Female,Master's,Sales,Sales Executive,2,15870,Very High,7,4,4,3,No,Travel_Rarely,3,Very High,Very High,Medium,High,3,20,0,5,1,10,10,Single,No,2013-09-07
EMP10325,34,Male,Bachelor's,Marketing,Marketing Specialist,4,25000,Very High,8,2,0,2,Yes,Non-Travel,8,Medium,Medium,Very High,High,3,21,3,5,2,8,14,Single,No,2025-02-09
EMP10326,51,Female,High School,Finance,Finance Manager,1,25000,Very High,24,1,1,1,No,Travel_Frequently,22,High,High,Very High,High,3,10,0,1,4,7,13,Single,Yes,2019-07-22
EMP10327,47,Female,Bachelor's,Research & Development,Laboratory Technician,1,23458,Very High,19,8,8,7,No,Travel_Rarely,18,High,Medium,Very High,Medium,3,13,1,6,4,9,17,Single,No,2019-11-30
EMP10328,41,Male,Bachelor's,Human Resources,HR Executive,2,25000,Very High,8,5,1,2,No,Travel_Frequently,15,Very High,Very High,Low,High,4,13,1,2,4,6,8,Divorced,Yes,2025-01-21
EMP10329,60,Male,Bachelor's,Research & Development,Research Director,3,11783,High,31,3,3,1,No,Travel_Rarely,30,Medium,High,Low,High,4,17,0,0,2,8,14,Single,No,2012-09-16
EMP10330,36,Female,Bachelor's,Sales,Sales Executive,1,23647,Very High,17,1,1,0,No,Travel_Rarely,1,Medium,High,Low,Very High,4,15,2,6,2,9,20,Single,No,2025-05-14
EMP10331,45,Male,Bachelor's,Research & Development,Research Director,2,13443,High,21,2,0,1,No,Non-Travel,20,Very High,Low,Medium,Low,3,22,1,3,3,1,2,Single,No,2024-12-15
EMP10332,26,Male,Master's,It,IT Support,1,11332,High,0,0,0,0,Yes,Travel_Rarely,17,Low,High,Very High,High,3,23,1,3,0,2,19,Divorced,No,2022-10-23
EMP10333,45,Male,Bachelor's,Sales,Manager,4,15792,Very High,22,4,1,4,No,Travel_Rarely,5,Low,Medium,Very High,Low,3,16,1,1,2,8,12,Single,Yes,2022-08-30
EMP10334,44,Male,Master's,Sales,Manager,1,25000,Very High,21,3,1,3,Yes,Non-Travel,12,Low,High,Medium,Very High,3,22,1,3,3,5,1,Single,No,2020-12-03
EMP10335,29,Male,Master's,Sales,Manager,1,25000,Very High,6,4,2,2,No,Travel_Rarely,11,High,High,Medium,High,3,23,2,4,1,1,14,Single,No,2019-01-03
EMP10336,38,Male,Master's,Sales,Manager,1,24572,Very High,6,6,2,1,Yes,Travel_Frequently,24,Low,High,Very High,High,4,23,2,3,0,5,13,Married,No,2014-12-19
EMP10337,30,Female,PhD,It,IT Support,2,11051,High,9,2,2,0,Yes,Non-Travel,26,Very High,High,High,High,3,21,3,2,4,4,6,Divorced,No,2019-03-22
EMP10338,32,Male,Bachelor's,Finance,Financial Analyst,1,20164,Very High,11,1,0,1,No,Travel_Rarely,18,Medium,Medium,Medium,Very High,3,23,3,4,0,9,3,Divorced,No,2020-06-17
EMP10339,27,Female,Master's,Research & Development,Research Director,3,25000,Very High,7,4,4,4,No,Travel_Rarely,8,Low,Medium,Low,Very High,3,19,3,2,1,4,3,Divorced,No,2012-07-06
EMP10340,59,Male,Master's,Sales,Sales Representative,4,23837,Very High,31,5,2,1,No,Travel_Rarely,29,Medium,High,High,Medium,4,16,0,6,2,4,9,Single,Yes,2018-09-11
EMP10341,23,Male,Bachelor's,Sales,Laboratory Technician,1,9607,High,0,0,0,0,Yes,Travel_Rarely,24,Medium,High,Low,High,3,16,0,2,2,1,20,Married,No,2024-05-19
EMP10342,50,Female,Master's,Research & Development,Laboratory Technician,2,14755,High,21,11,5,1,No,Travel_Rarely,22,High,Medium,Very High,High,3,19,3,1,3,5,18,Married,No,2017-01-12
EMP10343,47,Female,Bachelor's,Sales,Sales Representative,1,21400,Very High,22,2,1,1,No,Travel_Frequently,24,High,Low,Medium,Medium,3,11,1,6,2,6,12,Married,No,2021-12-20
EMP10344,30,Female,Master's,Research & Development,Research Director,2,25000,Very High,4,0,0,0,Yes,Travel_Rarely,13,Medium,High,Medium,Very High,3,15,3,1,2,8,5,Married,No,2021-07-20
EMP10345,20,Female,High School,Research & Development,Research Scientist,1,8199,High,0,0,0,0,No,Travel_Rarely,2,Low,Medium,Medium,Medium,4,17,0,4,0,4,7,Single,Yes,2022-06-29
EMP10346,57,Female,PhD,Human Resources,HR Specialist,1,20477,Very High,35,3,3,0,No,Travel_Rarely,23,High,Very High,Low,Low,3,17,2,6,1,10,9,Single,No,2013-10-03
EMP10347,43,Male,Master's,Human Resources,HR Executive,2,23491,Very High,15,5,0,0,Yes,Travel_Rarely,16,High,High,High,Medium,4,13,1,3,4,10,16,Married,No,2020-02-26
EMP10348,50,Female,Master's,Sales,Sales Executive,1,25000,Very High,24,5,4,0,Yes,Travel_Frequently,12,High,Very High,Medium,High,3,16,1,5,4,4,8,Married,No,2020-11-10
EMP10349,60,Female,Master's,Research & Development,Research Scientist,3,25000,Very High,34,4,0,1,No,Travel_Rarely,8,High,High,Medium,Very High,3,18,1,5,3,8,13,Single,No,2014-05-26
EMP10350,45,Female,Bachelor's,Human Resources,HR Specialist,2,25000,Very High,17,1,0,1,No,Travel_Frequently,4,Medium,High,High,High,3,25,0,0,1,5,19,Single,Yes,2018-03-30
EMP10351,24,Female,High School,Research & Development,Laboratory Technician,3,15368,Very High,0,0,0,0,No,Travel_Rarely,14,Very High,Medium,Low,Medium,3,17,1,3,0,6,4,Married,No,2021-09-09
EMP10352,39,Female,Master's,It,IT Support,4,9334,High,12,8,0,7,No,Travel_Rarely,9,Medium,High,Medium,Medium,3,11,1,4,4,3,2,Single,No,2015-03-02
EMP10353,60,Male,Bachelor's,Finance,Financial Analyst,4,18456,Very High,40,4,4,1,No,Travel_Rarely,11,Low,High,Medium,Very High,3,25,2,0,3,3,8,Married,No,2014-02-25
EMP10354,30,Female,Bachelor's,Sales,Sales Representative,2,25000,Very High,9,3,3,1,No,Travel_Rarely,16,High,High,Low,Low,3,22,1,2,2,0,11,Married,No,2017-11-19
EMP10355,52,Female,Bachelor's,Sales,Sales Representative,2,25000,Very High,23,1,1,1,Yes,Travel_Rarely,6,Very High,Medium,High,Very High,3,20,0,2,2,10,0,Married,No,2010-06-10
EMP10356,57,Female,Bachelor's,Human Resources,HR Executive,1,25000,Very High,38,0,0,0,No,Travel_Rarely,12,High,High,Medium,Very High,3,17,1,0,0,4,10,Married,No,2017-11-02
EMP10357,46,Female,Master's,Sales,Sales Representative,3,25000,Very High,25,2,1,0,No,Non-Travel,19,Medium,Medium,High,High,3,12,0,2,4,1,4,Married,No,2010-11-21
EMP10358,53,Male,Bachelor's,Human Resources,Manager,2,25000,Very High,31,2,1,1,No,Travel_Rarely,16,Medium,Low,High,Very High,3,13,2,3,2,4,18,Married,No,2011-09-30
EMP10359,34,Female,Master's,Marketing,Manager,4,17150,Very High,7,7,2,6,No,Non-Travel,13,Medium,Medium,High,Medium,3,12,2,1,3,4,3,Married,No,2010-10-12
EMP10360,51,Female,Master's,Human Resources,Manager,1,20774,Very High,26,8,1,3,No,Travel_Rarely,4,Very High,Medium,Very High,Very High,3,24,1,5,3,3,11,Married,Yes,2021-09-22
EMP10361,40,Female,Bachelor's,Research & Development,Research Director,1,25000,Very High,10,5,3,5,No,Travel_Rarely,12,Low,Very High,Medium,Medium,4,17,3,6,4,11,15,Single,No,2015-08-05
EMP10362,24,Male,Bachelor's,Human Resources,HR Executive,1,14412,High,2,2,2,0,No,Travel_Rarely,4,High,Low,High,High,3,13,2,3,0,9,15,Married,No,2019-11-19
EMP10363,25,Female,Bachelor's,Research & Development,Laboratory Technician,3,25000,Very High,6,1,1,1,No,Travel_Rarely,17,Medium,Medium,Very High,High,4,20,1,2,3,8,20,Divorced,No,2025-08-04
EMP10364,57,Male,PhD,Research & Development,Research Director,1,19055,Very High,31,19,8,1,No,Travel_Frequently,14,High,High,Very High,High,3,10,2,1,1,4,0,Divorced,No,2010-03-26
EMP10365,41,Female,Bachelor's,Marketing,Manager,2,25000,Very High,14,2,2,2,Yes,Travel_Rarely,29,Very High,Very High,High,Medium,3,18,2,3,3,5,2,Married,No,2012-01-08
EMP10366,37,Male,Bachelor's,Research & Development,Laboratory Technician,2,11695,High,14,1,1,1,No,Travel_Rarely,26,Medium,Medium,Medium,High,3,18,0,5,0,0,19,Married,No,2021-02-20
EMP10367,33,Female,Master's,Marketing,Marketing Executive,1,25000,Very High,7,3,0,3,Yes,Travel_Rarely,17,Medium,High,Low,High,3,10,3,2,3,11,14,Divorced,Yes,2023-02-06
EMP10368,29,Male,Bachelor's,Marketing,Manager,2,15811,Very High,0,0,0,0,No,Travel_Rarely,1,High,Medium,Medium,Very High,4,17,0,3,2,4,19,Single,No,2024-11-17
EMP10369,32,Male,PhD,Sales,Sales Representative,2,11651,High,4,4,4,1,No,Travel_Frequently,20,High,Medium,Very High,High,3,11,1,2,0,11,16,Single,No,2025-03-28
EMP10370,50,Female,Master's,Sales,Sales Representative,1,24303,Very High,22,0,0,0,No,Travel_Rarely,1,High,Medium,High,High,3,16,1,4,2,8,3,Single,No,2018-07-16
EMP10371,49,Male,Bachelor's,Sales,Manager,2,25000,Very High,24,11,1,0,Yes,Travel_Frequently,30,High,High,High,Very High,3,22,0,0,2,11,2,Divorced,No,2024-10-11
EMP10372,22,Female,Master's,Sales,Manager,4,15060,Very High,0,0,0,0,No,Travel_Rarely,22,Low,High,High,Very High,4,10,3,2,4,10,10,Single,No,2014-01-27
EMP10373,49,Female,High School,Sales,Sales Representative,5,11220,High,25,0,0,0,No,Non-Travel,30,High,Medium,Medium,High,3,15,3,5,0,5,0,Single,No,2019-05-30
EMP10374,25,Female,Master's,Finance,Finance Manager,2,21135,Very High,10,9,1,1,Yes,Travel_Rarely,2,Medium,Medium,Medium,Very High,3,19,3,3,2,8,4,Single,Yes,2011-12-05
EMP10375,48,Male,Master's,Sales,Manager,2,21177,Very High,19,10,1,2,No,Travel_Rarely,17,Very High,Low,Very High,High,3,21,2,6,4,11,3,Married,No,2021-09-09
EMP10376,27,Female,Bachelor's,Research & Development,Research Director,1,25000,Very High,4,4,4,2,No,Travel_Rarely,23,Medium,High,High,Medium,3,20,1,5,4,3,19,Married,No,2011-12-26
EMP10377,52,Male,Bachelor's,It,Manager,5,25000,Very High,35,4,2,4,No,Non-Travel,22,High,High,High,Very High,3,20,2,2,2,1,7,Single,No,2010-04-01
EMP10378,36,Female,Master's,Sales,Manager,1,21445,Very High,9,8,2,0,No,Travel_Rarely,1,Medium,High,Medium,High,3,19,0,2,2,8,10,Single,No,2014-11-05
EMP10379,30,Female,Unknown,It,Data Analyst,2,25000,Very High,0,0,0,0,No,Travel_Rarely,12,Medium,High,High,Medium,3,23,3,5,1,3,10,Married,No,2011-11-08
EMP10380,32,Male,Master's,Sales,Sales Executive,1,24365,Very High,7,7,7,3,No,Travel_Rarely,13,Medium,High,Low,Low,3,23,2,3,0,10,17,Married,No,2013-09-08
EMP10381,30,Male,High School,Sales,Sales Representative,1,18847,Very High,3,3,3,3,Yes,Travel_Rarely,14,High,Medium,Medium,High,3,17,3,3,4,1,9,Married,No,2016-02-06
EMP10382,50,Male,Bachelor's,Finance,Accountant,1,10666,High,27,17,2,1,Yes,Travel_Frequently,10,High,Medium,Medium,Very High,3,20,2,1,0,0,12,Divorced,No,2021-07-06
EMP10383,47,Female,Master's,Human Resources,HR Specialist,3,19571,Very High,27,27,0,6,No,Travel_Rarely,12,Very High,Medium,High,Medium,3,15,1,6,4,1,19,Married,No,2023-02-18
EMP10384,25,Male,Bachelor's,It,Data Analyst,2,18932,Very High,2,1,1,1,No,Travel_Rarely,25,Medium,Very High,Medium,High,3,18,3,5,3,4,15,Married,No,2016-07-02
EMP10385,60,Female,Master's,Finance,Financial Analyst,2,25000,Very High,35,9,1,1,Yes,Travel_Rarely,22,High,High,Medium,High,4,24,2,5,3,2,16,Single,No,2014-10-23
EMP10386,35,Female,Bachelor's,It,Manager,1,25000,Very High,6,3,0,2,Yes,Travel_Rarely,18,High,High,High,Medium,4,20,0,2,4,5,17,Single,No,2019-08-24
EMP10387,23,Female,Bachelor's,Sales,Sales Representative,3,12956,High,0,0,0,0,No,Travel_Frequently,7,Low,Medium,Very High,Medium,3,10,2,4,1,3,2,Single,No,2023-02-02
EMP10388,54,Female,Master's,Sales,Sales Executive,1,23802,Very High,31,5,0,2,No,Non-Travel,19,Medium,Medium,Low,Very High,4,18,0,0,3,1,0,Single,No,2011-11-12
EMP10389,45,Male,Bachelor's,It,IT Support,1,25000,Very High,18,0,0,0,Yes,Travel_Frequently,30,Medium,Medium,Medium,Medium,4,12,0,5,0,6,1,Married,No,2013-07-15
EMP10390,31,Female,Master's,It,Software Engineer,2,25000,Very High,10,4,0,1,No,Travel_Rarely,15,Medium,High,High,Medium,3,24,3,2,2,11,5,Single,No,2021-12-15
EMP10391,30,Female,Master's,Marketing,Manager,4,25000,Very High,12,10,2,7,Yes,Travel_Rarely,7,Medium,Medium,High,Medium,3,11,1,3,0,10,17,Married,Yes,2017-05-09
EMP10392,56,Female,PhD,Research & Development,Research Director,1,25000,Very High,34,1,1,1,No,Travel_Frequently,14,High,Very High,High,Medium,3,21,0,1,0,5,16,Single,No,2014-11-18
EMP10393,44,Male,Master's,Research & Development,Research Scientist,2,22630,Very High,24,3,3,3,No,Travel_Rarely,9,Medium,High,High,Medium,4,17,0,2,0,7,13,Married,No,2016-12-26
EMP10394,37,Male,High School,It,Data Analyst,2,25000,Very High,15,14,0,1,No,Travel_Rarely,5,High,Low,Low,Medium,4,19,1,4,4,9,16,Married,No,2016-05-08
EMP10395,38,Male,PhD,Research & Development,Manager,3,25000,Very High,17,3,2,2,No,Non-Travel,1,Very High,Medium,Very High,High,3,14,1,3,4,4,20,Single,No,2021-12-03
EMP10396,42,Male,Bachelor's,Marketing,Marketing Executive,1,12091,High,10,2,2,1,No,Travel_Rarely,16,High,Low,Very High,High,3,22,1,4,0,2,8,Married,No,2010-08-26
EMP10397,57,Male,High School,It,Software Engineer,2,18821,Very High,32,3,3,3,Yes,Travel_Rarely,5,High,Medium,High,Medium,3,10,0,4,2,3,18,Single,Yes,2022-04-30
EMP10398,37,Male,High School,Research & Development,Laboratory Technician,1,15558,Very High,12,4,4,4,Yes,Travel_Rarely,24,Low,Very High,Very High,High,3,10,1,5,1,4,1,Married,No,2010-10-31
EMP10399,45,Female,Bachelor's,It,Software Engineer,1,25000,Very High,25,5,0,0,No,Travel_Rarely,8,Very High,High,Low,Medium,3,11,0,0,1,4,2,Divorced,No,2014-06-15
EMP10400,25,Male,Master's,It,IT Support,1,25000,Very High,7,7,0,0,No,Travel_Rarely,19,Medium,Low,Medium,Very High,3,16,0,0,3,5,15,Married,Yes,2025-03-21
EMP10401,23,Female,Bachelor's,Sales,Unknown,5,16837,Very High,0,0,0,0,No,Non-Travel,20,High,Medium,Medium,Medium,3,11,0,5,3,8,15,Divorced,No,2013-06-07
EMP10402,48,Male,High School,Marketing,Marketing Specialist,1,7513,Medium,24,9,1,7,No,Travel_Rarely,12,Very High,Medium,Medium,Very High,3,18,1,2,2,3,0,Single,No,2016-06-08
EMP10403,53,Female,Bachelor's,Research & Development,Laboratory Technician,4,18297,Very High,27,4,2,2,No,Travel_Rarely,8,High,High,High,Medium,4,15,0,0,0,6,18,Married,No,2012-07-15
EMP10404,36,Female,Bachelor's,It,Data Analyst,1,25000,Very High,4,2,2,2,Yes,Travel_Frequently,8,High,High,High,High,3,13,3,2,4,6,17,Married,No,2015-06-22
EMP10405,35,Female,Master's,Research & Development,Laboratory Technician,4,25000,Very High,8,5,5,5,No,Travel_Rarely,23,Medium,Low,High,Medium,3,21,0,2,3,5,9,Single,No,2013-12-13
EMP10406,21,Female,Bachelor's,It,IT Support,2,25000,Very High,0,0,0,0,No,Travel_Rarely,6,Low,High,Medium,Medium,3,22,1,5,0,0,16,Married,No,2021-08-30
EMP10407,53,Male,Bachelor's,Research & Development,Manager,1,19419,Very High,33,4,4,3,No,Travel_Rarely,20,High,Low,High,High,3,23,1,6,1,8,0,Married,No,2023-09-25
EMP10408,27,Female,Bachelor's,Sales,Sales Executive,2,12387,High,0,0,0,0,No,Travel_Frequently,26,Low,High,Medium,High,3,13,0,3,2,5,4,Married,No,2016-07-29
EMP10409,32,Male,Bachelor's,Marketing,Marketing Specialist,1,25000,Very High,8,1,1,1,No,Travel_Rarely,29,High,Medium,Low,Very High,4,12,0,6,4,2,3,Married,No,2017-07-12
EMP10410,27,Male,Master's,Sales,Manager,2,15132,Very High,1,1,1,0,No,Travel_Rarely,9,Low,Low,High,High,3,18,0,3,4,10,18,Single,No,2017-10-06
EMP10411,49,Male,Bachelor's,Research & Development,Research Scientist,2,25000,Very High,22,2,2,2,No,Travel_Rarely,2,Very High,Medium,Low,Medium,3,11,3,1,3,1,20,Married,No,2023-11-10
EMP10412,51,Female,Bachelor's,Marketing,Marketing Specialist,2,25000,Very High,27,6,1,2,No,Travel_Rarely,18,Low,Low,Very High,Very High,3,18,1,6,0,11,6,Single,Yes,2020-05-03
EMP10413,55,Male,Bachelor's,Marketing,Marketing Executive,2,16962,Very High,23,0,0,0,No,Travel_Rarely,1,High,Medium,Medium,High,3,25,3,0,4,11,7,Single,No,2012-05-10
EMP10414,49,Female,Bachelor's,Sales,HR Executive,3,16729,Very High,23,7,1,3,No,Travel_Rarely,11,High,Very High,High,Medium,3,12,1,5,1,2,18,Single,No,2023-07-05
EMP10415,20,Male,PhD,Human Resources,HR Executive,1,21124,Very High,0,0,0,0,No,Travel_Rarely,15,Medium,Medium,High,Very High,4,13,2,1,1,10,7,Single,No,2023-10-21
EMP10416,58,Female,Bachelor's,Research & Development,Research Scientist,4,19776,Very High,26,2,2,2,No,Travel_Rarely,12,Medium,High,Medium,Very High,3,18,1,5,2,0,8,Single,No,2013-07-02
EMP10417,36,Female,Master's,Sales,Sales Executive,4,25000,Very High,14,4,1,2,No,Travel_Rarely,3,Medium,High,High,Low,3,12,0,4,2,2,18,Single,Yes,2025-07-25
EMP10418,39,Male,Master's,Research & Development,Laboratory Technician,1,23954,Very High,18,1,1,0,No,Travel_Rarely,19,Medium,Medium,Medium,Low,3,15,1,2,1,4,17,Divorced,No,2011-04-26
EMP10419,43,Male,High School,Finance,Financial Analyst,1,15847,Very High,21,11,2,3,No,Travel_Rarely,20,Medium,Medium,Medium,Low,3,21,1,6,1,3,13,Married,No,2025-09-19
EMP10420,41,Female,PhD,It,Software Engineer,2,25000,Very High,14,0,0,0,Yes,Non-Travel,19,Medium,Very High,High,High,3,24,2,2,0,9,17,Married,No,2015-05-26
EMP10421,48,Male,Master's,It,Data Analyst,2,22521,Very High,17,3,0,0,No,Travel_Frequently,10,High,Low,Very High,High,3,14,2,3,4,0,4,Single,No,2012-05-10
EMP10422,41,Male,Master's,It,Data Analyst,1,25000,Very High,9,9,2,2,No,Non-Travel,16,Medium,Very High,Very High,High,3,15,3,4,0,4,0,Single,No,2010-04-18
EMP10423,28,Female,Bachelor's,Sales,Sales Executive,1,16752,Very High,0,0,0,0,Yes,Travel_Rarely,6,Very High,Very High,High,High,3,14,3,2,2,2,5,Single,No,2025-12-08
EMP10424,56,Male,Bachelor's,Research & Development,Laboratory Technician,2,25000,Very High,33,2,1,0,No,Travel_Rarely,9,High,Very High,High,Medium,3,22,0,2,2,9,6,Married,No,2020-09-18
EMP10425,29,Male,Bachelor's,Sales,Manager,2,25000,Very High,10,3,2,3,No,Travel_Rarely,8,Medium,Medium,High,Medium,4,23,3,4,2,10,4,Married,No,2023-12-06
EMP10426,55,Male,High School,Research & Development,Research Director,1,9411,High,30,6,2,3,No,Travel_Rarely,22,Medium,High,High,Very High,3,20,3,4,4,6,7,Single,No,2015-07-05
EMP10427,56,Male,Master's,Research & Development,Research Scientist,4,25000,Very High,34,18,6,3,No,Travel_Rarely,16,Very High,High,Very High,Very High,3,12,2,2,3,9,5,Married,No,2015-09-08
EMP10428,47,Male,Master's,It,IT Support,2,25000,Very High,25,11,3,6,No,Travel_Rarely,8,Low,Low,High,Medium,3,11,0,4,2,10,0,Single,No,2015-12-03
EMP10429,47,Male,Bachelor's,Research & Development,Manager,2,18421,Very High,21,2,0,0,Yes,Travel_Rarely,24,High,High,Very High,Medium,4,19,0,0,2,7,11,Married,No,2011-07-01
EMP10430,40,Male,Master's,Sales,Sales Representative,2,13413,High,10,10,6,0,No,Travel_Rarely,26,High,Very High,Very High,Medium,3,22,3,4,0,4,4,Divorced,No,2017-11-02
EMP10431,43,Male,Master's,Sales,Manager,1,25000,Very High,16,0,0,0,Yes,Travel_Rarely,22,Low,Very High,Very High,Low,4,18,0,1,0,9,4,Single,Yes,2015-05-31
EMP10432,59,Female,Bachelor's,It,Data Analyst,2,22903,Very High,34,0,0,0,Yes,Travel_Rarely,18,High,Medium,Medium,Medium,3,13,0,1,3,7,14,Married,No,2017-05-10
EMP10433,21,Female,Bachelor's,Human Resources,Manager,1,25000,Very High,0,0,0,0,No,Travel_Rarely,5,Medium,Medium,Medium,Medium,3,19,2,2,3,5,16,Married,No,2020-08-21
EMP10434,27,Female,Bachelor's,Sales,Manager,1,24010,Very High,0,0,0,0,No,Travel_Rarely,20,Medium,Medium,High,Medium,4,21,3,2,3,5,4,Married,No,2015-10-20
EMP10435,46,Male,Master's,Sales,Manager,1,25000,Very High,24,0,0,0,No,Non-Travel,12,High,Medium,Low,High,3,15,0,3,3,4,18,Divorced,No,2011-01-29
EMP10436,41,Male,Master's,Finance,Financial Analyst,1,25000,Very High,10,1,1,1,No,Travel_Rarely,6,High,Medium,Medium,Very High,3,25,3,4,0,10,9,Single,No,2015-01-12
EMP10437,56,Female,High School,Sales,Sales Executive,2,25000,Very High,31,3,3,3,No,Travel_Rarely,2,Very High,High,Very High,Very High,3,18,3,6,2,9,2,Single,Yes,2017-04-10
EMP10438,46,Female,Bachelor's,It,Software Engineer,2,13734,High,18,7,7,1,No,Travel_Frequently,4,High,High,High,High,3,14,0,1,0,5,10,Single,Yes,2022-09-08
EMP10439,48,Male,Master's,Finance,Accountant,1,25000,Very High,18,5,2,1,No,Travel_Rarely,16,High,Very High,Medium,High,3,16,1,3,1,0,7,Single,No,2024-07-01
EMP10440,22,Male,Master's,Sales,Sales Executive,1,25000,Very High,0,0,0,0,Yes,Travel_Rarely,29,High,Medium,High,High,3,21,0,2,1,7,12,Single,Yes,2010-06-25
EMP10441,32,Male,Bachelor's,Sales,Manager,3,25000,Very High,11,3,0,3,Yes,Travel_Rarely,24,Low,High,Medium,Medium,3,23,1,6,2,4,5,Married,Yes,2023-01-18
EMP10442,29,Female,Bachelor's,Marketing,Marketing Specialist,1,13285,High,4,4,0,1,No,Travel_Rarely,14,High,High,High,High,3,25,2,5,3,7,2,Single,No,2021-10-29
EMP10443,55,Male,Master's,Research & Development,Manager,1,24570,Very High,32,8,2,2,Yes,Travel_Rarely,17,High,Very High,Very High,Medium,3,14,3,5,2,2,18,Single,No,2019-08-27
EMP10444,28,Female,Bachelor's,Research & Development,Laboratory Technician,2,8630,High,2,2,2,2,No,Travel_Rarely,19,Low,Very High,High,Low,3,24,1,0,1,9,6,Single,No,2011-04-29
EMP10445,46,Female,Bachelor's,It,Manager,3,25000,Very High,23,20,0,1,No,Travel_Rarely,4,High,High,Medium,High,3,21,3,4,2,5,1,Single,No,2021-07-22
EMP10446,53,Female,Master's,Marketing,Marketing Executive,3,17211,Very High,20,6,2,3,Yes,Travel_Frequently,18,Low,Very High,Medium,Medium,4,18,2,3,3,0,18,Married,No,2022-08-20
EMP10447,20,Female,High School,Marketing,Marketing Specialist,3,25000,Very High,0,0,0,0,No,Travel_Rarely,12,High,Medium,Medium,Very High,3,11,2,0,0,0,12,Married,No,2010-11-08
EMP10448,51,Male,Master's,It,IT Support,1,15544,Very High,26,0,0,0,Yes,Travel_Rarely,2,High,Very High,Low,Very High,3,12,1,6,3,3,10,Married,No,2024-10-19
EMP10449,44,Female,Bachelor's,Research & Development,Manager,3,10300,High,16,1,1,1,No,Travel_Rarely,6,Very High,High,High,Medium,3,14,2,6,0,11,8,Single,No,2023-03-19
EMP10450,48,Female,High School,Sales,Sales Representative,1,17817,Very High,25,7,4,0,No,Travel_Rarely,6,Medium,Medium,High,Low,3,11,3,6,1,9,18,Married,No,2024-08-11
EMP10451,26,Female,Bachelor's,It,Software Engineer,1,9055,High,0,0,0,0,No,Travel_Frequently,3,High,Very High,Medium,Low,3,21,2,5,4,5,18,Single,No,2025-02-27
EMP10452,22,Female,High School,Research & Development,Laboratory Technician,2,25000,Very High,0,0,0,0,Yes,Travel_Rarely,8,Medium,Medium,Medium,Very High,3,23,2,2,2,2,20,Single,No,2013-04-08
EMP10453,39,Female,High School,Research & Development,Manager,2,8697,High,10,0,0,0,No,Travel_Frequently,12,High,Very High,Medium,Medium,3,15,1,1,4,10,13,Married,No,2011-06-02
EMP10454,39,Male,Master's,Marketing,Marketing Executive,1,22310,Very High,17,13,5,2,Yes,Travel_Rarely,3,High,High,Very High,High,4,19,2,3,3,10,11,Married,No,2010-09-21
EMP10455,49,Male,Bachelor's,Sales,Manager,1,8647,High,24,2,2,1,No,Travel_Frequently,2,High,High,Medium,Low,3,12,0,3,0,11,0,Single,No,2023-07-08
EMP10456,54,Female,PhD,Research & Development,Research Director,3,19070,Very High,31,12,12,1,No,Travel_Rarely,21,High,Low,Medium,Medium,4,14,3,2,3,11,0,Married,No,2020-02-29
EMP10457,54,Male,Bachelor's,Sales,Sales Executive,3,25000,Very High,24,14,5,3,No,Travel_Rarely,29,Very High,Low,Low,High,3,14,1,2,3,4,16,Divorced,No,2022-10-27
EMP10458,58,Male,Bachelor's,Research & Development,Research Scientist,2,25000,Very High,28,0,0,0,No,Travel_Frequently,23,Low,Very High,High,High,3,19,0,1,1,9,3,Married,No,2010-08-04
EMP10459,46,Male,Unknown,Sales,Sales Representative,2,14934,High,17,3,1,2,No,Travel_Frequently,1,Medium,Medium,Medium,High,3,25,1,1,3,10,12,Single,No,2017-02-12
EMP10460,45,Female,Master's,Sales,Manager,3,21719,Very High,18,0,0,0,Yes,Travel_Rarely,18,High,Very High,High,High,3,17,0,1,2,3,10,Single,No,2017-07-06
EMP10461,33,Male,Bachelor's,Sales,Sales Representative,3,22206,Very High,16,12,3,2,No,Non-Travel,18,Medium,High,High,High,3,18,2,0,1,9,17,Single,No,2022-11-01
EMP10462,36,Female,Bachelor's,Human Resources,Manager,2,25000,Very High,11,4,3,0,No,Travel_Rarely,8,Medium,High,Low,High,3,13,0,0,4,11,11,Married,No,2014-12-14
EMP10463,37,Male,Master's,Finance,Finance Manager,1,11907,High,7,0,0,0,Yes,Travel_Rarely,26,High,High,Low,Very High,4,19,0,2,3,2,18,Divorced,No,2022-02-26
EMP10464,48,Male,Bachelor's,Human Resources,HR Specialist,1,25000,Very High,24,1,1,1,No,Travel_Rarely,22,Medium,Low,Very High,High,3,10,0,6,4,8,19,Single,No,2013-02-01
EMP10465,39,Male,High School,Marketing,Manager,2,6523,Medium,10,2,2,2,No,Travel_Frequently,14,Medium,Medium,High,High,3,14,3,6,2,3,0,Single,No,2016-12-30
EMP10466,46,Male,Bachelor's,Research & Development,Laboratory Technician,1,16590,Very High,16,14,5,2,No,Non-Travel,29,High,High,Medium,High,3,13,1,3,2,9,17,Divorced,No,2016-06-19
EMP10467,37,Female,Master's,Sales,Manager,1,17682,Very High,16,6,4,5,No,Travel_Rarely,13,Medium,Very High,Medium,Medium,3,14,2,0,2,6,1,Married,No,2015-06-05
EMP10468,23,Female,Bachelor's,It,Software Engineer,2,25000,Very High,0,0,0,0,No,Travel_Rarely,15,Low,High,Medium,Very High,3,20,2,2,4,4,10,Married,No,2010-12-13
EMP10469,20,Female,Master's,Sales,Sales Representative,1,22252,Very High,0,0,0,0,No,Travel_Rarely,15,Low,Medium,High,Medium,3,23,3,5,4,6,14,Married,No,2011-10-12
EMP10470,20,Male,Master's,Marketing,Manager,3,11702,High,0,0,0,0,No,Travel_Rarely,13,Very High,Very High,Very High,Medium,4,24,3,5,0,4,14,Single,No,2022-10-01
EMP10471,45,Male,Master's,Sales,Manager,1,14140,High,13,13,0,1,No,Travel_Rarely,4,Very High,High,High,High,3,18,3,0,1,2,5,Married,No,2017-06-10
EMP10472,39,Male,Bachelor's,Marketing,Marketing Specialist,2,24086,Very High,10,0,0,0,No,Travel_Rarely,4,High,High,Low,Medium,3,17,0,1,3,5,3,Single,No,2010-09-22
EMP10473,42,Male,PhD,Sales,Manager,3,21257,Very High,17,15,5,3,No,Travel_Rarely,5,Medium,High,High,High,3,20,3,5,1,8,11,Married,No,2018-11-20
EMP10474,29,Male,Bachelor's,It,IT Support,2,16973,Very High,0,0,0,0,No,Travel_Rarely,3,Very High,High,Very High,Medium,3,20,3,2,2,11,10,Divorced,No,2011-01-13
EMP10475,30,Female,Bachelor's,Research & Development,Laboratory Technician,2,17741,Very High,2,0,0,0,No,Travel_Rarely,12,High,High,Medium,Very High,3,20,0,5,3,5,7,Single,No,2018-01-20
EMP10476,60,Male,Bachelor's,Marketing,Marketing Executive,2,25000,Very High,36,6,2,6,Yes,Travel_Rarely,15,High,High,Very High,Very High,4,17,1,1,0,3,1,Single,No,2020-05-03
EMP10477,60,Male,Master's,Sales,Sales Executive,3,17449,Very High,37,20,4,7,No,Travel_Rarely,20,High,Medium,High,High,3,17,3,4,1,0,15,Divorced,No,2020-06-07
EMP10478,24,Female,High School,Research & Development,Research Scientist,5,21170,Very High,0,0,0,0,No,Travel_Rarely,12,Medium,High,Medium,High,3,10,3,5,2,2,1,Single,No,2018-10-05
EMP10479,20,Male,High School,Marketing,Marketing Specialist,2,25000,Very High,0,0,0,0,No,Travel_Rarely,20,Medium,Medium,Medium,Low,3,21,0,3,3,2,20,Single,No,2015-09-06
EMP10480,36,Female,Master's,Research & Development,Laboratory Technician,3,11607,High,11,1,0,1,Yes,Travel_Rarely,7,Medium,High,Medium,Very High,3,16,0,1,3,1,3,Single,Yes,2018-08-22
EMP10481,41,Female,Bachelor's,Sales,Manager,1,9573,High,9,4,1,3,No,Travel_Rarely,7,Medium,Low,High,Medium,4,22,0,3,2,9,1,Married,No,2013-05-24
EMP10482,53,Male,Bachelor's,Finance,Financial Analyst,4,25000,Very High,21,5,0,4,No,Travel_Rarely,1,High,Medium,High,Medium,4,13,1,2,4,1,8,Married,Yes,2015-05-01
EMP10483,60,Male,Master's,Research & Development,Manager,4,16230,Very High,40,7,3,1,No,Non-Travel,12,Very High,High,High,Very High,3,15,3,6,1,7,12,Married,No,2024-06-24
EMP10484,48,Female,Master's,Human Resources,HR Executive,2,19088,Very High,29,1,1,1,No,Travel_Rarely,3,High,Medium,Medium,High,3,13,3,6,3,7,19,Married,No,2020-01-15
EMP10485,23,Male,Bachelor's,Human Resources,Manager,3,15498,Very High,0,0,0,0,Yes,Travel_Rarely,15,Medium,High,Very High,Low,3,21,0,4,4,2,1,Married,No,2019-04-01
EMP10486,24,Male,Bachelor's,Marketing,Marketing Executive,2,19596,Very High,4,4,4,3,No,Travel_Rarely,9,Low,High,Medium,High,3,14,0,3,0,3,18,Married,No,2015-01-09
EMP10487,30,Female,PhD,Sales,Sales Executive,1,25000,Very High,12,9,2,2,No,Travel_Rarely,22,Low,Medium,Medium,High,4,14,3,6,3,4,7,Married,Yes,2018-07-10
EMP10488,40,Male,Master's,Sales,Sales Executive,3,25000,Very High,22,4,4,4,No,Non-Travel,22,Medium,High,Low,High,3,10,3,5,3,10,10,Married,Yes,2015-06-19
EMP10489,54,Male,Bachelor's,Marketing,Manager,2,25000,Very High,38,3,0,0,No,Non-Travel,20,Medium,High,Medium,Medium,3,15,3,0,0,8,7,Married,No,2012-05-21
EMP10490,31,Female,Master's,It,Software Engineer,2,11646,High,6,6,0,0,Yes,Travel_Rarely,26,High,Medium,Very High,High,3,19,0,5,0,4,15,Single,No,2015-08-28
EMP10491,45,Female,Bachelor's,Research & Development,Laboratory Technician,2,13121,High,25,4,1,4,No,Travel_Rarely,9,Low,Medium,Medium,High,4,25,1,5,3,10,19,Married,No,2016-02-15
EMP10492,38,Male,Bachelor's,Human Resources,HR Executive,3,6139,Medium,9,9,0,4,Yes,Travel_Frequently,14,Very High,Medium,Medium,Low,3,17,1,2,2,5,16,Married,No,2021-06-07
EMP10493,26,Male,Bachelor's,Sales,Sales Representative,3,15303,Very High,4,4,4,2,No,Travel_Rarely,28,Medium,Medium,High,Medium,3,22,3,4,0,6,14,Single,No,2019-04-04
EMP10494,26,Male,Bachelor's,Sales,Sales Executive,1,25000,Very High,4,4,0,4,No,Travel_Frequently,3,High,Very High,High,High,3,14,2,0,4,10,6,Single,No,2013-07-16
EMP10495,45,Male,Master's,Research & Development,Laboratory Technician,2,25000,Very High,16,4,4,1,No,Travel_Frequently,8,High,High,Medium,High,3,23,1,6,0,1,0,Single,Yes,2023-05-22
EMP10496,59,Female,High School,Research & Development,Research Scientist,5,19937,Very High,39,0,0,0,No,Travel_Rarely,29,Low,Medium,Medium,Very High,3,19,2,0,3,3,13,Single,No,2014-07-06
EMP10497,24,Female,Bachelor's,Human Resources,HR Specialist,2,21807,Very High,0,0,0,0,No,Non-Travel,6,High,Low,Low,High,3,22,2,5,3,5,15,Single,No,2014-06-14
EMP10498,40,Female,Master's,Sales,Sales Representative,4,16155,Very High,10,1,1,1,No,Non-Travel,12,High,Medium,Very High,Very High,4,21,3,4,1,3,20,Married,No,2021-11-21
EMP10499,33,Male,Bachelor's,Marketing,Marketing Executive,3,24152,Very High,16,1,1,1,No,Non-Travel,2,High,High,High,High,3,15,0,1,4,4,2,Single,Yes,2020-09-29
EMP10500,23,Male,Master's,Marketing,Manager,2,25000,Very High,0,0,0,0,No,Travel_Rarely,3,High,Low,Very High,High,3,14,2,4,1,2,17,Married,No,2010-07-08
EMP10501,42,Male,Bachelor's,Finance,Financial Analyst,1,10645,High,15,2,2,1,No,Travel_Rarely,14,Low,High,Medium,Low,4,10,3,4,0,1,18,Single,No,2019-08-07
EMP10502,39,Male,Master's,Research & Development,Research Director,1,25000,Very High,12,2,2,1,No,Travel_Rarely,17,High,High,High,Medium,4,14,0,6,1,0,5,Married,Yes,2018-10-26
EMP10503,34,Male,Bachelor's,Research & Development,Manager,2,25000,Very High,10,3,2,2,No,Travel_Rarely,3,Very High,Low,High,High,3,11,1,6,3,2,8,Married,Yes,2023-03-26
EMP10504,48,Male,Bachelor's,It,Data Analyst,2,18273,Very High,18,1,1,0,Yes,Travel_Rarely,4,Low,High,Medium,High,3,13,3,4,2,9,12,Married,Yes,2011-12-05
EMP10505,27,Male,Master's,Finance,Accountant,3,25000,Very High,5,0,0,0,No,Travel_Rarely,15,Medium,Medium,High,High,3,11,1,3,0,8,11,Married,No,2013-11-10
EMP10506,60,Female,Master's,Sales,Manager,3,25000,Very High,36,6,1,0,No,Travel_Rarely,30,Very High,Medium,High,High,3,17,3,1,3,0,14,Married,No,2012-04-19
EMP10507,38,Female,Master's,Marketing,Manager,1,21016,Very High,17,4,3,3,No,Travel_Rarely,22,Medium,Medium,High,Medium,3,23,2,6,0,7,6,Married,No,2017-03-14
EMP10508,58,Male,Master's,It,Manager,3,25000,Very High,33,3,1,1,No,Travel_Rarely,26,High,Medium,High,Medium,3,22,0,6,1,4,11,Married,No,2017-01-09
EMP10509,47,Male,Bachelor's,Marketing,Manager,2,15802,Very High,15,5,0,5,No,Travel_Rarely,30,High,High,High,Very High,3,22,2,2,1,11,16,Married,No,2011-06-18
EMP10510,46,Female,Bachelor's,Finance,Financial Analyst,1,23898,Very High,23,9,0,3,No,Travel_Frequently,7,High,High,Very High,Medium,3,16,3,0,0,3,12,Married,No,2022-07-05
EMP10511,23,Female,Master's,Human Resources,HR Specialist,2,25000,Very High,0,0,0,0,No,Travel_Rarely,19,Medium,Very High,Very High,High,3,18,3,5,0,4,16,Married,No,2022-11-16
EMP10512,34,Male,Master's,Research & Development,Laboratory Technician,4,24045,Very High,10,5,3,5,No,Travel_Rarely,14,Medium,High,High,Very High,4,13,2,3,1,10,7,Married,No,2015-07-27
EMP10513,54,Female,Master's,Marketing,Marketing Executive,2,13921,High,37,15,2,0,No,Non-Travel,16,Low,Low,Medium,Medium,3,14,3,1,0,6,17,Single,No,2013-09-03
EMP10514,56,Female,Master's,It,Manager,1,24170,Very High,33,9,7,3,Yes,Travel_Rarely,27,High,Medium,High,Medium,3,24,1,4,1,7,1,Single,No,2017-03-13
EMP10515,20,Male,Bachelor's,Sales,Sales Executive,2,25000,Very High,0,0,0,0,No,Travel_Rarely,13,High,Very High,Medium,High,3,18,2,5,0,1,16,Single,Yes,2014-06-10
EMP10516,22,Male,Bachelor's,Sales,Sales Executive,1,25000,Very High,0,0,0,0,No,Travel_Frequently,23,High,Medium,Low,Medium,3,18,0,6,2,5,11,Single,No,2017-03-01
EMP10517,43,Male,Bachelor's,Research & Development,Research Director,2,25000,Very High,15,1,1,1,No,Travel_Frequently,29,High,High,High,High,3,11,1,5,0,3,12,Married,No,2020-02-13
EMP10518,46,Male,Master's,It,Data Analyst,1,19798,Very High,18,4,4,0,Yes,Travel_Rarely,20,Medium,Medium,High,High,3,21,1,3,0,7,14,Single,No,2019-09-08
EMP10519,59,Male,Master's,Marketing,Marketing Specialist,3,21729,Very High,33,20,2,0,Yes,Non-Travel,17,Low,Medium,Very High,Medium,3,20,3,3,3,11,10,Divorced,No,2016-01-10
EMP10520,55,Female,Unknown,Sales,Sales Executive,1,24976,Very High,32,4,3,0,No,Non-Travel,17,High,Low,Very High,High,3,23,2,6,2,3,8,Single,No,2011-11-04
EMP10521,53,Female,Bachelor's,Human Resources,HR Specialist,2,14358,High,30,13,2,13,Yes,Travel_Rarely,24,Medium,Medium,Very High,Very High,3,24,3,6,1,11,7,Single,No,2010-12-29
EMP10522,48,Male,Bachelor's,Research & Development,Laboratory Technician,1,25000,Very High,23,3,3,3,No,Travel_Rarely,10,Medium,Medium,Very High,Very High,3,10,2,0,1,2,19,Married,No,2018-06-07
EMP10523,43,Female,Master's,Marketing,Manager,5,14097,High,14,14,1,1,No,Travel_Rarely,7,Low,Medium,High,High,4,12,2,2,4,4,14,Single,No,2013-10-15
EMP10524,43,Female,Master's,It,Data Analyst,2,16568,Very High,11,4,2,1,No,Travel_Rarely,20,Low,High,Medium,Medium,3,19,0,1,2,3,16,Single,No,2010-05-21
EMP10525,23,Male,Bachelor's,It,IT Support,3,23985,Very High,1,0,0,0,Yes,Travel_Rarely,17,Medium,High,High,High,3,10,3,5,2,11,13,Married,Yes,2016-04-06
EMP10526,22,Male,Master's,Research & Development,Research Director,3,25000,Very High,0,0,0,0,No,Travel_Frequently,22,High,High,High,Medium,4,15,2,5,0,4,4,Married,No,2022-08-07
EMP10527,53,Female,Bachelor's,Research & Development,Research Director,3,12898,High,25,2,2,1,No,Travel_Rarely,27,Very High,Low,High,High,4,17,0,1,3,8,15,Married,No,2011-09-21
EMP10528,42,Male,Bachelor's,Sales,Manager,3,25000,Very High,17,0,0,0,No,Travel_Rarely,12,Very High,High,High,Low,3,13,2,1,1,10,7,Single,Yes,2014-07-08
EMP10529,42,Male,Master's,Sales,Sales Representative,1,25000,Very High,20,9,0,6,No,Travel_Rarely,11,Very High,Medium,Very High,Low,3,25,3,6,1,2,16,Single,No,2017-12-30
EMP10530,24,Male,Master's,It,IT Support,2,16041,Very High,2,2,1,2,No,Travel_Rarely,10,Very High,Very High,Medium,High,3,20,2,4,3,1,10,Married,No,2015-07-21
EMP10531,50,Male,Master's,It,IT Support,1,11027,High,20,8,2,3,Yes,Travel_Rarely,23,High,High,Medium,Medium,3,13,1,4,3,1,17,Married,No,2021-04-15
EMP10532,60,Male,High School,Marketing,Marketing Executive,3,20636,Very High,32,2,2,2,No,Travel_Rarely,22,Medium,Low,High,High,4,20,3,3,2,8,1,Single,No,2010-06-05
EMP10533,25,Male,Bachelor's,Marketing,Marketing Specialist,4,18022,Very High,1,1,1,1,No,Travel_Rarely,28,High,Low,Very High,High,3,24,1,5,3,6,0,Single,No,2021-10-18
EMP10534,56,Female,Bachelor's,Research & Development,Research Director,4,23177,Very High,33,18,0,2,No,Travel_Frequently,22,Medium,High,Low,High,3,19,0,2,3,9,8,Married,No,2016-02-06
EMP10535,29,Male,Bachelor's,It,IT Support,1,18706,Very High,7,2,2,1,No,Travel_Rarely,8,Medium,Medium,Very High,High,4,10,2,0,0,11,7,Married,No,2017-10-15
EMP10536,59,Male,Bachelor's,Marketing,Marketing Executive,2,8925,High,36,5,5,1,No,Travel_Rarely,30,Medium,Medium,Very High,Medium,3,18,3,5,2,3,20,Divorced,No,2015-11-11
EMP10537,26,Male,Bachelor's,It,Data Analyst,2,18495,Very High,6,5,0,3,Yes,Travel_Rarely,15,High,Medium,Medium,High,3,19,0,6,4,5,1,Married,No,2018-12-05
EMP10538,58,Male,Bachelor's,Sales,Sales Representative,1,19196,Very High,33,4,1,4,No,Travel_Rarely,22,Medium,Low,Very High,High,4,17,1,0,4,9,11,Divorced,No,2019-01-29
EMP10539,57,Female,Bachelor's,Research & Development,Laboratory Technician,1,25000,Very High,28,12,3,3,No,Travel_Rarely,18,Low,Medium,Low,Medium,3,23,1,2,1,5,5,Married,No,2023-01-10
EMP10540,40,Male,Master's,Sales,Manager,2,16088,Very High,18,6,0,6,No,Travel_Rarely,23,Medium,Medium,High,Medium,3,23,1,1,3,2,1,Married,No,2020-05-11
EMP10541,39,Female,Master's,Marketing,Marketing Specialist,5,25000,Very High,8,3,1,0,No,Travel_Rarely,13,Very High,High,Medium,High,3,22,1,2,0,8,11,Single,No,2020-09-01
EMP10542,22,Male,Master's,Human Resources,HR Executive,2,9319,High,0,0,0,0,No,Travel_Rarely,26,High,Medium,Very High,Medium,4,12,0,0,3,3,17,Single,No,2010-02-14
EMP10543,41,Male,Bachelor's,Sales,Manager,2,25000,Very High,18,1,1,1,No,Travel_Rarely,16,Very High,High,High,High,3,23,2,4,1,0,4,Divorced,No,2011-08-16
EMP10544,23,Female,Bachelor's,Finance,Finance Manager,2,19912,Very High,1,1,1,1,No,Travel_Rarely,30,Medium,High,Medium,Medium,3,23,0,2,3,1,12,Divorced,No,2014-11-02
EMP10545,47,Male,High School,Human Resources,Manager,2,25000,Very High,19,15,2,8,Yes,Non-Travel,13,Low,Low,High,Very High,3,12,2,3,4,4,3,Married,No,2022-09-12
EMP10546,31,Female,Bachelor's,Research & Development,Laboratory Technician,4,22832,Very High,0,0,0,0,No,Travel_Rarely,4,High,Very High,Medium,Medium,4,22,3,4,2,7,7,Single,No,2015-06-22
EMP10547,57,Male,Bachelor's,Sales,Sales Representative,2,25000,Very High,30,8,7,1,No,Travel_Frequently,11,Medium,High,High,Very High,3,25,1,3,3,6,9,Divorced,No,2021-08-08
EMP10548,55,Female,High School,Finance,Accountant,1,18503,Very High,34,5,0,1,No,Travel_Rarely,27,High,Medium,Very High,Medium,3,19,0,3,4,8,20,Married,No,2013-09-21
EMP10549,60,Female,Master's,Research & Development,Laboratory Technician,2,13435,High,38,9,3,2,Yes,Travel_Rarely,19,High,High,Medium,High,3,13,3,6,4,0,13,Single,No,2018-05-15
EMP10550,24,Female,PhD,It,IT Support,5,25000,Very High,6,6,6,6,No,Travel_Rarely,8,High,Very High,High,Medium,4,13,2,2,1,1,19,Single,No,2015-05-22
EMP10551,32,Female,Bachelor's,Research & Development,Research Director,2,20930,Very High,5,2,2,0,No,Travel_Frequently,10,Very High,Very High,Low,High,3,11,3,3,2,9,1,Single,No,2024-06-01
EMP10552,42,Female,Master's,It,IT Support,2,21729,Very High,19,1,1,1,No,Travel_Rarely,12,Medium,High,Very High,Medium,3,13,3,5,1,3,1,Married,No,2020-04-01
EMP10553,49,Female,Bachelor's,Research & Development,Laboratory Technician,1,25000,Very High,16,3,1,3,No,Travel_Rarely,28,Medium,High,Low,Very High,3,11,2,1,0,6,3,Married,Yes,2023-08-14
EMP10554,56,Male,Master's,Research & Development,Research Director,1,13844,High,31,6,2,0,No,Travel_Rarely,21,High,Medium,Low,High,3,20,3,2,2,0,10,Single,No,2013-04-04
EMP10555,44,Male,Master's,It,Manager,3,25000,Very High,16,1,1,0,No,Travel_Rarely,20,Low,Very High,Very High,Low,3,24,1,0,0,4,8,Single,Yes,2011-09-20
EMP10556,46,Male,Master's,Research & Development,Research Scientist,1,16891,Very High,19,0,0,0,No,Travel_Frequently,11,Medium,Medium,Medium,Medium,3,20,2,1,2,1,17,Divorced,No,2021-05-11
EMP10557,33,Male,Bachelor's,Sales,Sales Executive,1,20755,Very High,9,2,2,1,No,Travel_Rarely,20,Medium,Low,High,High,3,16,2,4,4,1,16,Married,Yes,2010-05-23
EMP10558,55,Male,Bachelor's,Sales,Sales Executive,2,22755,Very High,36,17,5,1,Yes,Travel_Rarely,21,Medium,Very High,Very High,Low,3,14,0,2,0,1,1,Married,No,2020-11-05
EMP10559,58,Female,High School,It,Software Engineer,4,11214,High,26,6,2,1,No,Travel_Frequently,28,Low,Medium,Medium,High,3,16,3,0,2,8,6,Married,No,2015-01-15
EMP10560,35,Male,Bachelor's,Human Resources,HR Executive,1,15514,Very High,15,3,3,0,Yes,Travel_Rarely,4,Low,High,Medium,High,3,15,1,0,2,10,11,Divorced,No,2015-09-12
EMP10561,41,Female,Master's,Finance,Financial Analyst,3,25000,Very High,13,1,1,1,No,Travel_Rarely,19,High,High,Medium,Medium,3,11,1,2,0,9,15,Single,No,2020-07-19
EMP10562,40,Male,Master's,Sales,Manager,1,25000,Very High,16,2,2,2,No,Travel_Frequently,20,High,Very High,High,High,3,23,2,1,2,4,9,Single,No,2020-05-10
EMP10563,40,Male,Master's,Sales,Manager,3,21414,Very High,11,1,1,1,Yes,Travel_Rarely,10,High,Medium,Medium,Low,3,21,3,5,1,7,10,Single,No,2024-06-02
EMP10564,27,Female,Bachelor's,Sales,Manager,5,24573,Very High,9,1,1,1,No,Travel_Rarely,15,High,High,High,High,3,11,2,0,1,9,8,Married,No,2014-06-09
EMP10565,35,Male,Master's,Research & Development,Laboratory Technician,1,19295,Very High,13,12,2,9,No,Travel_Rarely,13,Low,Low,Medium,High,3,10,1,2,0,5,3,Married,No,2019-12-21
EMP10566,50,Male,Bachelor's,Human Resources,HR Executive,1,25000,Very High,28,28,1,6,No,Travel_Rarely,13,Medium,Medium,Medium,Low,3,22,1,2,4,10,15,Single,No,2015-08-19
EMP10567,29,Male,Bachelor's,Research & Development,Research Scientist,1,20127,Very High,6,1,0,1,Yes,Travel_Rarely,21,Low,Very High,Medium,Medium,3,10,1,5,3,0,18,Single,No,2021-07-29
EMP10568,51,Female,Master's,Research & Development,Research Director,3,24449,Very High,26,0,0,0,No,Travel_Rarely,28,High,High,Medium,High,3,22,2,3,0,9,19,Married,No,2015-04-17
EMP10569,53,Male,Bachelor's,Marketing,Marketing Specialist,1,25000,Very High,21,2,1,2,Yes,Non-Travel,18,High,Medium,Medium,High,3,14,3,2,0,8,4,Single,No,2018-12-07
EMP10570,28,Male,High School,Research & Development,Laboratory Technician,1,15525,Very High,0,0,0,0,Yes,Non-Travel,7,Medium,Medium,Medium,Low,4,14,3,6,0,6,11,Divorced,No,2018-07-30
EMP10571,36,Female,Bachelor's,Research & Development,Research Director,1,25000,Very High,14,1,1,1,Yes,Travel_Frequently,30,Medium,Medium,High,Low,4,16,2,0,0,10,9,Divorced,Yes,2021-12-08
EMP10572,30,Male,Master's,It,Software Engineer,2,11062,High,6,2,2,0,No,Travel_Rarely,14,Very High,High,Medium,Medium,4,10,1,3,1,1,13,Single,No,2011-08-25
EMP10573,51,Female,Master's,Research & Development,Manager,1,25000,Very High,29,1,0,1,Yes,Non-Travel,5,High,Low,Very High,High,4,25,3,0,0,7,19,Married,No,2020-08-02
EMP10574,29,Male,Bachelor's,Human Resources,HR Specialist,3,18626,Very High,5,5,0,0,Yes,Travel_Rarely,9,High,Medium,High,Low,4,14,1,1,4,1,19,Single,No,2025-05-17
EMP10575,41,Male,Master's,It,Software Engineer,3,19748,Very High,13,6,0,1,No,Travel_Rarely,30,Medium,Medium,Low,High,3,11,2,1,3,1,11,Married,No,2012-12-04
EMP10576,36,Female,Master's,Marketing,Marketing Specialist,2,9410,High,4,4,1,2,No,Travel_Rarely,22,Medium,Very High,Very High,Medium,3,19,3,0,3,3,3,Married,No,2021-12-14
EMP10577,23,Female,Master's,Sales,Sales Executive,2,17950,Very High,0,0,0,0,Yes,Travel_Rarely,27,High,High,High,High,3,25,3,6,4,7,19,Single,No,
EMP10578,44,Female,Master's,Marketing,Marketing Specialist,2,13795,High,27,12,1,8,No,Travel_Rarely,17,High,High,High,Medium,3,10,2,6,0,6,8,Married,No,2015-03-13
EMP10579,40,Female,Master's,Research & Development,Research Scientist,3,16757,Very High,16,16,1,3,No,Travel_Frequently,25,High,Medium,Medium,Medium,4,16,2,4,3,1,13,Married,No,2014-02-25
EMP10580,56,Male,Master's,Sales,Sales Executive,2,20707,Very High,32,1,0,1,Yes,Travel_Rarely,5,High,High,Medium,High,3,24,3,4,1,9,4,Single,No,2016-08-20
EMP10581,57,Male,Bachelor's,Research & Development,Research Scientist,2,25000,Very High,29,1,1,1,No,Travel_Rarely,16,High,Very High,High,Medium,3,12,0,4,3,5,8,Single,No,2022-10-04
EMP10582,20,Male,Bachelor's,Marketing,Manager,2,24183,Very High,0,0,0,0,Yes,Travel_Rarely,9,High,High,Medium,Low,3,20,1,0,4,10,1,Married,No,2015-06-12
EMP10583,44,Female,Bachelor's,Research & Development,Research Scientist,3,25000,Very High,22,0,0,0,Yes,Non-Travel,17,Medium,Medium,High,Very High,4,18,0,2,3,10,11,Married,No,2023-02-10
EMP10584,55,Female,High School,Research & Development,Research Scientist,1,13454,High,26,3,3,3,No,Travel_Rarely,30,Medium,Very High,High,Medium,3,25,3,3,4,3,11,Married,No,2019-10-13
EMP10585,36,Female,Bachelor's,Human Resources,HR Specialist,1,14819,High,10,4,4,1,Yes,Travel_Rarely,18,Very High,High,Low,Medium,3,24,0,2,0,9,12,Married,No,2020-08-26
EMP10586,60,Male,Bachelor's,Sales,Sales Representative,1,25000,Very High,31,4,1,2,Yes,Travel_Rarely,3,Medium,Medium,Very High,Medium,3,14,2,5,3,0,20,Single,No,2013-02-27
EMP10587,43,Male,Bachelor's,Sales,Manager,2,15822,Very High,20,2,2,2,No,Travel_Rarely,28,High,High,Low,Very High,4,14,1,0,4,7,10,Married,No,2014-05-03
EMP10588,21,Female,Bachelor's,Sales,Sales Representative,2,25000,Very High,0,0,0,0,No,Non-Travel,5,High,Medium,Medium,Medium,4,14,2,5,1,7,7,Single,No,2015-10-29
EMP10589,59,Female,Bachelor's,Sales,Sales Executive,2,19744,Very High,35,16,1,9,No,Travel_Rarely,30,Very High,Low,Very High,Medium,4,18,2,6,1,5,20,Single,No,2015-12-25
EMP10590,34,Female,Master's,Sales,Manager,2,22049,Very High,10,1,1,1,No,Travel_Rarely,22,Medium,Very High,Low,Low,3,22,2,5,2,9,11,Married,Yes,2010-01-02
EMP10591,51,Female,Master's,Sales,Manager,3,25000,Very High,28,5,0,2,No,Travel_Rarely,21,Medium,Medium,Very High,High,3,19,2,2,3,6,8,Single,No,2021-06-02
EMP10592,58,Male,Bachelor's,Human Resources,Manager,1,25000,Very High,29,0,0,0,No,Travel_Frequently,17,High,High,High,High,3,22,1,6,0,11,11,Divorced,No,2023-11-28
EMP10593,25,Male,Bachelor's,Sales,Sales Executive,2,20955,Very High,0,0,0,0,No,Travel_Rarely,20,High,Very High,High,High,4,10,3,5,2,2,10,Married,No,2023-10-14
EMP10594,20,Male,Bachelor's,Research & Development,Research Scientist,2,18496,Very High,0,0,0,0,No,Travel_Rarely,22,High,High,High,Very High,3,14,3,1,3,8,18,Married,No,2024-08-15
EMP10595,42,Male,Bachelor's,It,IT Support,2,21479,Very High,15,1,1,0,No,Travel_Rarely,4,Medium,High,Medium,High,3,19,1,3,1,3,7,Single,No,2014-12-11
EMP10596,58,Male,Bachelor's,Research & Development,Laboratory Technician,2,25000,Very High,27,0,0,0,Yes,Travel_Rarely,4,Medium,Very High,High,Very High,3,15,2,0,0,10,6,Married,No,2018-05-14
EMP10597,36,Male,Master's,Sales,Finance Manager,3,25000,Very High,13,1,0,1,No,Non-Travel,21,High,High,Very High,High,3,25,0,3,1,1,20,Single,No,2023-06-24
EMP10598,53,Male,Bachelor's,Sales,Manager,1,22068,Very High,22,4,3,2,No,Non-Travel,15,Very High,Medium,Low,Medium,3,25,3,6,3,3,13,Single,No,2019-06-02
EMP10599,60,Female,Master's,Sales,Sales Executive,3,25000,Very High,34,6,1,1,No,Non-Travel,21,Very High,Very High,Medium,Low,3,18,2,4,0,1,1,Married,No,2012-07-18
EMP10600,48,Female,Master's,Sales,Sales Representative,4,25000,Very High,32,1,0,0,No,Non-Travel,7,Low,Low,High,High,3,12,0,4,0,11,19,Single,No,2016-08-27
EMP10601,28,Female,Bachelor's,Sales,Sales Executive,2,25000,Very High,8,6,2,3,No,Travel_Frequently,8,Medium,Medium,Medium,Medium,3,10,0,6,2,3,11,Married,No,2012-06-14
EMP10602,32,Male,Bachelor's,Sales,Manager,3,25000,Very High,7,1,1,1,No,Travel_Rarely,22,Medium,Medium,High,High,3,21,2,1,0,1,0,Divorced,No,2018-07-02
EMP10603,25,Male,Bachelor's,Sales,Sales Executive,2,11120,High,0,0,0,0,No,Travel_Frequently,22,Very High,High,High,Very High,4,20,1,0,3,11,20,Single,No,2013-10-14
EMP10604,25,Male,Bachelor's,Sales,Sales Executive,2,6742,Medium,0,0,0,0,No,Travel_Rarely,30,High,Very High,Low,Low,3,20,2,4,4,10,9,Married,No,2023-04-05
EMP10605,39,Female,Bachelor's,Sales,Manager,4,25000,Very High,19,5,0,5,No,Travel_Rarely,2,Medium,High,High,High,3,17,1,3,4,7,0,Single,No,2021-04-06
EMP10606,22,Male,PhD,Research & Development,Manager,1,21106,Very High,0,0,0,0,No,Travel_Rarely,29,Low,Medium,Medium,High,3,18,0,6,0,5,9,Married,No,2019-07-10
EMP10607,36,Male,Master's,Sales,Sales Representative,1,17472,Very High,17,14,0,3,No,Non-Travel,29,High,Medium,Medium,Medium,3,21,3,3,4,7,7,Single,No,2010-08-05
EMP10608,31,Female,Master's,Research & Development,Research Scientist,1,24578,Very High,11,0,0,0,No,Travel_Rarely,10,Low,High,Very High,High,3,20,1,1,3,10,12,Divorced,Yes,2013-10-12
EMP10609,20,Male,High School,Research & Development,Research Scientist,2,21436,Very High,0,0,0,0,Yes,Travel_Frequently,5,High,Medium,Low,High,3,15,1,5,2,0,13,Married,No,2013-08-04
EMP10610,36,Female,Bachelor's,Finance,Accountant,1,25000,Very High,17,0,0,0,No,Travel_Rarely,17,High,High,High,Very High,3,14,1,4,1,8,9,Married,No,2016-08-16
EMP10611,22,Male,High School,Sales,Sales Executive,4,22897,Very High,0,0,0,0,No,Travel_Rarely,25,Medium,High,High,High,3,21,3,2,1,11,0,Single,No,2014-09-09
EMP10612,45,Male,Bachelor's,It,Software Engineer,2,15739,Very High,21,2,1,2,No,Travel_Rarely,7,Medium,High,High,Very High,4,17,2,4,3,10,5,Married,No,2018-02-27
EMP10613,34,Male,Bachelor's,Human Resources,HR Executive,3,21729,Very High,10,2,2,2,No,Travel_Rarely,2,Very High,High,Medium,High,3,21,0,1,2,1,11,Married,No,2020-09-08
EMP10614,55,Female,Master's,Sales,Manager,1,19976,Very High,24,0,0,0,No,Travel_Rarely,6,Medium,Low,Very High,High,3,15,0,4,3,7,19,Married,No,2014-04-17
EMP10615,51,Female,Bachelor's,It,Manager,1,25000,Very High,33,1,1,1,Yes,Travel_Rarely,10,Medium,High,Very High,Medium,3,15,1,6,0,3,14,Married,Yes,2012-09-09
EMP10616,51,Male,Master's,Marketing,Marketing Executive,1,17768,Very High,24,6,6,5,No,Travel_Frequently,9,Very High,Low,High,Medium,3,18,0,0,2,1,12,Single,No,2020-02-10
EMP10617,23,Male,PhD,Sales,Manager,1,16442,Very High,0,0,0,0,No,Travel_Rarely,28,High,Medium,Medium,High,4,18,1,1,4,0,14,Single,No,2017-11-03
EMP10618,37,Male,Bachelor's,Sales,Sales Representative,2,22877,Very High,7,5,1,5,No,Travel_Rarely,5,High,Medium,Very High,High,3,10,3,6,0,11,15,Single,Yes,2011-10-11
EMP10619,38,Female,Master's,It,Software Engineer,4,22154,Very High,10,6,5,0,No,Travel_Rarely,3,Medium,Low,Very High,Very High,3,21,1,6,4,3,11,Single,No,2023-11-25
EMP10620,54,Female,Bachelor's,Finance,Accountant,2,25000,Very High,29,7,1,1,No,Travel_Rarely,11,Low,Low,High,High,3,11,3,6,0,9,19,Single,No,2013-02-05
EMP10621,59,Female,Bachelor's,Sales,Manager,2,19518,Very High,32,2,2,2,No,Travel_Rarely,10,Low,Low,Medium,High,3,10,1,2,0,0,10,Married,No,2025-07-04
EMP10622,33,Male,Master's,Sales,Sales Executive,2,9640,High,14,0,0,0,No,Travel_Rarely,16,Medium,Medium,Medium,Medium,3,11,1,3,0,7,11,Single,No,2018-10-15
EMP10623,52,Female,High School,Research & Development,Research Director,1,18129,Very High,21,0,0,0,No,Travel_Rarely,27,High,Medium,Medium,High,3,12,3,6,0,1,1,Single,No,2014-02-14
EMP10624,33,Male,Master's,Research & Development,Laboratory Technician,2,25000,Very High,8,2,2,2,Yes,Travel_Rarely,20,Medium,Low,Medium,Very High,3,22,2,4,2,7,2,Single,No,2023-12-31
EMP10625,53,Female,Master's,Human Resources,HR Specialist,1,19268,Very High,31,1,1,1,No,Travel_Frequently,19,High,Medium,Medium,Medium,4,23,3,6,2,9,16,Married,No,2011-12-27
EMP10626,23,Female,Master's,Research & Development,Laboratory Technician,4,19715,Very High,2,0,0,0,No,Travel_Frequently,1,Medium,High,Very High,Low,3,22,1,5,0,0,13,Single,No,2010-03-10
EMP10627,43,Male,PhD,Research & Development,Manager,3,25000,Very High,14,1,1,1,No,Travel_Rarely,26,Medium,High,High,High,3,11,0,3,3,6,6,Single,No,2017-09-27
EMP10628,48,Male,Bachelor's,Finance,Finance Manager,2,15988,Very High,26,1,1,1,Yes,Travel_Rarely,30,Very High,Medium,Medium,Low,3,15,2,6,0,6,19,Married,No,2020-04-27
EMP10629,38,Male,High School,Sales,Manager,2,11001,High,16,12,3,3,No,Travel_Rarely,11,Medium,High,High,High,3,13,0,1,0,4,13,Divorced,No,2024-12-16
EMP10630,25,Male,Bachelor's,Sales,Manager,1,20490,Very High,5,1,1,1,No,Travel_Rarely,29,Medium,High,Medium,High,3,24,2,3,3,2,8,Single,No,2024-06-17
EMP10631,52,Female,Bachelor's,Finance,Finance Manager,3,17714,Very High,25,4,3,0,No,Travel_Frequently,15,Medium,Very High,High,Medium,3,14,1,5,3,5,9,Single,No,2011-03-13
EMP10632,59,Male,Bachelor's,It,IT Support,3,14260,High,37,4,2,1,No,Travel_Rarely,7,Low,Medium,Medium,Medium,3,19,2,5,0,10,10,Single,No,2017-04-19
EMP10633,38,Female,Master's,Research & Development,Laboratory Technician,3,20355,Very High,8,4,2,1,No,Travel_Rarely,8,Medium,High,Medium,High,3,18,0,5,1,4,10,Married,No,2012-03-18
EMP10634,20,Female,Bachelor's,Research & Development,Laboratory Technician,1,25000,Very High,0,0,0,0,No,Travel_Rarely,16,Medium,High,Medium,Medium,3,11,3,5,1,8,18,Single,No,2025-12-11
EMP10635,24,Female,PhD,Sales,Sales Representative,1,21935,Very High,3,2,2,1,No,Non-Travel,18,High,High,High,Medium,3,12,2,0,3,3,12,Married,No,2014-08-01
EMP10636,46,Female,Master's,Research & Development,Research Director,2,25000,Very High,23,0,0,0,No,Travel_Frequently,24,High,High,Medium,Medium,4,23,2,5,0,8,9,Single,No,2011-07-09
EMP10637,35,Female,Bachelor's,Research & Development,Laboratory Technician,4,25000,Very High,7,3,3,3,No,Travel_Frequently,28,High,Very High,High,Medium,4,19,1,1,4,9,15,Single,No,2020-06-13
EMP10638,25,Female,Bachelor's,Sales,Sales Representative,4,18877,Very High,0,0,0,0,No,Travel_Rarely,25,Low,Very High,Very High,High,4,10,1,1,4,5,9,Married,No,2023-11-11
EMP10639,59,Male,Bachelor's,Sales,Sales Executive,2,24966,Very High,26,4,4,4,Yes,Travel_Rarely,23,High,High,High,High,3,24,2,4,0,8,9,Married,Yes,2011-09-16
EMP10640,32,Female,Bachelor's,Research & Development,Manager,3,17516,Very High,0,0,0,0,No,Travel_Rarely,11,Low,Medium,High,Low,3,11,1,6,0,2,11,Single,No,2025-03-14
EMP10641,54,Female,Bachelor's,Sales,Manager,4,15050,Very High,21,4,1,0,No,Travel_Rarely,1,High,High,Very High,High,4,10,1,1,0,11,0,Single,No,2019-05-31
EMP10642,38,Male,High School,Research & Development,Manager,1,16929,Very High,16,3,0,2,No,Travel_Rarely,16,High,High,Medium,Medium,4,23,3,0,4,0,17,Single,No,2019-08-18
EMP10643,31,Female,Master's,Sales,Sales Representative,3,17757,Very High,6,2,0,0,Yes,Travel_Rarely,4,Medium,Very High,Medium,High,3,18,2,4,4,11,19,Married,No,2023-02-24
EMP10644,35,Female,Bachelor's,Research & Development,Manager,1,25000,Very High,6,6,3,5,Yes,Travel_Rarely,23,High,High,Very High,High,3,12,0,0,3,5,10,Single,No,2023-06-10
EMP10645,29,Female,Master's,Sales,Manager,1,25000,Very High,0,0,0,0,No,Travel_Frequently,6,Very High,Low,Very High,Medium,3,25,3,2,2,3,6,Single,No,2020-04-30
EMP10646,44,Male,Master's,It,Manager,1,15959,Very High,24,7,6,2,No,Travel_Rarely,11,High,Medium,Medium,Medium,3,12,1,4,3,10,13,Single,No,2024-07-24
EMP10647,39,Female,Bachelor's,Human Resources,HR Executive,2,18261,Very High,15,7,2,1,Yes,Travel_Rarely,30,Medium,High,Very High,Very High,3,22,3,1,3,9,7,Single,Yes,2019-06-20
EMP10648,50,Male,High School,Finance,Financial Analyst,3,21410,Very High,23,3,1,1,No,Travel_Rarely,24,High,Very High,Low,High,3,16,2,1,1,3,3,Married,No,2018-12-18
EMP10649,23,Female,Master's,It,IT Support,2,25000,Very High,0,0,0,0,No,Travel_Rarely,6,Very High,High,Very High,Very High,3,10,2,1,3,3,2,Single,No,2017-12-19
EMP10650,42,Male,PhD,Research & Development,Manager,1,24800,Very High,15,3,3,0,No,Travel_Rarely,10,Medium,Very High,Medium,High,3,18,2,2,3,0,9,Married,Yes,2015-09-26
EMP10651,21,Female,Bachelor's,Sales,Sales Representative,1,25000,Very High,0,0,0,0,No,Travel_Rarely,6,High,High,Medium,High,3,16,0,0,3,4,8,Single,No,2019-02-09
EMP10652,41,Male,Bachelor's,Research & Development,Manager,2,7392,Medium,17,0,0,0,Yes,Travel_Rarely,10,Low,Low,High,Medium,3,25,0,1,3,8,14,Divorced,No,2020-09-11
EMP10653,56,Male,Bachelor's,Human Resources,HR Specialist,2,7524,Medium,26,1,1,0,Yes,Travel_Rarely,22,Low,High,Very High,High,4,24,0,5,2,2,7,Married,No,2023-03-31
EMP10654,27,Male,Bachelor's,Finance,Finance Manager,2,17621,Very High,0,0,0,0,Yes,Travel_Rarely,23,High,Low,High,High,3,18,1,3,1,11,12,Single,No,2010-10-12
EMP10655,26,Male,Bachelor's,Research & Development,Manager,1,25000,Very High,3,3,1,1,No,Travel_Rarely,5,High,Very High,Very High,High,3,17,2,5,4,1,6,Divorced,No,2011-09-14
EMP10656,33,Female,Bachelor's,Sales,Sales Executive,3,10888,High,7,7,2,0,Yes,Travel_Rarely,28,High,High,High,Medium,3,14,2,6,0,11,12,Divorced,No,2020-07-10
EMP10657,22,Female,Master's,Sales,Manager,4,5691,Medium,0,0,0,0,Yes,Travel_Rarely,27,Very High,Very High,High,High,3,21,0,1,4,1,5,Single,Yes,2011-03-07
EMP10658,35,Male,Bachelor's,Research & Development,Laboratory Technician,2,25000,Very High,6,6,1,1,No,Travel_Rarely,9,Low,Medium,Low,High,4,12,3,4,1,9,9,Married,No,2020-01-01
EMP10659,38,Male,High School,Human Resources,Manager,3,24579,Very High,13,13,3,0,Yes,Travel_Frequently,7,Medium,Low,Medium,High,3,20,3,4,3,6,18,Married,No,2020-09-27
EMP10660,37,Male,Bachelor's,Human Resources,HR Specialist,4,13486,High,11,11,1,0,No,Travel_Rarely,17,Very High,High,High,High,4,18,1,3,4,5,10,Single,No,2025-06-20
EMP10661,35,Female,Master's,Research & Development,Manager,2,14136,High,8,8,0,1,No,Travel_Rarely,27,Low,Low,High,High,3,25,3,6,3,1,15,Single,No,2013-10-13
EMP10662,27,Male,Bachelor's,Marketing,Marketing Specialist,2,14237,High,6,2,2,1,No,Non-Travel,12,High,High,Very High,Very High,3,14,1,6,2,0,19,Married,No,2014-04-21
EMP10663,52,Male,PhD,Human Resources,HR Executive,3,23150,Very High,30,0,0,0,Yes,Travel_Frequently,28,High,High,Medium,Medium,3,25,3,2,2,6,20,Single,Yes,2010-11-28
EMP10664,31,Male,Bachelor's,Sales,Sales Representative,1,16617,Very High,1,1,1,1,Yes,Non-Travel,30,Low,High,High,High,3,18,3,4,1,10,13,Married,No,2020-01-20
EMP10665,30,Male,Bachelor's,Sales,Sales Representative,2,25000,Very High,3,3,1,1,No,Travel_Rarely,25,Medium,Medium,Very High,High,3,12,3,2,4,5,8,Single,No,2024-06-13
EMP10666,24,Male,Bachelor's,Sales,Sales Representative,3,6096,Medium,3,3,3,0,No,Travel_Rarely,11,High,High,Medium,High,3,15,2,2,2,4,15,Married,No,2020-08-14
EMP10667,46,Male,Master's,Sales,Sales Executive,1,14979,High,15,15,0,3,No,Travel_Rarely,6,Very High,High,High,Low,4,22,0,3,1,4,8,Married,No,2023-09-03
EMP10668,31,Female,Bachelor's,Sales,Manager,4,13270,High,4,4,1,4,No,Travel_Rarely,27,High,Very High,High,Low,3,11,2,4,1,9,5,Married,No,2013-10-28
EMP10669,36,Female,Master's,Sales,Sales Executive,2,19627,Very High,5,2,2,2,No,Non-Travel,24,High,Medium,Very High,Very High,3,12,0,5,1,2,5,Divorced,No,2013-10-11
EMP10670,25,Male,Master's,Sales,Sales Representative,2,17290,Very High,0,0,0,0,No,Travel_Rarely,25,Medium,Low,Low,High,3,11,3,6,4,10,17,Married,Yes,2011-12-28
EMP10671,52,Female,Master's,Sales,Sales Representative,2,25000,Very High,31,0,0,0,No,Travel_Frequently,11,Medium,Very High,Medium,High,3,21,0,1,4,11,18,Single,No,2013-08-06
EMP10672,24,Male,High School,It,IT Support,2,9540,High,0,0,0,0,No,Travel_Rarely,11,Low,Medium,Medium,High,4,11,2,5,1,4,16,Single,No,2016-11-21
EMP10673,47,Female,Master's,Sales,Manager,3,22482,Very High,24,4,1,4,No,Travel_Rarely,14,Medium,Medium,Very High,Low,3,14,0,5,0,11,3,Married,No,2013-11-05
EMP10674,33,Male,Bachelor's,Research & Development,Research Director,2,25000,Very High,10,9,1,0,No,Non-Travel,16,Low,Very High,Medium,High,3,19,0,5,4,5,20,Married,No,2020-10-16
EMP10675,24,Female,Bachelor's,Research & Development,Laboratory Technician,4,25000,Very High,3,3,3,3,Yes,Travel_Frequently,2,Medium,Medium,High,High,3,13,0,6,4,10,18,Single,Yes,2019-10-06
EMP10676,52,Female,Bachelor's,Marketing,Marketing Specialist,2,17733,Very High,24,12,7,1,No,Non-Travel,2,Medium,Medium,High,High,3,20,3,2,0,6,20,Married,No,2018-10-13
EMP10677,60,Male,Master's,Sales,Manager,2,25000,Very High,32,5,1,0,No,Travel_Frequently,5,Medium,Low,High,Medium,3,13,0,2,4,6,10,Single,No,2020-08-18
EMP10678,38,Female,Bachelor's,Research & Development,Manager,5,9782,High,7,7,0,2,No,Travel_Rarely,14,Low,Medium,Medium,Very High,3,22,3,4,4,9,20,Married,No,2024-11-21
EMP10679,41,Male,Bachelor's,Marketing,Marketing Executive,1,7507,Medium,16,1,0,1,No,Travel_Rarely,21,High,High,Low,Medium,4,17,3,4,2,9,10,Single,No,2012-02-06
EMP10680,24,Female,Bachelor's,It,Software Engineer,3,25000,Very High,1,1,1,1,No,Non-Travel,28,High,Medium,Low,Medium,3,23,1,5,0,7,10,Divorced,No,2011-01-06
EMP10681,21,Male,Bachelor's,It,Data Analyst,1,21971,Very High,0,0,0,0,No,Travel_Rarely,10,Low,High,Very High,High,4,15,0,3,2,4,18,Married,No,2012-05-11
EMP10682,49,Male,High School,Sales,Manager,3,25000,Very High,28,1,1,1,Yes,Travel_Rarely,10,Very High,High,High,High,3,25,3,0,0,3,7,Single,No,2020-07-26
EMP10683,58,Female,Bachelor's,Sales,Sales Representative,2,11872,High,34,1,1,1,Yes,Travel_Rarely,18,Low,Very High,Very High,High,4,19,0,5,0,11,15,Single,No,2013-04-18
EMP10684,23,Male,Bachelor's,Finance,Accountant,4,25000,Very High,1,1,1,0,No,Travel_Rarely,26,Very High,Medium,High,High,4,11,0,5,0,6,20,Single,No,2011-08-19
EMP10685,52,Male,Bachelor's,Marketing,Manager,3,25000,Very High,28,0,0,0,No,Travel_Rarely,20,Low,High,Medium,High,4,22,2,6,4,1,7,Married,No,2012-03-24
EMP10686,32,Male,Master's,Research & Development,Laboratory Technician,1,25000,Very High,1,1,0,1,No,Travel_Frequently,9,Very High,Very High,Medium,Medium,3,10,1,6,1,7,8,Single,No,2022-04-11
EMP10687,39,Female,Bachelor's,Human Resources,Manager,1,24946,Very High,15,2,2,2,No,Travel_Rarely,4,Low,High,Low,Very High,3,14,0,0,3,3,11,Married,No,2016-08-27
EMP10688,26,Male,Bachelor's,Sales,Sales Representative,2,22111,Very High,0,0,0,0,Yes,Travel_Rarely,17,High,Medium,High,Medium,3,24,0,6,1,9,11,Single,No,2015-05-14
EMP10689,34,Male,Bachelor's,It,Manager,2,10863,High,10,9,1,2,Yes,Travel_Frequently,21,Medium,Medium,High,Low,3,16,3,0,4,0,1,Married,No,2015-12-21
EMP10690,42,Female,Master's,Sales,Sales Executive,1,25000,Very High,12,2,2,2,No,Travel_Rarely,2,High,Low,High,Medium,4,14,3,2,4,1,5,Married,No,2023-01-06
EMP10691,33,Male,High School,Research & Development,Manager,1,16733,Very High,0,0,0,0,No,Travel_Frequently,14,Medium,High,Very High,High,3,25,2,3,3,0,3,Single,No,2014-01-04
EMP10692,42,Male,Bachelor's,Research & Development,Research Scientist,2,25000,Very High,13,13,0,3,No,Travel_Rarely,22,Low,Low,High,Medium,4,21,1,6,4,4,12,Single,No,2013-09-04
EMP10693,38,Male,Bachelor's,Research & Development,Manager,1,10901,High,10,8,1,2,No,Non-Travel,1,High,Very High,Very High,Medium,3,13,1,0,0,0,3,Single,No,2019-02-15
EMP10694,48,Male,PhD,Sales,Sales Executive,3,12955,High,27,11,3,5,No,Travel_Rarely,23,Low,Very High,Low,High,3,14,1,5,2,10,8,Married,No,2016-07-30
EMP10695,39,Male,Bachelor's,Sales,Sales Representative,3,25000,Very High,18,3,2,3,Yes,Travel_Rarely,7,Very High,Low,Very High,Medium,3,20,0,4,2,11,6,Divorced,Yes,2019-02-05
EMP10696,48,Female,Bachelor's,Human Resources,HR Executive,3,18840,Very High,30,1,1,0,No,Travel_Frequently,4,Low,Medium,High,Low,3,19,1,6,0,8,5,Married,No,2019-11-14
EMP10697,43,Male,Bachelor's,Sales,Sales Executive,1,25000,Very High,14,3,1,2,No,Travel_Frequently,9,Medium,Very High,Medium,Medium,3,17,2,5,1,10,17,Single,No,2017-04-13
EMP10698,37,Male,Bachelor's,Human Resources,HR Specialist,1,21265,Very High,8,6,3,4,No,Travel_Rarely,3,High,High,High,High,3,14,2,6,2,10,14,Single,No,2019-03-01
EMP10699,29,Male,Bachelor's,Sales,Sales Representative,2,9616,High,7,1,1,0,No,Non-Travel,5,Medium,High,Very High,Very High,3,18,0,2,0,3,15,Single,No,2017-06-03
EMP10700,60,Male,Master's,Research & Development,Research Scientist,5,25000,Very High,37,2,1,2,Yes,Travel_Rarely,21,Medium,High,High,Medium,3,19,0,2,1,9,0,Single,No,2010-11-21
EMP10701,27,Female,Bachelor's,Research & Development,Research Scientist,1,16891,Very High,0,0,0,0,Yes,Non-Travel,24,High,Medium,Low,High,3,16,0,5,2,2,9,Single,No,2025-11-10
EMP10702,45,Male,Master's,Sales,Sales Executive,1,25000,Very High,21,3,3,2,No,Travel_Rarely,10,High,Very High,Very High,Very High,4,20,3,6,0,8,3,Single,No,2015-04-08
EMP10703,48,Male,Bachelor's,Research & Development,Research Director,1,22278,Very High,21,9,0,8,No,Travel_Rarely,10,Very High,High,High,Medium,3,22,0,4,2,3,3,Single,No,2018-04-29
EMP10704,29,Male,Bachelor's,Sales,Sales Representative,2,10999,High,3,0,0,0,No,Travel_Rarely,4,Medium,Medium,High,Very High,3,23,2,3,2,0,17,Single,No,2016-04-05
EMP10705,36,Female,Bachelor's,Sales,Sales Representative,2,23717,Very High,13,6,1,2,Yes,Travel_Rarely,17,High,Low,Low,Very High,4,20,0,3,2,1,12,Married,No,2012-11-24
EMP10706,21,Male,Bachelor's,Marketing,Marketing Specialist,1,25000,Very High,0,0,0,0,No,Travel_Rarely,27,Medium,Very High,Low,Medium,3,23,3,0,3,3,0,Married,Yes,2010-11-11
EMP10707,25,Male,Master's,Research & Development,Laboratory Technician,2,25000,Very High,0,0,0,0,No,Travel_Rarely,21,Medium,High,High,Low,3,11,0,4,1,10,19,Single,No,2014-04-27
EMP10708,24,Female,Bachelor's,It,Software Engineer,2,21464,Very High,0,0,0,0,Yes,Travel_Rarely,17,High,Low,High,Very High,4,18,3,1,2,0,9,Single,Yes,2011-10-01
EMP10709,47,Male,Master's,Sales,Sales Representative,2,25000,Very High,22,18,4,2,Yes,Travel_Rarely,19,Medium,Low,Very High,Medium,3,11,3,3,0,5,20,Married,No,2010-12-23
EMP10710,60,Female,Master's,Finance,Accountant,2,24217,Very High,29,16,3,1,No,Travel_Rarely,6,Medium,Low,High,Low,3,15,3,0,3,6,0,Single,No,2010-10-24
EMP10711,24,Female,Bachelor's,It,Data Analyst,3,24204,Very High,0,0,0,0,No,Travel_Frequently,1,Medium,Very High,Very High,High,3,23,0,2,4,0,1,Single,No,2015-02-12
EMP10712,37,Male,Master's,Human Resources,HR Executive,2,13477,High,13,1,0,1,No,Travel_Rarely,26,High,High,Medium,Low,3,17,0,3,4,5,8,Single,No,2024-03-18
EMP10713,45,Male,High School,Research & Development,Research Scientist,2,24471,Very High,18,1,1,1,Yes,Travel_Frequently,14,Very High,High,Medium,Very High,3,11,2,1,1,2,0,Single,No,2011-04-09
EMP10714,39,Female,Bachelor's,Research & Development,Laboratory Technician,3,25000,Very High,19,6,1,3,Yes,Non-Travel,30,High,Very High,Medium,Medium,3,15,1,2,0,6,14,Single,No,2021-09-09
EMP10715,60,Female,Master's,Research & Development,Research Scientist,4,15120,Very High,32,6,3,2,No,Travel_Rarely,13,Medium,High,Medium,Medium,3,14,0,2,3,10,14,Married,No,2024-11-22
EMP10716,46,Female,Bachelor's,Marketing,Marketing Executive,2,25000,Very High,21,6,6,2,No,Non-Travel,3,High,High,High,High,3,24,2,6,0,1,1,Single,No,2019-08-07
EMP10717,31,Male,High School,It,Manager,1,21136,Very High,6,2,2,1,Yes,Travel_Rarely,23,High,Very High,High,High,3,16,1,4,3,1,11,Single,No,2025-11-04
EMP10718,26,Male,Master's,Marketing,Marketing Executive,3,14772,High,1,1,1,1,No,Travel_Rarely,2,Low,Low,Medium,Very High,3,19,2,4,3,10,17,Married,No,2010-08-02
EMP10719,22,Female,PhD,Sales,Manager,1,25000,Very High,0,0,0,0,Yes,Travel_Rarely,22,Low,Very High,Low,High,3,22,1,5,4,3,9,Single,Yes,2017-07-13
EMP10720,29,Male,Bachelor's,Finance,Finance Manager,4,19360,Very High,0,0,0,0,Yes,Travel_Rarely,7,Low,Medium,Low,Very High,3,14,2,3,1,10,12,Single,No,2014-06-25
EMP10721,53,Female,Master's,Marketing,Marketing Executive,1,25000,Very High,21,7,3,3,Yes,Travel_Frequently,28,Medium,High,Medium,High,3,23,0,1,1,7,8,Married,No,2011-12-08
EMP10722,44,Male,Unknown,Sales,Sales Representative,4,19316,Very High,13,3,3,0,Yes,Travel_Rarely,12,High,Medium,High,High,3,23,1,4,0,2,2,Married,No,2016-01-12
EMP10723,54,Female,PhD,Sales,Sales Representative,2,21441,Very High,24,2,2,2,No,Travel_Rarely,2,Medium,Very High,Medium,Medium,3,24,3,0,3,7,7,Married,No,2010-01-07
EMP10724,35,Male,Bachelor's,Finance,Finance Manager,3,25000,Very High,9,2,0,2,No,Travel_Frequently,11,Medium,High,Very High,Very High,3,24,2,2,3,6,13,Single,No,2018-05-11
EMP10725,21,Male,Master's,Human Resources,Manager,2,25000,Very High,0,0,0,0,No,Travel_Rarely,16,Very High,Low,High,High,4,12,0,0,2,4,15,Single,No,2018-09-30
EMP10726,43,Female,High School,It,Manager,5,8973,High,22,2,2,2,Yes,Travel_Rarely,27,High,Medium,Very High,Low,3,15,0,2,1,11,5,Married,Yes,2014-12-20
EMP10727,29,Male,Master's,Sales,Sales Representative,1,13299,High,6,0,0,0,Yes,Travel_Rarely,5,High,Medium,Medium,Low,3,16,1,0,3,3,8,Single,No,2019-08-23
EMP10728,57,Male,Master's,It,Manager,1,25000,Very High,30,2,1,1,No,Non-Travel,26,Medium,High,Very High,Very High,3,10,2,2,0,9,20,Married,No,2020-04-05
EMP10729,41,Male,Bachelor's,Sales,Sales Representative,1,20755,Very High,10,0,0,0,No,Travel_Frequently,28,Low,High,High,High,3,17,0,4,4,9,3,Single,No,2020-09-02
EMP10730,45,Female,Bachelor's,Sales,Sales Executive,4,17402,Very High,12,1,1,1,No,Travel_Rarely,26,Low,Very High,Medium,Medium,3,17,3,0,4,1,18,Single,No,2022-08-24
EMP10731,58,Female,Master's,Sales,Sales Executive,2,11952,High,29,7,0,3,No,Travel_Rarely,17,Low,High,Medium,High,3,25,2,3,1,8,14,Single,No,2014-12-04
EMP10732,46,Male,Master's,It,Manager,2,13550,High,24,2,0,0,No,Travel_Rarely,3,Medium,High,Very High,Very High,4,22,0,3,1,3,10,Married,Yes,2012-04-13
EMP10733,48,Male,Bachelor's,Finance,Accountant,2,8868,High,23,6,5,0,Yes,Travel_Rarely,14,High,High,Medium,Low,3,13,0,1,2,4,20,Married,No,2018-04-11
EMP10734,57,Male,Bachelor's,Research & Development,Laboratory Technician,3,21045,Very High,36,6,1,0,No,Travel_Frequently,16,Low,Medium,Low,Medium,3,23,3,1,1,1,9,Married,Yes,2023-08-14
EMP10735,39,Female,Master's,Research & Development,Manager,2,16826,Very High,10,4,1,1,No,Travel_Rarely,17,Low,Very High,Medium,High,4,23,0,6,3,1,7,Married,No,2011-07-12
EMP10736,46,Male,Bachelor's,It,Manager,2,14257,High,25,16,5,0,No,Travel_Rarely,28,Medium,Low,Medium,Low,3,25,1,5,3,1,2,Single,No,2022-02-08
EMP10737,60,Male,High School,Research & Development,Research Director,3,21361,Very High,39,0,0,0,No,Non-Travel,19,High,Medium,Medium,Medium,4,17,2,1,3,9,18,Divorced,No,2014-11-25
EMP10738,39,Male,Master's,It,IT Support,3,25000,Very High,12,7,3,1,No,Travel_Frequently,4,High,High,High,Medium,3,12,1,0,3,1,3,Single,No,2018-05-12
EMP10739,38,Male,Bachelor's,Research & Development,Manager,1,25000,Very High,9,9,2,4,Yes,Travel_Rarely,28,High,Very High,High,High,3,22,1,2,2,8,12,Single,No,2017-11-08
EMP10740,39,Female,Bachelor's,Research & Development,Research Director,1,11155,High,9,9,3,0,No,Travel_Rarely,28,Medium,High,High,Low,3,24,3,5,1,11,8,Single,No,2023-07-28
EMP10741,54,Male,Bachelor's,Research & Development,Laboratory Technician,1,25000,Very High,29,1,1,1,Yes,Travel_Rarely,21,Medium,Very High,Medium,Low,3,14,1,1,1,4,20,Divorced,No,2018-08-06
EMP10742,21,Male,Master's,Research & Development,Research Scientist,2,21729,Very High,1,1,1,1,No,Travel_Rarely,20,Low,Low,Low,Low,3,12,1,4,1,10,19,Single,No,2017-02-18
EMP10743,49,Male,Bachelor's,Finance,Accountant,2,15513,Very High,30,1,1,1,No,Travel_Rarely,15,Medium,High,Medium,Medium,3,11,1,3,2,5,12,Married,No,2023-06-02
EMP10744,53,Female,Master's,Research & Development,Manager,2,24136,Very High,23,5,1,0,No,Travel_Rarely,25,Very High,Medium,High,Medium,3,14,0,3,2,3,8,Single,No,2010-06-04
EMP10745,41,Male,Master's,Sales,Sales Executive,4,17927,Very High,21,6,0,6,No,Travel_Frequently,25,Very High,High,Low,Medium,3,17,3,4,3,1,19,Married,Yes,2021-02-28
EMP10746,22,Male,High School,It,IT Support,1,23946,Very High,0,0,0,0,No,Non-Travel,9,High,Medium,High,Medium,3,18,0,3,2,2,18,Single,No,2010-07-07
EMP10747,25,Male,Master's,Research & Development,Research Director,3,25000,Very High,4,4,2,4,Yes,Travel_Rarely,11,Very High,High,Medium,Medium,3,14,0,0,2,2,15,Married,No,2015-08-27
EMP10748,34,Female,Bachelor's,Research & Development,Research Scientist,2,25000,Very High,9,6,0,1,No,Travel_Rarely,5,High,Low,High,Low,3,12,1,6,0,10,17,Single,Yes,2017-05-11
EMP10749,46,Female,Master's,Marketing,Marketing Executive,1,25000,Very High,22,3,1,3,Yes,Travel_Rarely,11,Low,Medium,High,High,3,21,0,4,3,10,18,Single,No,2013-10-06
EMP10750,29,Male,Bachelor's,Human Resources,HR Executive,2,18149,Very High,7,7,1,1,No,Non-Travel,13,Very High,Low,Low,Very High,3,12,0,6,3,9,16,Married,No,2025-09-29
EMP10751,28,Male,Master's,Sales,Sales Representative,4,11296,High,3,3,1,3,No,Travel_Frequently,21,Low,Medium,High,High,3,17,0,0,0,7,11,Single,No,2020-02-18
EMP10752,52,Male,Bachelor's,Marketing,Manager,1,20054,Very High,30,0,0,0,Yes,Travel_Rarely,2,High,Low,High,High,3,12,1,5,1,7,10,Single,No,2012-06-14
EMP10753,51,Female,High School,Human Resources,HR Executive,2,25000,Very High,19,5,3,0,Yes,Travel_Rarely,22,Medium,Medium,High,Very High,3,25,2,6,0,5,16,Single,No,2020-11-26
EMP10754,25,Male,PhD,Research & Development,Laboratory Technician,1,11079,High,6,1,0,1,No,Travel_Frequently,2,Medium,Medium,Very High,Medium,3,18,2,3,0,10,5,Married,No,2023-09-10
EMP10755,60,Female,High School,Sales,Sales Representative,1,13701,High,34,4,1,2,No,Travel_Rarely,10,High,Medium,Low,High,4,19,0,4,0,9,14,Single,No,2021-08-07
EMP10756,55,Female,Master's,It,IT Support,2,23314,Very High,25,16,0,0,No,Travel_Rarely,13,Medium,Low,High,High,3,25,1,4,2,10,1,Divorced,No,2017-11-02
EMP10757,21,Male,Bachelor's,Human Resources,Manager,3,14142,High,0,0,0,0,Yes,Travel_Rarely,5,Medium,Medium,Low,Medium,4,24,3,5,0,7,13,Married,No,2014-11-05
EMP10758,48,Male,Bachelor's,Research & Development,Laboratory Technician,3,15419,Very High,18,3,2,3,No,Travel_Frequently,11,Medium,High,Medium,High,3,10,2,5,4,2,2,Single,No,2018-04-06
EMP10759,23,Female,Master's,It,Manager,2,18204,Very High,0,0,0,0,No,Travel_Rarely,29,Medium,Very High,Low,High,3,24,0,5,0,6,11,Single,No,2022-04-17
EMP10760,20,Male,Bachelor's,It,IT Support,4,11914,High,0,0,0,0,Yes,Travel_Frequently,15,Very High,High,Medium,Very High,3,10,1,4,1,4,5,Divorced,No,2013-04-02
EMP10761,38,Female,Master's,Sales,Manager,1,14209,High,14,4,2,2,No,Travel_Rarely,28,High,Medium,Medium,Very High,3,14,2,3,1,8,4,Single,No,2015-03-31
EMP10762,45,Male,Bachelor's,Research & Development,Research Director,3,25000,Very High,19,1,1,1,No,Travel_Frequently,28,Medium,High,High,Medium,3,13,2,3,1,8,6,Married,No,2012-09-14
EMP10763,44,Male,Bachelor's,Sales,Sales Representative,2,12230,High,14,4,4,0,No,Travel_Rarely,5,Medium,Medium,High,Medium,4,12,1,3,0,4,5,Married,No,2018-12-01
EMP10764,29,Female,Master's,Finance,Finance Manager,4,10732,High,4,0,0,0,No,Travel_Rarely,20,High,High,High,Medium,3,10,2,1,3,5,20,Single,No,2016-04-25
EMP10765,34,Female,Bachelor's,Sales,Sales Executive,3,16589,Very High,10,2,2,0,No,Travel_Frequently,5,Low,Medium,High,Medium,3,16,0,1,1,0,18,Married,No,2019-11-13
EMP10766,41,Male,Bachelor's,Research & Development,Research Director,4,25000,Very High,20,1,1,1,No,Travel_Frequently,7,Medium,High,High,High,3,10,0,6,0,11,13,Married,No,2013-09-15
EMP10767,40,Female,Master's,It,Data Analyst,1,20159,Very High,14,14,2,2,Yes,Non-Travel,10,Medium,High,Low,Medium,3,25,1,2,1,11,17,Married,No,2012-09-20
EMP10768,41,Male,Bachelor's,It,Manager,2,17871,Very High,20,6,1,6,No,Travel_Rarely,29,Very High,Very High,Low,Very High,3,15,1,6,2,3,20,Married,Yes,2016-10-31
EMP10769,55,Male,Bachelor's,Sales,Research Scientist,3,22471,Very High,32,2,1,0,Yes,Travel_Rarely,2,Low,Medium,Very High,Low,3,19,3,4,2,0,13,Single,No,2012-02-29
EMP10770,53,Male,Master's,It,IT Support,3,10041,High,20,0,0,0,No,Travel_Rarely,1,Low,Very High,High,Medium,3,11,3,6,0,3,7,Married,Yes,2017-06-01
EMP10771,49,Male,Master's,Sales,Sales Representative,2,25000,Very High,27,4,0,3,No,Travel_Rarely,20,Medium,High,Medium,Very High,3,23,0,3,1,11,13,Married,No,2024-08-19
EMP10772,44,Male,Bachelor's,It,IT Support,1,25000,Very High,16,1,1,1,Yes,Travel_Frequently,23,Medium,Very High,Low,High,3,25,1,4,1,0,20,Single,No,2022-02-18
EMP10773,47,Male,Bachelor's,Sales,Sales Representative,1,18321,Very High,19,4,3,3,Yes,Travel_Rarely,1,High,High,Low,High,3,13,3,5,4,9,18,Married,No,2011-05-05
EMP10774,20,Female,Master's,Research & Development,Research Scientist,1,25000,Very High,0,0,0,0,No,Travel_Rarely,4,Medium,High,Very High,High,3,17,3,0,1,3,2,Married,No,2022-05-12
EMP10775,23,Female,Bachelor's,It,Data Analyst,3,13262,High,0,0,0,0,No,Travel_Rarely,15,Medium,High,High,Medium,3,12,2,0,3,5,14,Single,No,2022-11-21
EMP10776,26,Male,Bachelor's,Sales,Manager,3,25000,Very High,0,0,0,0,No,Travel_Rarely,15,Low,High,Medium,High,3,18,2,3,2,8,20,Single,No,2020-11-12
EMP10777,28,Female,PhD,Sales,Sales Representative,1,23612,Very High,6,4,4,2,No,Non-Travel,30,Low,High,Very High,High,3,14,3,1,1,1,15,Married,No,2013-11-20
EMP10778,55,Male,Bachelor's,Finance,Financial Analyst,4,18931,Very High,33,13,1,7,No,Travel_Rarely,6,High,High,High,Low,3,15,2,6,3,1,14,Single,No,2024-01-20
EMP10779,38,Male,Master's,Finance,Finance Manager,1,21830,Very High,11,11,4,0,No,Travel_Rarely,6,Very High,High,High,Medium,3,11,3,2,0,5,13,Married,No,2020-07-01
EMP10780,20,Female,Master's,Human Resources,HR Specialist,2,20989,Very High,0,0,0,0,No,Travel_Frequently,1,Medium,Medium,High,High,3,10,2,6,2,10,14,Divorced,No,2010-01-08
EMP10781,29,Male,Master's,Finance,Financial Analyst,1,25000,Very High,0,0,0,0,No,Travel_Rarely,7,Low,High,High,Medium,3,14,1,1,0,9,6,Married,No,2018-01-09
EMP10782,55,Female,Master's,Research & Development,Research Scientist,3,13568,High,40,3,3,1,No,Travel_Rarely,30,Unknown,Medium,Low,High,3,10,2,4,1,11,4,Married,No,2016-01-16
EMP10783,28,Male,Bachelor's,Sales,Manager,3,15629,Very High,4,1,1,1,No,Travel_Rarely,5,High,Medium,High,High,3,13,1,1,0,5,8,Married,Yes,
EMP10784,51,Male,Bachelor's,Research & Development,Research Director,2,25000,Very High,26,5,0,4,Yes,Travel_Rarely,22,High,High,Low,Medium,4,25,0,3,2,11,15,Single,No,2024-05-14
EMP10785,51,Male,Master's,Sales,Unknown,2,16848,Very High,29,3,1,1,No,Travel_Rarely,17,Medium,High,High,Medium,4,17,2,5,0,2,1,Married,No,2023-02-01
EMP10786,25,Female,Bachelor's,Marketing,Marketing Specialist,1,25000,Very High,0,0,0,0,No,Travel_Rarely,7,High,Medium,Medium,High,3,23,1,5,0,1,6,Single,No,2012-03-29
EMP10787,57,Female,Master's,Human Resources,Manager,2,25000,Very High,25,1,1,1,Yes,Travel_Rarely,4,High,High,Medium,High,3,21,3,1,0,2,11,Married,No,2012-10-03
EMP10788,36,Female,Bachelor's,Research & Development,Research Scientist,2,18383,Very High,10,3,2,3,No,Travel_Rarely,3,Very High,High,Very High,Medium,3,22,0,0,3,11,15,Married,No,2023-10-16
EMP10789,29,Male,Master's,Research & Development,Laboratory Technician,1,25000,Very High,0,0,0,0,No,Travel_Rarely,12,Low,Medium,High,High,3,11,2,3,3,11,3,Single,No,2017-01-16
EMP10790,46,Male,Bachelor's,Marketing,Marketing Specialist,3,13106,High,19,4,4,1,Yes,Travel_Rarely,27,Medium,High,Medium,High,3,15,3,6,1,3,1,Married,Yes,2011-06-28
EMP10791,54,Female,Bachelor's,Sales,Sales Executive,2,25000,Very High,33,6,1,1,Yes,Non-Travel,29,Low,High,Very High,Low,3,21,3,3,0,3,16,Single,No,2015-06-15
EMP10792,40,Male,Bachelor's,Human Resources,HR Specialist,1,24095,Very High,21,2,2,2,No,Travel_Rarely,15,Very High,Medium,High,High,3,19,2,6,3,6,16,Divorced,No,2015-09-28
EMP10793,44,Male,Master's,Research & Development,Research Scientist,1,25000,Very High,23,4,1,1,No,Travel_Frequently,20,Unknown,High,Medium,High,4,22,2,3,2,3,2,Married,No,2021-03-15
EMP10794,47,Female,High School,Human Resources,Manager,1,16473,Very High,29,3,1,0,Yes,Travel_Rarely,9,High,Low,Medium,Low,4,23,1,1,2,9,15,Married,No,2012-02-18
EMP10795,34,Male,Master's,Sales,Manager,1,10431,High,7,5,3,5,Yes,Travel_Rarely,21,Low,Very High,High,High,3,24,1,0,0,5,4,Married,No,2025-08-12
EMP10796,23,Male,Bachelor's,It,Data Analyst,2,25000,Very High,2,0,0,0,No,Travel_Rarely,12,Medium,High,Medium,Very High,3,14,0,1,1,5,6,Single,No,2015-10-17
EMP10797,48,Female,Bachelor's,Marketing,Manager,1,8703,High,17,3,0,3,No,Non-Travel,5,Medium,High,Very High,Medium,3,10,2,4,3,9,12,Single,No,2010-06-17
EMP10798,28,Female,Master's,Research & Development,Manager,3,19095,Very High,2,2,2,2,Yes,Travel_Rarely,8,High,Low,Medium,Medium,4,17,0,5,3,2,8,Single,Yes,2018-02-25
EMP10799,46,Female,Bachelor's,Finance,Accountant,2,25000,Very High,19,2,2,2,Yes,Travel_Rarely,15,Medium,High,Medium,High,3,14,1,2,3,8,7,Single,No,2020-06-28
EMP10800,45,Male,Bachelor's,Marketing,Marketing Specialist,1,24013,Very High,18,16,6,3,No,Non-Travel,7,Low,High,Medium,Medium,3,18,2,2,1,9,0,Married,No,2015-03-14
EMP10801,38,Male,Bachelor's,Finance,Accountant,4,25000,Very High,8,1,1,1,No,Travel_Frequently,19,High,Very High,Low,Very High,3,11,3,5,4,4,3,Married,No,2015-11-22
EMP10802,47,Female,Master's,Sales,Sales Representative,1,25000,Very High,19,2,2,2,No,Travel_Rarely,13,Medium,Medium,High,High,3,24,0,2,3,9,20,Married,No,2011-12-27
EMP10803,36,Female,Master's,Human Resources,HR Specialist,2,16412,Very High,7,4,4,3,No,Non-Travel,1,Medium,Low,Very High,Very High,3,15,2,5,0,8,6,Married,Yes,2018-11-04
EMP10804,60,Male,Bachelor's,Human Resources,HR Executive,2,22299,Very High,39,10,6,0,No,Travel_Rarely,28,Low,Medium,Medium,High,4,16,3,4,3,9,10,Single,No,2020-07-25
EMP10805,39,Female,Bachelor's,Research & Development,Laboratory Technician,1,21562,Very High,20,3,3,1,Unknown,Travel_Rarely,11,High,Medium,Medium,Medium,3,10,1,4,3,5,7,Divorced,No,2015-11-19
EMP10806,59,Female,High School,Finance,Finance Manager,1,10808,High,40,7,6,2,No,Travel_Rarely,13,High,Medium,Very High,High,3,23,3,4,4,5,7,Married,No,2025-03-28
EMP10807,58,Male,Master's,Marketing,Manager,1,14426,High,35,10,5,8,No,Travel_Rarely,2,Very High,Very High,Medium,High,3,19,0,0,0,8,19,Married,No,2017-06-18
EMP10808,42,Female,Bachelor's,Marketing,Manager,3,17114,Very High,12,2,2,2,Yes,Travel_Rarely,19,Medium,Medium,High,High,3,13,2,3,0,9,10,Divorced,No,2011-06-26
EMP10809,51,Male,Master's,Research & Development,Research Scientist,3,8811,High,27,2,1,2,No,Travel_Frequently,11,Very High,High,Low,Very High,4,11,3,5,0,4,6,Married,No,2024-05-02
EMP10810,52,Male,Bachelor's,Sales,Sales Executive,2,22502,Very High,23,2,2,2,No,Travel_Rarely,1,Very High,High,Medium,High,3,16,2,6,3,2,10,Married,No,2013-12-03
EMP10811,24,Male,Master's,Marketing,Marketing Specialist,2,19691,Very High,4,4,4,1,No,Travel_Rarely,15,High,High,Medium,Medium,4,12,3,4,3,2,17,Married,No,2017-04-14
EMP10812,53,Male,Bachelor's,It,Software Engineer,2,10375,High,35,0,0,0,No,Travel_Frequently,8,Very High,Very High,Low,High,3,18,2,2,2,1,3,Married,No,2014-03-28
EMP10813,59,Female,PhD,Sales,Manager,1,25000,Very High,32,2,1,1,No,Travel_Rarely,13,Medium,High,High,Medium,4,17,0,5,4,1,5,Married,No,2021-12-09
EMP10814,30,Female,High School,Marketing,Manager,1,25000,Very High,13,6,3,2,No,Non-Travel,8,Medium,Medium,Medium,Medium,3,21,1,6,0,5,6,Married,No,2013-11-05
EMP10815,22,Female,Bachelor's,It,Data Analyst,1,24396,Very High,0,0,0,0,No,Non-Travel,2,Low,Medium,Medium,Medium,3,19,1,6,0,7,9,Single,No,2018-02-28
EMP10816,52,Male,Master's,Research & Development,Laboratory Technician,2,19038,Very High,23,3,0,3,No,Non-Travel,8,High,Very High,High,Low,3,22,3,2,2,10,7,Single,Yes,2010-09-30
EMP10817,30,Male,Master's,Human Resources,HR Specialist,1,25000,Very High,0,0,0,0,No,Travel_Frequently,27,High,Very High,High,Very High,3,16,0,5,3,7,3,Married,No,2023-12-21
EMP10818,35,Male,High School,Research & Development,Manager,1,25000,Very High,11,1,1,1,No,Travel_Rarely,29,High,Medium,High,Medium,3,17,2,5,2,7,8,Married,No,2011-01-04
EMP10819,37,Male,PhD,Sales,Sales Executive,1,25000,Very High,9,3,1,3,No,Travel_Rarely,14,Low,High,Medium,High,3,10,0,1,2,9,5,Married,No,2011-01-12
EMP10820,49,Male,Bachelor's,Research & Development,Research Director,2,15198,Very High,23,3,2,1,Yes,Travel_Rarely,2,Medium,High,Medium,High,3,19,0,6,3,6,16,Married,No,2012-12-19
EMP10821,29,Male,Bachelor's,It,IT Support,2,24946,Very High,0,0,0,0,Yes,Travel_Rarely,13,Low,High,High,Very High,4,21,3,3,1,1,18,Single,No,2012-02-11
EMP10822,37,Male,Bachelor's,Sales,Sales Representative,1,25000,Very High,5,2,2,2,No,Travel_Rarely,27,High,Very High,High,High,3,15,1,4,4,9,13,Single,No,2022-05-18
EMP10823,57,Male,Bachelor's,Research & Development,Research Scientist,1,16840,Very High,38,10,1,2,No,Travel_Rarely,5,Low,Medium,High,High,4,16,0,3,1,10,0,Married,No,2015-07-01
EMP10824,38,Male,Master's,Research & Development,Research Director,1,25000,Very High,12,5,0,0,No,Non-Travel,1,Unknown,High,Low,High,3,16,3,4,1,1,5,Married,No,2020-11-14
EMP10825,55,Male,Bachelor's,Research & Development,Research Director,1,17387,Very High,24,0,0,0,Yes,Non-Travel,9,Medium,Medium,Low,Very High,3,22,2,2,4,9,6,Divorced,Yes,2024-05-23
EMP10826,32,Female,Bachelor's,Marketing,Marketing Executive,1,22350,Very High,11,6,4,3,No,Travel_Rarely,20,Medium,High,High,Low,3,23,1,3,1,6,0,Married,No,2024-08-29
EMP10827,22,Male,Bachelor's,Research & Development,Manager,1,16275,Very High,0,0,0,0,Yes,Travel_Rarely,10,Very High,Medium,Very High,High,3,18,1,3,3,3,16,Married,No,2014-03-04
EMP10828,29,Male,Bachelor's,Research & Development,Manager,3,24354,Very High,0,0,0,0,No,Travel_Rarely,30,Medium,High,Medium,Very High,3,16,2,4,1,5,20,Single,No,2013-07-02
EMP10829,57,Female,Master's,Finance,Financial Analyst,2,10057,High,31,10,6,2,Yes,Travel_Frequently,11,Low,Medium,Very High,Very High,4,21,0,4,1,8,20,Single,No,2015-01-27
EMP10830,20,Female,Master's,Research & Development,Research Scientist,1,21729,Very High,0,0,0,0,Yes,Travel_Rarely,18,Medium,High,Medium,Low,3,16,1,6,1,4,16,Married,No,2013-10-04
EMP10831,46,Female,Bachelor's,Sales,Sales Executive,1,13474,High,16,1,1,1,Yes,Travel_Rarely,17,Low,High,Very High,High,3,22,0,3,3,9,6,Married,No,2012-01-08
EMP10832,27,Male,High School,Research & Development,Research Director,1,23410,Very High,2,2,0,1,No,Travel_Rarely,6,Very High,Low,High,Medium,3,15,3,5,2,3,13,Married,No,2019-06-02
EMP10833,36,Male,Master's,Sales,Manager,1,25000,Very High,18,2,1,1,No,Travel_Rarely,11,High,Medium,High,High,3,12,2,4,0,2,6,Single,No,2019-10-15
EMP10834,28,Female,Bachelor's,Sales,Sales Executive,5,25000,Very High,0,0,0,0,Yes,Non-Travel,24,Unknown,High,High,High,3,22,1,3,4,6,12,Married,No,2024-04-14
EMP10835,25,Female,Bachelor's,Research & Development,Laboratory Technician,3,7576,Medium,3,2,1,0,No,Travel_Rarely,4,High,Low,Medium,Low,3,15,2,1,4,6,17,Single,No,2013-07-24
EMP10836,44,Male,Bachelor's,Research & Development,Laboratory Technician,1,25000,Very High,21,5,2,1,Unknown,Travel_Rarely,1,Low,High,Low,Very High,3,18,1,3,3,6,20,Single,No,2021-04-13
EMP10837,58,Male,Bachelor's,Marketing,Manager,2,25000,Very High,26,1,1,1,No,Travel_Frequently,1,High,High,High,Medium,3,20,2,0,0,4,6,Divorced,No,2016-11-21
EMP10838,47,Male,Master's,Research & Development,Research Director,1,15531,Very High,27,9,0,1,No,Travel_Frequently,22,Very High,Medium,Medium,Very High,3,19,3,3,1,9,1,Married,No,2025-08-03
EMP10839,52,Male,Bachelor's,Human Resources,HR Executive,1,23640,Very High,25,8,7,3,No,Travel_Frequently,18,Very High,High,High,Very High,4,12,3,6,4,7,20,Single,No,2014-06-08
EMP10840,56,Female,PhD,Human Resources,HR Specialist,3,23844,Very High,28,3,3,1,No,Travel_Rarely,5,Medium,High,High,Medium,4,12,0,6,1,10,18,Married,No,2019-11-17
EMP10841,28,Male,Bachelor's,Sales,Manager,1,16316,Very High,0,0,0,0,No,Travel_Rarely,16,Medium,Medium,Medium,High,3,20,3,5,3,1,13,Married,No,2020-05-08
EMP10842,37,Female,Bachelor's,Finance,Finance Manager,2,24078,Very High,6,1,1,1,No,Travel_Rarely,2,Low,Medium,High,Medium,3,16,2,1,3,3,0,Single,No,2016-10-08
EMP10843,40,Male,PhD,Sales,Sales Executive,2,16758,Very High,14,0,0,0,No,Travel_Rarely,9,High,Very High,Low,Low,3,16,2,1,3,0,15,Divorced,No,2022-10-18
EMP10844,21,Female,Master's,Marketing,Manager,2,18362,Very High,0,0,0,0,No,Travel_Rarely,2,High,High,Medium,Very High,3,14,3,5,2,5,6,Single,No,2024-09-28
EMP10845,57,Male,Master's,Sales,Manager,5,16174,Very High,32,3,1,1,Yes,Travel_Rarely,5,Medium,Medium,High,Medium,3,17,2,6,3,5,15,Married,No,2022-12-27
EMP10846,59,Male,Bachelor's,Research & Development,Laboratory Technician,3,11560,High,37,4,1,0,No,Travel_Rarely,20,Very High,High,High,High,3,17,2,6,1,2,19,Divorced,No,2011-07-04
EMP10847,55,Male,Master's,Sales,Sales Representative,3,23520,Very High,28,11,2,0,No,Non-Travel,27,Low,High,Medium,Very High,3,20,2,2,2,0,11,Married,No,2018-10-25
EMP10848,56,Female,Bachelor's,Marketing,Manager,2,25000,Very High,28,18,2,1,No,Travel_Rarely,17,Low,High,Medium,Low,4,20,0,5,1,11,4,Divorced,No,2014-03-11
EMP10849,34,Female,Bachelor's,Research & Development,Manager,1,25000,Very High,4,4,1,1,No,Non-Travel,26,Low,Very High,High,High,3,24,0,2,3,4,16,Single,No,2022-09-29
EMP10850,47,Male,Master's,Human Resources,HR Specialist,3,25000,Very High,18,7,4,6,No,Travel_Rarely,25,Medium,Low,Medium,High,3,11,1,6,2,11,20,Single,No,2015-10-28
EMP10851,37,Female,Master's,Sales,Sales Representative,5,25000,Very High,15,0,0,0,Yes,Travel_Rarely,19,Low,High,Very High,High,3,20,2,0,0,0,12,Married,No,2022-09-10
EMP10852,53,Male,Master's,Finance,Financial Analyst,2,17331,Very High,25,1,1,1,Yes,Travel_Rarely,10,High,Very High,Very High,Very High,3,15,0,4,3,2,13,Married,No,2022-07-11
EMP10853,41,Female,Master's,Sales,Sales Representative,5,25000,Very High,19,7,2,4,No,Travel_Frequently,8,Medium,High,Medium,High,3,14,3,4,2,7,15,Married,No,2021-01-10
EMP10854,30,Female,High School,It,Data Analyst,1,11958,High,5,3,3,3,No,Travel_Rarely,20,Medium,High,Very High,High,3,13,2,1,2,9,12,Married,No,2016-05-14
EMP10855,32,Female,Bachelor's,Sales,Sales Executive,1,14687,High,10,3,2,3,No,Travel_Frequently,11,High,Medium,Medium,Very High,3,16,2,1,2,8,17,Single,No,2014-11-03
EMP10856,23,Male,Master's,Sales,Manager,1,14273,High,0,0,0,0,No,Travel_Rarely,13,Medium,Medium,High,Very High,3,13,1,2,4,2,17,Married,No,2010-04-23
EMP10857,41,Male,Bachelor's,Sales,Sales Executive,2,25000,Very High,19,5,1,3,No,Non-Travel,13,High,High,Medium,High,3,14,3,6,2,8,8,Married,No,2025-11-28
EMP10858,26,Female,Bachelor's,Research & Development,Research Scientist,3,25000,Very High,6,1,1,1,Yes,Travel_Rarely,9,Medium,Very High,Low,High,3,17,3,1,0,6,0,Married,No,2017-10-10
EMP10859,43,Male,Bachelor's,Research & Development,Laboratory Technician,1,25000,Very High,22,5,0,1,No,Travel_Frequently,5,High,Low,Very High,High,3,14,2,3,3,7,1,Married,No,2024-03-20
EMP10860,23,Male,Bachelor's,Sales,Sales Representative,4,25000,Very High,5,1,1,1,No,Travel_Rarely,18,Very High,Medium,High,High,3,20,0,3,3,5,7,Single,No,2021-05-19
EMP10861,47,Female,PhD,It,Data Analyst,2,14829,High,19,0,0,0,Yes,Travel_Frequently,8,Low,Very High,High,High,3,22,1,0,3,4,12,Single,Yes,2022-08-15
EMP10862,34,Male,Bachelor's,Research & Development,Laboratory Technician,2,25000,Very High,4,2,2,2,No,Travel_Rarely,29,High,Low,Low,Low,3,20,1,6,2,9,5,Married,No,2019-05-30
EMP10863,20,Female,Bachelor's,Research & Development,Research Scientist,3,20820,Very High,0,0,0,0,Yes,Travel_Rarely,20,Very High,High,Very High,Medium,3,25,1,3,3,7,18,Divorced,No,2019-09-02
EMP10864,22,Female,Master's,Research & Development,Laboratory Technician,1,25000,Very High,0,0,0,0,No,Non-Travel,14,High,Medium,Medium,High,3,18,2,0,0,11,18,Married,No,2018-06-03
EMP10865,33,Female,High School,Research & Development,Research Director,3,20913,Very High,16,0,0,0,Yes,Travel_Rarely,2,Medium,Medium,Medium,High,3,19,1,2,4,1,1,Married,No,2017-08-23
EMP10866,57,Male,Master's,Research & Development,Research Scientist,1,18523,Very High,36,1,1,1,No,Travel_Rarely,22,Medium,Medium,Medium,High,4,11,0,3,0,6,9,Married,No,2010-02-27
EMP10867,20,Male,Bachelor's,Sales,Manager,1,25000,Very High,0,0,0,0,No,Travel_Frequently,16,High,Medium,Very High,High,3,11,3,0,4,0,4,Married,Yes,2022-12-18
EMP10868,57,Male,Master's,Sales,Sales Representative,2,25000,Very High,31,3,0,3,No,Travel_Rarely,1,Very High,High,Medium,Medium,4,24,0,6,3,6,0,Single,No,2014-10-23
EMP10869,57,Male,High School,It,Software Engineer,4,16305,Very High,29,0,0,0,No,Travel_Rarely,24,Low,Medium,Medium,Low,3,18,1,4,1,5,12,Single,No,2025-07-02
EMP10870,40,Male,Bachelor's,Marketing,Manager,2,21429,Very High,16,0,0,0,Yes,Travel_Rarely,25,Low,High,High,High,3,11,3,0,4,3,11,Single,No,2010-12-25
EMP10871,48,Male,Bachelor's,Research & Development,Laboratory Technician,2,13680,High,26,22,4,3,No,Travel_Frequently,23,Medium,Medium,High,Medium,3,12,1,5,0,2,9,Married,No,2012-02-03
EMP10872,24,Male,Bachelor's,Sales,Sales Representative,3,7157,Medium,4,4,1,3,No,Travel_Rarely,29,Medium,Medium,Medium,Very High,4,15,1,6,0,8,2,Single,No,2024-11-20
EMP10873,29,Male,Master's,Human Resources,Manager,1,24106,Very High,5,2,0,2,No,Travel_Rarely,13,Medium,Very High,High,Medium,3,13,2,3,1,5,14,Married,No,2024-07-18
EMP10874,47,Female,High School,Research & Development,Research Scientist,3,25000,Very High,16,3,3,3,No,Travel_Rarely,25,Medium,Medium,Medium,High,3,17,3,0,4,5,4,Divorced,No,2011-06-13
EMP10875,40,Male,Master's,Sales,Manager,2,24783,Very High,8,2,2,1,Yes,Travel_Frequently,18,Medium,Medium,High,Low,3,17,1,5,4,0,18,Married,No,
EMP10876,26,Male,Bachelor's,Sales,Sales Representative,1,9161,High,0,0,0,0,Yes,Non-Travel,27,Low,Low,High,Medium,3,11,1,2,0,4,18,Single,No,2023-01-15
EMP10877,22,Female,Master's,Finance,Accountant,2,18810,Very High,0,0,0,0,No,Travel_Frequently,1,Very High,Medium,High,Medium,4,24,2,1,4,11,20,Married,No,2015-04-14
EMP10878,39,Female,Master's,Finance,Finance Manager,1,8117,High,13,11,2,2,No,Travel_Rarely,7,Low,High,High,High,3,11,3,4,1,6,12,Married,No,2016-03-26
EMP10879,38,Male,Bachelor's,Sales,Sales Executive,1,25000,Very High,15,1,1,0,No,Travel_Rarely,4,Medium,High,Medium,High,3,12,1,2,4,3,7,Single,No,2018-02-19
EMP10880,54,Female,Bachelor's,Sales,Unknown,1,13511,High,31,9,9,3,No,Travel_Rarely,10,Medium,High,Very High,Low,3,23,1,4,4,11,7,Married,No,2015-04-06
EMP10881,23,Male,Master's,Sales,Sales Executive,1,25000,Very High,0,0,0,0,No,Travel_Rarely,8,Very High,High,High,Medium,3,20,0,4,1,1,5,Single,No,2018-05-05
EMP10882,24,Male,Bachelor's,Finance,Accountant,2,25000,Very High,0,0,0,0,No,Non-Travel,3,High,Low,Medium,High,3,11,0,5,3,8,8,Married,No,2022-01-04
EMP10883,20,Female,Bachelor's,Sales,Sales Representative,2,14687,High,0,0,0,0,No,Travel_Frequently,23,High,Medium,Medium,High,3,14,0,0,4,5,13,Married,No,2019-07-03
EMP10884,23,Female,Master's,Sales,Sales Executive,2,13230,High,1,1,1,1,No,Travel_Rarely,7,Low,High,High,Low,3,10,2,6,0,8,4,Married,No,2018-12-03
EMP10885,31,Male,PhD,It,Manager,1,25000,Very High,2,2,0,1,No,Travel_Rarely,27,High,High,High,Very High,4,16,0,1,2,7,15,Divorced,No,2015-10-04
EMP10886,46,Female,Master's,Sales,Sales Representative,3,15064,Very High,22,3,3,3,No,Travel_Rarely,26,Medium,High,Medium,Medium,3,17,0,0,0,0,13,Married,No,2014-10-10
EMP10887,42,Female,Master's,Finance,Accountant,1,23066,Very High,11,0,0,0,Yes,Travel_Rarely,25,Medium,Medium,Very High,Very High,4,21,1,0,0,1,9,Married,No,2024-01-26
EMP10888,44,Female,Bachelor's,Sales,Sales Representative,2,17725,Very High,19,16,2,2,No,Travel_Rarely,16,High,Medium,Low,Medium,3,13,2,3,3,1,16,Single,No,2013-12-17
EMP10889,40,Male,PhD,Sales,Manager,1,9882,High,15,11,2,11,No,Travel_Rarely,27,High,High,High,High,4,16,3,0,3,1,15,Married,No,2014-02-03
EMP10890,43,Male,Bachelor's,Sales,Sales Executive,2,8073,High,15,7,3,1,No,Travel_Rarely,20,High,Medium,High,High,3,18,1,1,0,3,19,Single,No,2025-12-07
EMP10891,44,Male,Bachelor's,Finance,Finance Manager,1,24392,Very High,12,12,1,2,No,Non-Travel,30,Very High,High,Very High,High,4,16,1,2,4,6,16,Married,No,2014-01-19
EMP10892,51,Male,Master's,It,IT Support,3,17108,Very High,23,1,1,1,Yes,Travel_Rarely,10,Very High,Medium,Medium,High,3,11,2,5,0,6,15,Married,Yes,2011-03-16
EMP10893,51,Male,Bachelor's,It,Data Analyst,4,17173,Very High,25,9,9,0,No,Travel_Rarely,13,Medium,Very High,High,Low,3,11,2,0,4,0,9,Married,No,2024-01-14
EMP10894,24,Female,High School,Research & Development,Manager,3,25000,Very High,0,0,0,0,No,Travel_Rarely,30,Medium,Very High,High,Medium,3,19,1,1,1,7,17,Divorced,No,2021-06-17
EMP10895,55,Female,Master's,Finance,Accountant,1,25000,Very High,31,10,6,5,Yes,Non-Travel,1,Low,High,Medium,Low,4,19,1,0,1,3,5,Married,No,2010-06-17
EMP10896,58,Female,High School,Sales,Manager,1,19484,Very High,31,8,5,1,No,Travel_Frequently,7,Very High,High,Very High,High,3,19,1,5,3,7,16,Single,No,2016-09-16
EMP10897,35,Male,Bachelor's,Sales,Sales Executive,4,18896,Very High,8,2,2,2,No,Travel_Rarely,10,Low,Very High,High,Very High,3,15,2,4,2,9,8,Single,No,2016-02-24
EMP10898,52,Male,Bachelor's,It,Manager,2,25000,Very High,24,7,6,3,No,Travel_Rarely,12,Very High,High,High,Medium,3,17,1,5,2,8,7,Single,Yes,2014-05-07
EMP10899,40,Male,Bachelor's,Sales,Sales Representative,4,11961,High,19,2,1,2,No,Travel_Rarely,14,Medium,Very High,Very High,High,3,21,1,0,3,6,7,Married,No,2024-12-28
EMP10900,28,Male,PhD,Sales,Manager,2,24353,Very High,0,0,0,0,Yes,Travel_Rarely,22,Medium,Medium,High,Low,3,19,3,3,1,2,11,Single,No,2023-03-21
EMP10901,25,Female,Bachelor's,Sales,Manager,4,25000,Very High,0,0,0,0,No,Travel_Rarely,11,Low,Low,High,Medium,3,20,0,4,3,11,17,Single,No,2016-07-04
EMP10902,54,Male,Bachelor's,Sales,Sales Representative,4,25000,Very High,30,14,3,1,No,Travel_Rarely,17,Medium,Very High,Medium,Medium,3,22,0,1,1,2,1,Married,No,2020-03-23
EMP10903,58,Female,Bachelor's,Sales,Sales Executive,2,9214,High,35,2,1,2,Yes,Travel_Rarely,9,Very High,High,High,Low,3,19,0,5,4,4,2,Married,No,2013-08-12
EMP10904,41,Male,Master's,Human Resources,HR Specialist,1,15637,Very High,14,4,1,4,No,Travel_Rarely,26,Low,High,High,Medium,3,23,0,0,1,6,10,Single,No,2014-09-30
EMP10905,60,Male,Master's,Research & Development,Manager,2,14836,High,30,2,1,1,No,Travel_Rarely,8,Medium,Very High,High,Very High,4,20,0,6,1,11,20,Single,No,2019-04-01
EMP10906,24,Female,Bachelor's,It,Data Analyst,4,23039,Very High,0,0,0,0,Yes,Travel_Rarely,10,Low,Very High,High,Very High,3,21,1,4,1,6,12,Married,No,2021-05-22
EMP10907,42,Male,Bachelor's,It,IT Support,4,25000,Very High,16,2,2,2,No,Travel_Rarely,4,Medium,Low,High,Very High,3,12,1,4,2,8,17,Divorced,No,2019-07-15
EMP10908,36,Male,Master's,Research & Development,Research Director,1,25000,Very High,11,8,8,1,No,Travel_Rarely,5,Low,High,Very High,Very High,3,10,3,2,1,0,10,Single,No,2013-01-21
EMP10909,31,Male,Bachelor's,Sales,Manager,2,17628,Very High,5,5,1,3,No,Travel_Rarely,24,Medium,High,High,High,3,10,2,4,0,2,13,Divorced,Yes,2012-04-20
EMP10910,42,Female,Bachelor's,Research & Development,Laboratory Technician,3,17608,Very High,23,3,1,3,No,Travel_Rarely,18,Very High,High,Medium,Medium,4,20,3,5,4,0,19,Married,No,2025-05-14
EMP10911,35,Female,Bachelor's,Human Resources,HR Specialist,2,25000,Very High,8,2,0,2,No,Travel_Frequently,6,Medium,Medium,High,High,3,11,2,1,2,5,3,Married,Yes,2015-01-10
EMP10912,22,Female,Bachelor's,Sales,Sales Executive,3,25000,Very High,2,2,2,2,Yes,Travel_Frequently,10,Medium,Low,High,High,3,25,2,6,0,11,3,Married,No,2024-03-09
EMP10913,49,Female,PhD,Human Resources,Manager,3,25000,Very High,26,12,5,4,No,Travel_Frequently,18,High,Medium,Medium,High,3,19,3,0,2,9,9,Married,No,2013-12-28
EMP10914,41,Female,Master's,Research & Development,Research Director,4,25000,Very High,22,7,7,3,Yes,Travel_Rarely,28,Low,Medium,Very High,High,3,15,1,5,2,6,1,Married,No,2020-01-23
EMP10915,28,Female,Master's,Research & Development,Manager,1,13086,High,0,0,0,0,No,Travel_Frequently,15,Medium,Medium,Low,High,3,11,3,4,0,1,17,Single,No,2013-10-14
EMP10916,48,Male,Master's,Research & Development,Research Director,1,12089,High,30,11,1,2,Yes,Travel_Rarely,24,High,Medium,High,High,3,15,0,6,3,8,10,Single,No,2016-11-11
EMP10917,56,Male,Master's,Sales,Manager,1,10958,High,38,2,1,2,No,Non-Travel,5,Medium,High,Very High,Medium,3,25,3,1,3,11,4,Married,No,2015-10-03
EMP10918,42,Male,Master's,Marketing,Manager,4,25000,Very High,14,4,1,4,No,Travel_Rarely,28,High,Low,High,High,3,20,1,2,1,4,16,Single,No,2022-01-11
EMP10919,32,Female,High School,It,IT Support,2,25000,Very High,3,3,3,3,Yes,Travel_Rarely,26,Medium,High,High,Low,3,10,1,0,0,2,1,Single,No,2023-02-16
EMP10920,51,Male,Bachelor's,Sales,Manager,1,25000,Very High,25,2,1,0,No,Travel_Rarely,3,High,High,Very High,Medium,3,18,2,3,1,6,2,Single,No,2024-09-27
EMP10921,42,Male,Master's,It,IT Support,1,25000,Very High,22,8,5,1,Yes,Non-Travel,18,Very High,High,High,Very High,3,21,2,4,3,6,6,Married,No,2017-07-21
EMP10922,36,Female,Master's,Research & Development,Manager,2,25000,Very High,12,5,3,2,No,Non-Travel,4,Low,Medium,Very High,High,4,24,3,4,0,0,20,Married,Yes,2010-12-01
EMP10923,59,Male,Bachelor's,It,Software Engineer,3,16966,Very High,31,11,1,4,No,Travel_Frequently,8,Medium,Medium,High,Very High,3,25,2,2,0,5,1,Married,No,2010-12-24
EMP10924,40,Female,Bachelor's,It,Data Analyst,3,13090,High,23,1,1,1,Yes,Travel_Rarely,17,Medium,High,High,High,3,23,3,1,0,2,1,Divorced,No,2021-11-22
EMP10925,21,Female,Bachelor's,Research & Development,Research Scientist,2,25000,Very High,0,0,0,0,No,Travel_Rarely,10,Low,High,High,Medium,3,25,2,2,1,6,7,Divorced,No,2020-07-06
EMP10926,56,Male,Bachelor's,Sales,Sales Representative,1,25000,Very High,25,9,5,0,Yes,Non-Travel,19,High,Low,Medium,High,3,16,1,1,2,4,15,Married,No,2020-11-29
EMP10927,25,Female,Bachelor's,Sales,Sales Representative,4,23118,Very High,0,0,0,0,Yes,Travel_Rarely,29,High,Medium,High,Low,3,10,2,0,2,3,2,Divorced,No,2020-12-17
EMP10928,37,Female,Bachelor's,Research & Development,Research Scientist,1,25000,Very High,13,1,1,1,No,Non-Travel,1,Medium,High,Very High,Very High,3,25,0,4,2,9,5,Married,No,2012-06-18
EMP10929,49,Male,Unknown,Human Resources,Manager,2,25000,Very High,20,20,0,5,No,Travel_Rarely,2,High,High,High,High,3,18,1,3,0,6,18,Married,No,2010-11-29
EMP10930,41,Female,Master's,Sales,Sales Representative,1,25000,Very High,8,2,2,1,No,Travel_Rarely,26,Low,Very High,Low,Very High,3,22,0,2,3,6,12,Single,No,2012-03-17
EMP10931,52,Female,Master's,Sales,Sales Representative,1,25000,Very High,30,19,0,2,Yes,Travel_Frequently,11,High,Very High,Low,Very High,3,18,1,5,1,7,3,Divorced,No,2015-11-12
EMP10932,49,Male,Master's,It,IT Support,1,25000,Very High,22,1,0,1,No,Travel_Rarely,15,High,Medium,Medium,Medium,3,20,3,3,1,4,16,Single,No,2010-01-19
EMP10933,36,Male,Bachelor's,Marketing,Marketing Specialist,2,25000,Very High,13,2,2,2,No,Non-Travel,23,High,High,High,Very High,3,23,1,3,3,3,8,Married,No,2015-10-14
EMP10934,51,Male,Bachelor's,Research & Development,Laboratory Technician,2,25000,Very High,32,7,2,7,Yes,Travel_Rarely,1,Medium,Medium,Medium,High,3,19,2,4,2,0,2,Married,No,2017-10-26
EMP10935,33,Male,High School,Sales,Sales Representative,1,17899,Very High,8,5,5,5,No,Non-Travel,9,Unknown,Medium,Very High,Medium,3,20,0,4,4,3,0,Married,No,2022-03-06
EMP10936,29,Male,PhD,Sales,Sales Executive,1,25000,Very High,0,0,0,0,No,Travel_Rarely,8,Medium,Very High,Very High,Very High,3,15,1,6,3,10,0,Married,No,2013-05-12
EMP10937,55,Female,High School,Sales,Manager,3,11760,High,24,4,0,4,No,Travel_Rarely,1,High,Medium,Medium,Very High,3,11,3,6,2,9,16,Married,No,2023-03-13
EMP10938,53,Male,Master's,Marketing,Manager,1,25000,Very High,26,9,1,4,Yes,Travel_Rarely,10,Medium,Medium,High,Low,3,11,0,5,0,0,12,Married,No,2023-11-15
EMP10939,28,Female,Bachelor's,Sales,Manager,1,12868,High,8,1,1,1,No,Travel_Rarely,17,Medium,Very High,High,Very High,3,21,1,3,3,6,4,Married,No,2017-09-05
EMP10940,47,Male,PhD,Human Resources,Manager,2,25000,Very High,19,3,0,3,Yes,Travel_Rarely,18,High,Low,Medium,High,3,23,3,0,2,5,18,Single,Yes,2021-07-10
EMP10941,30,Male,Bachelor's,Sales,Sales Executive,3,15058,Very High,0,0,0,0,No,Non-Travel,16,Very High,Medium,Very High,Low,3,17,1,5,1,6,9,Married,No,2022-09-12
EMP10942,33,Female,Master's,Research & Development,Manager,1,25000,Very High,7,5,4,2,No,Travel_Rarely,2,Low,Low,Medium,High,3,18,1,3,4,7,8,Married,No,2015-07-26
EMP10943,58,Female,Bachelor's,Finance,Financial Analyst,5,21693,Very High,36,1,1,1,No,Travel_Rarely,22,Very High,High,Very High,High,4,13,0,1,4,5,5,Married,No,2020-06-27
EMP10944,38,Male,Bachelor's,It,Manager,2,10747,High,11,2,2,2,No,Non-Travel,17,High,Medium,High,High,4,11,1,5,4,1,20,Single,No,2019-10-04
EMP10945,34,Male,Master's,Sales,Manager,2,25000,Very High,9,3,2,3,No,Travel_Rarely,4,High,High,High,High,4,24,0,6,2,1,16,Married,No,2013-12-06
EMP10946,47,Female,PhD,Sales,Sales Representative,1,16982,Very High,26,0,0,0,No,Travel_Rarely,7,Very High,Very High,Very High,Very High,3,14,0,1,2,8,20,Married,No,2019-01-21
EMP10947,43,Male,Bachelor's,Sales,Manager,2,25000,Very High,22,0,0,0,No,Travel_Rarely,29,Medium,High,High,Very High,3,22,2,1,0,5,6,Single,No,2014-09-09
EMP10948,27,Male,PhD,Marketing,Marketing Specialist,1,22040,Very High,1,1,1,1,Yes,Travel_Frequently,29,High,Medium,Very High,Medium,3,25,0,1,4,5,15,Married,Yes,2011-08-28
EMP10949,28,Male,Master's,It,IT Support,2,25000,Very High,2,2,2,2,No,Travel_Rarely,28,Low,Very High,High,High,3,16,1,2,1,0,18,Single,No,2018-11-15
EMP10950,52,Female,Master's,Human Resources,HR Executive,1,14315,High,24,10,0,1,No,Travel_Rarely,9,Low,High,Very High,Low,3,23,1,6,4,7,4,Married,No,2015-11-27
EMP10951,52,Male,Bachelor's,Human Resources,HR Specialist,2,16895,Very High,26,6,6,1,No,Non-Travel,26,High,High,High,High,3,13,1,0,3,10,17,Single,Yes,2022-01-18
EMP10952,38,Female,Bachelor's,Finance,Financial Analyst,3,17919,Very High,14,0,0,0,No,Travel_Frequently,3,Very High,Medium,Medium,Very High,3,21,1,2,3,7,6,Married,Yes,2010-06-06
EMP10953,22,Female,Bachelor's,Sales,Manager,3,25000,Very High,0,0,0,0,No,Travel_Rarely,20,Very High,Low,High,Medium,3,18,0,2,1,3,4,Single,No,2014-07-23
EMP10954,29,Female,PhD,Marketing,Marketing Executive,1,25000,Very High,0,0,0,0,No,Travel_Frequently,21,High,High,High,High,3,21,2,1,2,6,7,Divorced,Yes,2024-10-20
EMP10955,59,Male,PhD,Research & Development,Manager,2,15332,Very High,39,8,4,1,No,Non-Travel,5,High,High,High,Very High,3,24,0,0,4,8,8,Married,No,2016-05-19
EMP10956,20,Male,Master's,Research & Development,Laboratory Technician,2,25000,Very High,0,0,0,0,No,Travel_Rarely,18,Medium,Low,Very High,High,3,13,1,6,3,10,19,Married,No,2018-07-09
EMP10957,48,Male,Bachelor's,Research & Development,Manager,1,8297,High,23,4,2,3,Yes,Travel_Frequently,29,Very High,Low,High,Low,3,17,0,0,1,0,3,Married,No,2014-10-02
EMP10958,53,Male,Bachelor's,Sales,Sales Representative,2,12869,High,28,6,0,1,No,Travel_Rarely,21,Medium,Medium,Very High,High,3,12,2,3,0,11,2,Single,No,2015-12-22
EMP10959,32,Female,PhD,Sales,Sales Representative,1,14308,High,15,1,1,1,No,Travel_Rarely,26,High,Low,Medium,Very High,3,21,3,5,3,4,11,Single,No,2023-01-03
EMP10960,20,Female,High School,Finance,Accountant,2,11985,High,0,0,0,0,No,Travel_Rarely,17,High,Low,Low,High,4,23,2,2,3,7,8,Married,No,2016-06-15
EMP10961,53,Female,Master's,Sales,Sales Executive,3,10801,High,27,10,7,4,No,Travel_Rarely,7,High,Medium,High,High,3,21,2,5,4,6,9,Divorced,No,2019-07-17
EMP10962,48,Female,Bachelor's,Human Resources,Manager,1,25000,Very High,27,1,1,1,Yes,Travel_Rarely,14,Medium,High,High,High,3,15,3,5,2,9,10,Married,No,2020-10-03
EMP10963,32,Female,Bachelor's,Sales,Sales Executive,1,20004,Very High,5,2,1,1,No,Travel_Frequently,15,Very High,High,Low,High,3,24,2,0,3,3,15,Single,No,2019-01-15
EMP10964,48,Male,Master's,Research & Development,Research Director,1,25000,Very High,20,3,0,1,No,Travel_Rarely,21,High,High,High,High,4,15,2,6,3,2,10,Married,No,2013-01-19
EMP10965,58,Female,High School,Sales,Manager,4,25000,Very High,29,6,3,2,No,Travel_Rarely,22,Very High,Medium,High,Medium,3,12,0,4,4,0,7,Married,No,2021-06-14
EMP10966,43,Male,Bachelor's,Research & Development,Laboratory Technician,3,24823,Very High,25,2,1,2,No,Travel_Rarely,14,Low,Low,Low,High,3,11,2,5,2,2,13,Married,No,2024-10-08
EMP10967,45,Female,PhD,Finance,Accountant,1,25000,Very High,13,13,0,2,No,Travel_Frequently,9,High,High,High,Very High,3,15,2,2,0,1,1,Single,No,2020-07-06
EMP10968,36,Male,Master's,Sales,Manager,2,21348,Very High,6,0,0,0,Yes,Travel_Rarely,16,High,Medium,Low,Very High,3,16,1,5,0,4,3,Divorced,No,2022-10-10
EMP10969,26,Female,Master's,Research & Development,Research Scientist,1,12911,High,6,2,2,2,Yes,Travel_Rarely,19,High,Very High,Medium,High,4,16,2,0,0,0,14,Single,No,2023-02-28
EMP10970,32,Male,Master's,Research & Development,Research Director,2,25000,Very High,12,6,0,3,Yes,Travel_Rarely,1,Very High,Low,High,High,3,19,0,4,0,3,17,Single,No,2016-09-10
EMP10971,24,Female,High School,Finance,Finance Manager,2,16897,Very High,0,0,0,0,No,Travel_Frequently,8,Low,High,Low,Medium,3,20,3,5,2,7,10,Single,No,2019-02-14
EMP10972,45,Female,Bachelor's,Marketing,Manager,4,14458,High,16,5,4,3,No,Travel_Rarely,18,Low,Medium,High,Low,3,10,1,4,0,8,18,Single,Yes,2010-06-27
EMP10973,22,Female,Bachelor's,Finance,Financial Analyst,1,20332,Very High,0,0,0,0,No,Travel_Frequently,2,Medium,High,High,Very High,4,21,0,4,4,0,17,Single,No,2025-02-15
EMP10974,26,Female,Bachelor's,Sales,Sales Executive,2,14607,High,2,0,0,0,No,Travel_Rarely,26,Low,High,Very High,Medium,3,15,1,1,4,2,8,Single,No,2025-11-20
EMP10975,58,Male,Bachelor's,Sales,Manager,3,18254,Very High,31,1,1,1,No,Travel_Rarely,29,Very High,High,High,Medium,4,18,2,6,4,5,4,Married,Yes,2024-07-02
EMP10976,20,Male,Master's,Sales,Manager,3,25000,Very High,0,0,0,0,No,Travel_Rarely,4,Medium,High,Medium,High,3,22,0,6,0,4,9,Married,No,2022-04-06
EMP10977,36,Female,High School,Human Resources,HR Executive,2,25000,Very High,7,4,4,4,No,Non-Travel,21,Medium,Medium,Very High,High,4,18,1,6,4,11,16,Married,No,2011-12-09
EMP10978,44,Female,Master's,Sales,Sales Representative,2,14705,High,16,8,2,2,No,Travel_Rarely,1,Low,Very High,High,High,3,24,0,3,4,0,19,Single,No,2019-10-27
EMP10979,22,Male,High School,Research & Development,Research Director,1,17686,Very High,0,0,0,0,Yes,Travel_Rarely,27,High,Medium,Medium,High,3,21,1,5,1,1,12,Single,Yes,2018-07-17
EMP10980,34,Male,High School,Human Resources,HR Specialist,2,25000,Very High,3,3,2,3,No,Travel_Rarely,19,Medium,High,Medium,High,3,11,2,5,0,1,3,Single,No,2021-08-15
EMP10981,48,Male,Bachelor's,Research & Development,Laboratory Technician,4,25000,Very High,27,3,0,1,No,Travel_Rarely,11,Low,Low,Very High,Medium,3,13,3,3,4,6,13,Married,No,2010-01-18
EMP10982,51,Male,Master's,It,Data Analyst,4,25000,Very High,26,15,3,8,No,Travel_Rarely,24,Medium,Low,High,Very High,3,15,3,0,2,5,7,Married,No,2016-12-03
EMP10983,45,Male,Bachelor's,Sales,Sales Representative,3,25000,Very High,18,7,1,2,No,Travel_Frequently,6,Medium,Medium,Very High,Very High,3,13,0,6,4,5,20,Single,No,2019-01-28
EMP10984,35,Male,Bachelor's,Sales,Sales Executive,2,25000,Very High,9,7,4,1,No,Travel_Rarely,19,Very High,High,Medium,High,3,21,3,0,1,0,14,Married,No,2020-02-07
EMP10985,44,Male,Master's,Finance,Finance Manager,3,11795,High,20,0,0,0,No,Travel_Rarely,14,Medium,High,High,High,3,18,0,5,2,0,2,Divorced,No,2024-02-08
EMP10986,47,Male,Bachelor's,Research & Development,Research Scientist,1,25000,Very High,19,4,3,1,No,Travel_Rarely,28,High,Low,Low,High,3,24,0,6,2,3,16,Single,No,2010-05-02
EMP10987,28,Female,Bachelor's,Finance,Accountant,1,21506,Very High,3,3,3,0,No,Travel_Rarely,23,Very High,High,High,High,3,11,2,5,3,9,14,Single,No,2016-10-22
EMP10988,20,Male,Master's,Research & Development,Laboratory Technician,2,17190,Very High,0,0,0,0,No,Travel_Rarely,27,High,Low,Very High,High,3,19,2,3,1,5,0,Married,No,2013-11-19
EMP10989,48,Female,Bachelor's,Sales,Sales Executive,1,23756,Very High,26,1,1,1,Yes,Travel_Rarely,22,Very High,Very High,Low,Medium,3,15,1,4,1,10,4,Married,No,2017-04-16
EMP10990,41,Female,Bachelor's,It,Software Engineer,4,25000,Very High,12,2,1,2,No,Non-Travel,21,Very High,Medium,Medium,High,3,10,0,0,4,5,7,Single,No,2017-07-08
EMP10991,35,Male,Master's,It,Data Analyst,2,25000,Very High,8,3,0,3,Yes,Travel_Rarely,24,Medium,Medium,High,High,3,18,1,5,1,4,8,Single,No,2012-01-05
EMP10992,60,Female,Master's,Finance,Finance Manager,2,14834,High,29,1,1,0,No,Travel_Rarely,24,High,Medium,Low,Very High,3,10,1,1,2,3,1,Single,No,2022-03-04
EMP10993,60,Female,High School,Sales,Sales Executive,2,25000,Very High,33,1,1,1,No,Travel_Rarely,19,Low,Very High,High,Medium,3,22,2,6,2,1,4,Married,No,2013-12-16
EMP10994,26,Male,High School,Human Resources,HR Executive,3,16533,Very High,1,1,1,1,No,Travel_Rarely,24,Medium,High,Medium,High,3,22,0,1,4,6,3,Single,No,2025-07-18
EMP10995,33,Male,Bachelor's,Research & Development,Research Director,2,24282,Very High,8,4,4,4,No,Travel_Frequently,26,High,Medium,Very High,Medium,3,21,2,3,2,11,11,Single,No,2019-06-15
EMP10996,48,Male,Bachelor's,Sales,Sales Representative,1,19216,Very High,22,10,3,0,No,Travel_Frequently,25,High,High,Low,Low,3,23,0,0,4,5,18,Married,No,2016-08-04
EMP10997,38,Female,Bachelor's,Marketing,Marketing Specialist,3,19960,Very High,13,9,2,1,Yes,Travel_Rarely,13,Unknown,Very High,Very High,High,3,17,3,0,3,6,1,Married,No,2024-02-02
EMP10998,38,Male,Bachelor's,Sales,Sales Executive,1,25000,Very High,15,2,0,2,Yes,Travel_Rarely,12,High,Medium,High,High,3,22,3,5,1,2,15,Married,No,2014-08-02
EMP10999,21,Male,Bachelor's,Marketing,Marketing Specialist,1,13793,High,0,0,0,0,No,Travel_Rarely,29,Medium,Medium,Medium,High,3,24,1,5,1,0,1,Married,No,2021-04-25
EMP11000,60,Female,Master's,Research & Development,Laboratory Technician,2,25000,Very High,33,0,0,0,No,Travel_Rarely,10,Very High,High,Medium,High,3,18,2,6,1,0,20,Single,No,2011-03-14
EMP11001,34,Male,Master's,Sales,Sales Representative,1,9706,High,13,12,0,0,Yes,Travel_Rarely,19,Medium,High,Very High,Very High,3,10,2,4,3,3,9,Single,No,2010-06-24
EMP11002,22,Female,Master's,Research & Development,Manager,5,16832,Very High,0,0,0,0,Yes,Travel_Frequently,11,Medium,Low,High,High,3,10,0,0,1,3,9,Single,No,2014-02-15
EMP11003,30,Male,Bachelor's,It,IT Support,2,25000,Very High,6,3,3,2,No,Travel_Rarely,24,Very High,High,Medium,Very High,3,19,1,3,3,6,16,Single,No,2021-07-11
EMP11004,49,Female,High School,Finance,Finance Manager,5,25000,Very High,23,2,2,2,No,Travel_Rarely,24,Medium,High,Low,Medium,3,23,2,0,3,6,11,Single,No,2019-03-29
EMP11005,59,Male,Bachelor's,It,IT Support,1,21053,Very High,28,3,2,0,No,Travel_Rarely,12,High,High,Medium,High,4,16,1,5,4,3,6,Married,No,2021-08-20
EMP11006,37,Male,Master's,Finance,Finance Manager,5,21465,Very High,14,1,1,1,No,Travel_Rarely,7,High,Very High,High,Medium,3,19,2,0,0,6,8,Divorced,No,2011-02-24
EMP11007,21,Male,Bachelor's,Finance,Financial Analyst,1,25000,Very High,1,1,0,1,Yes,Travel_Rarely,8,Medium,Medium,High,Low,3,14,3,1,0,7,13,Married,No,2018-05-08
EMP11008,51,Female,High School,It,Software Engineer,1,19851,Very High,27,8,8,1,No,Travel_Rarely,17,High,High,High,Low,3,24,2,3,4,8,17,Married,No,2021-01-08
EMP11009,27,Male,Bachelor's,Sales,Sales Representative,1,25000,Very High,2,2,2,2,No,Travel_Frequently,3,High,Low,Very High,High,3,20,2,2,4,5,9,Married,No,2020-08-18
EMP11010,41,Female,Bachelor's,Research & Development,Manager,2,25000,Very High,11,2,2,2,No,Travel_Rarely,6,Medium,Very High,Medium,Medium,3,12,3,3,4,3,15,Single,No,2016-06-22
EMP11011,25,Female,Bachelor's,Sales,Sales Representative,1,25000,Very High,0,0,0,0,No,Travel_Rarely,12,Low,Low,Low,Medium,3,18,1,3,1,9,0,Single,Yes,2014-06-13
EMP11012,31,Female,Bachelor's,Marketing,Manager,2,14260,High,2,2,1,2,No,Travel_Rarely,15,Very High,Very High,High,High,3,11,1,5,2,1,8,Married,No,2021-06-13
EMP11013,59,Male,Bachelor's,Marketing,Marketing Executive,1,21253,Very High,31,0,0,0,No,Non-Travel,23,Low,Medium,High,High,3,25,1,2,4,8,12,Single,No,2013-05-08
EMP11014,55,Female,Master's,Sales,Manager,1,19241,Very High,29,11,2,0,No,Non-Travel,7,Very High,Medium,Very High,High,3,15,3,6,3,11,15,Married,No,2024-04-21
EMP11015,34,Female,Bachelor's,Finance,Financial Analyst,2,14009,High,6,1,1,1,No,Travel_Frequently,27,Medium,Medium,High,High,3,13,3,5,0,6,15,Married,No,2017-03-08
EMP11016,47,Male,Master's,Marketing,Manager,1,25000,Very High,23,6,4,2,No,Travel_Frequently,6,High,Very High,Medium,Very High,4,14,3,2,1,5,1,Single,No,2016-09-30
EMP11017,37,Male,Bachelor's,Sales,Manager,3,17293,Very High,17,4,2,0,No,Travel_Rarely,29,Very High,Very High,High,Very High,3,11,1,1,2,3,8,Married,No,2021-10-09
EMP11018,17,Female,Bachelor's,Research & Development,Research Director,2,21729,Very High,0,0,0,0,No,Travel_Frequently,12,Low,Very High,Medium,Medium,3,10,1,4,0,3,12,Married,No,2011-07-05
EMP11019,32,Female,Bachelor's,Marketing,Marketing Executive,4,13608,High,2,2,2,2,No,Non-Travel,28,High,High,High,Very High,3,18,1,3,0,1,7,Single,No,2020-03-12
EMP11020,34,Male,Bachelor's,Sales,Sales Executive,2,25000,Very High,7,1,1,1,Yes,Travel_Rarely,12,High,Low,High,Medium,3,12,1,3,0,0,10,Married,Yes,2021-01-26
EMP11021,39,Female,High School,Finance,Finance Manager,5,14715,High,16,2,2,2,No,Travel_Rarely,27,High,Medium,High,High,3,15,0,3,3,4,16,Single,No,2015-09-27
EMP11022,48,Male,Bachelor's,Sales,Sales Executive,2,24311,Very High,22,4,1,2,No,Travel_Rarely,4,High,Medium,Medium,Very High,3,24,3,3,3,5,19,Single,No,2022-12-27
EMP11023,48,Male,Bachelor's,Marketing,Marketing Executive,5,25000,Very High,21,8,1,0,No,Travel_Rarely,21,High,High,Very High,High,3,23,3,1,3,9,10,Married,No,2015-01-17
EMP11024,22,Male,Bachelor's,Marketing,Marketing Executive,1,17038,Very High,0,0,0,0,No,Travel_Rarely,9,High,High,Low,High,3,18,3,3,2,8,10,Married,No,2024-09-04
EMP11025,38,Male,Bachelor's,Marketing,Marketing Executive,3,25000,Very High,7,7,7,1,No,Travel_Rarely,17,High,High,Medium,Very High,3,24,1,2,0,0,15,Single,No,2024-08-02
EMP11026,22,Female,Bachelor's,Research & Development,Laboratory Technician,3,12668,High,0,0,0,0,No,Travel_Rarely,2,High,Low,Medium,Very High,3,10,1,2,4,4,6,Single,No,2011-04-29
EMP11027,33,Male,High School,It,Manager,1,25000,Very High,5,1,1,0,Yes,Non-Travel,-2,Medium,High,High,High,3,21,0,0,2,10,0,Single,Yes,2018-01-22
EMP11028,59,Male,Bachelor's,It,Manager,2,22167,Very High,32,7,0,3,No,Travel_Rarely,21,Very High,Very High,High,Very High,3,14,0,1,3,4,14,Single,No,2023-03-11
EMP11029,23,Male,PhD,Research & Development,Laboratory Technician,3,16842,Very High,1,0,0,0,No,Travel_Frequently,28,Medium,High,Medium,Medium,3,25,1,0,3,8,17,Married,No,2017-04-21
EMP11030,30,Male,Bachelor's,It,Manager,2,19252,Very High,0,0,0,0,No,Travel_Rarely,23,Low,Very High,High,High,3,13,1,3,3,10,13,Married,No,2016-07-16
EMP11031,50,Female,Bachelor's,Sales,Sales Executive,1,25000,Very High,24,0,0,0,No,Travel_Rarely,24,Medium,High,Low,High,4,24,1,6,1,10,12,Married,No,2012-12-27
EMP11032,51,Female,Master's,Human Resources,Manager,2,16933,Very High,30,2,2,2,No,Travel_Rarely,10,Low,Low,Medium,Very High,3,12,3,1,0,3,1,Married,No,2016-08-14
EMP11033,46,Male,Master's,Sales,Manager,1,15722,Very High,16,5,4,2,Yes,Travel_Rarely,6,Low,Very High,High,Low,3,11,0,6,4,2,19,Married,No,2024-03-18
EMP11034,49,Female,PhD,Sales,Sales Executive,3,19937,Very High,21,4,4,0,No,Travel_Rarely,6,Medium,Low,Medium,Very High,3,23,3,1,0,2,10,Married,No,2013-01-26
EMP11035,21,Male,Master's,Sales,Sales Representative,1,12970,High,0,0,0,0,Yes,Travel_Rarely,21,Low,Medium,Medium,Very High,3,12,2,4,2,5,18,Single,Yes,2015-07-11
EMP11036,28,Female,Master's,Finance,Accountant,1,25000,Very High,2,2,1,2,No,Travel_Rarely,5,High,Low,Low,Very High,3,23,2,4,1,10,5,Married,No,2016-01-21
EMP11037,47,Female,PhD,Research & Development,Laboratory Technician,1,17071,Very High,18,1,1,1,No,Travel_Rarely,29,Low,High,Medium,Low,3,10,2,6,2,0,16,Married,No,2017-12-26
EMP11038,50,Male,Bachelor's,Finance,Finance Manager,2,25000,Very High,24,3,0,3,Unknown,Travel_Rarely,27,Medium,High,Very High,Very High,3,22,2,0,3,0,0,Married,No,2011-08-25
EMP11039,53,Female,Master's,Sales,Manager,5,24204,Very High,24,15,11,2,No,Travel_Rarely,8,Low,Medium,Very High,High,3,10,3,0,3,0,19,Married,No,2025-02-06
EMP11040,34,Male,Master's,Research & Development,Manager,1,14143,High,5,5,0,3,No,Travel_Rarely,21,Low,Very High,Very High,Low,3,22,2,2,4,6,4,Divorced,No,2018-08-13
EMP11041,44,Male,Master's,Research & Development,Research Scientist,1,21968,Very High,17,1,1,1,Yes,Travel_Rarely,22,Medium,Very High,Low,Very High,3,22,1,6,0,4,0,Married,No,2012-11-18
EMP11042,55,Male,PhD,It,IT Support,2,25000,Very High,32,0,0,0,No,Travel_Rarely,3,High,Medium,Very High,Medium,3,17,2,2,2,10,12,Single,No,2025-06-05
EMP11043,27,Female,Bachelor's,Research & Development,Research Director,3,20237,Very High,4,4,1,4,Yes,Travel_Rarely,14,Very High,High,High,High,4,14,1,5,3,8,0,Married,Yes,2011-06-07
EMP11044,28,Male,Bachelor's,Human Resources,HR Specialist,2,25000,Very High,2,2,0,2,No,Travel_Rarely,5,Very High,Very High,Very High,Low,4,11,3,6,4,11,11,Married,No,2016-03-15
EMP11045,56,Female,PhD,It,Manager,1,25000,Very High,28,4,0,0,Yes,Travel_Rarely,15,Very High,Medium,Very High,Medium,3,12,0,5,4,10,8,Single,No,2021-07-15
EMP11046,58,Female,Bachelor's,Human Resources,Manager,2,25000,Very High,34,8,1,0,No,Travel_Rarely,30,Low,Medium,High,High,3,24,0,6,2,2,12,Single,Yes,2013-04-25
EMP11047,51,Male,Master's,Sales,Sales Executive,1,17911,Very High,28,2,2,1,No,Travel_Rarely,9,Medium,Medium,Low,Very High,3,23,2,5,0,5,9,Married,No,2021-11-30
EMP11048,36,Male,High School,Sales,Sales Executive,2,13549,High,5,3,2,2,No,Travel_Rarely,15,Low,High,High,Very High,3,23,0,2,1,6,15,Married,No,2010-08-01
EMP11049,54,Female,Master's,It,Software Engineer,1,16712,Very High,28,17,3,1,Yes,Travel_Rarely,19,High,High,Medium,High,3,11,1,1,4,2,5,Married,No,2021-05-30
EMP11050,56,Male,PhD,Sales,Sales Representative,3,24060,Very High,29,6,4,3,No,Travel_Rarely,16,Low,High,Medium,High,3,24,2,3,2,8,20,Married,No,2015-01-08
EMP11051,38,Male,Bachelor's,It,Software Engineer,4,25000,Very High,6,1,1,1,No,Non-Travel,8,High,High,Medium,Medium,3,19,2,0,3,1,7,Single,No,2017-11-10
EMP11052,48,Female,High School,Research & Development,Research Scientist,3,8290,High,28,1,1,1,No,Travel_Frequently,15,Medium,Medium,High,High,3,11,1,2,1,11,6,Single,No,2018-04-14
EMP11053,26,Female,High School,Marketing,Marketing Executive,2,21946,Very High,0,0,0,0,Yes,Travel_Rarely,11,Medium,Medium,Low,Very High,3,13,1,6,1,11,12,Single,No,2013-07-09
EMP11054,47,Male,Master's,It,Software Engineer,2,23651,Very High,22,7,1,0,No,Non-Travel,23,Very High,Low,Very High,Medium,3,21,3,1,0,6,16,Married,No,2013-07-24
EMP11055,28,Female,Master's,Marketing,Manager,1,19440,Very High,6,2,1,2,No,Travel_Rarely,4,High,Low,Medium,Medium,3,13,1,4,2,9,11,Single,Yes,2012-01-30
EMP11056,47,Male,Bachelor's,Research & Development,Research Director,3,25000,Very High,28,0,0,0,Yes,Travel_Rarely,21,High,Low,High,Very High,3,16,3,3,0,3,10,Single,No,2016-10-15
EMP11057,25,Male,High School,It,IT Support,2,25000,Very High,0,0,0,0,No,Non-Travel,24,High,Medium,Medium,High,3,11,2,4,4,8,5,Single,No,2024-04-03
EMP11058,48,Female,Master's,Research & Development,Research Director,4,25000,Very High,23,1,1,1,No,Travel_Frequently,10,Very High,High,Very High,Medium,4,18,0,5,4,6,14,Single,No,2018-02-27
EMP11059,36,Female,Master's,Research & Development,Research Director,1,19987,Very High,15,0,0,0,No,Travel_Rarely,23,High,Medium,High,High,3,16,0,6,2,7,4,Single,No,2010-07-29
EMP11060,35,Male,Bachelor's,Human Resources,Manager,3,25000,Very High,10,1,1,1,Yes,Travel_Rarely,26,Very High,High,Medium,Low,3,13,3,4,3,10,15,Married,Yes,2012-06-11
EMP11061,42,Male,Bachelor's,It,Manager,2,25000,Very High,21,1,0,0,Yes,Travel_Rarely,10,Medium,Medium,High,Very High,3,21,0,6,4,9,10,Single,Yes,2013-05-27
EMP11062,50,Female,Master's,Marketing,Manager,1,25000,Very High,27,3,3,3,Yes,Travel_Rarely,2,High,High,Low,High,3,16,0,3,4,2,9,Single,No,2020-12-26
EMP11063,22,Male,Bachelor's,It,Manager,2,13474,High,0,0,0,0,No,Travel_Rarely,8,High,High,High,High,3,24,2,1,3,5,7,Married,No,2025-10-11
EMP11064,40,Male,PhD,Research & Development,Manager,4,19650,Very High,14,11,1,4,No,Travel_Rarely,8,Medium,Medium,High,High,4,19,3,6,1,3,4,Married,No,2015-06-02
EMP11065,45,Male,Bachelor's,Research & Development,Research Director,4,18858,Very High,13,3,3,3,No,Non-Travel,9,Very High,Medium,Medium,Medium,3,20,1,4,2,3,9,Married,No,2018-08-22
EMP11066,55,Female,Master's,Finance,Financial Analyst,3,25000,Very High,29,3,3,2,No,Travel_Rarely,2,Very High,High,High,High,3,10,0,1,1,11,9,Single,No,2024-01-26
EMP11067,56,Male,Bachelor's,Sales,Sales Representative,1,25000,Very High,30,4,4,1,Yes,Travel_Frequently,14,Medium,High,Medium,Medium,3,22,2,4,0,1,0,Single,No,2017-01-26
EMP11068,41,Male,PhD,Sales,Manager,3,15101,Very High,16,1,0,0,Yes,Travel_Rarely,20,Medium,Low,High,Medium,3,16,2,2,3,10,12,Married,No,2013-11-04
EMP11069,31,Male,Bachelor's,Research & Development,Research Director,2,22709,Very High,2,0,0,0,No,Travel_Rarely,2,Medium,High,High,High,4,22,0,6,2,9,19,Single,No,2025-01-30
EMP11070,32,Male,Bachelor's,Sales,Sales Representative,1,8875,High,9,9,5,6,Yes,Travel_Rarely,4,Very High,Medium,High,Medium,3,15,1,5,3,8,17,Single,No,2021-03-12
EMP11071,30,Male,Bachelor's,Sales,Manager,1,25000,Very High,7,1,1,0,No,Travel_Rarely,3,High,Medium,Very High,High,4,24,1,3,3,10,4,Married,No,2013-01-20
EMP11072,35,Male,Master's,Sales,Manager,1,17491,Very High,9,1,0,1,No,Travel_Rarely,23,Low,Medium,High,High,3,18,3,0,1,0,15,Single,No,2014-09-17
EMP11073,27,Male,Bachelor's,Sales,Sales Representative,1,22587,Very High,7,3,1,1,Yes,Travel_Rarely,14,High,High,High,Medium,3,17,3,3,1,0,5,Married,No,2011-02-25
EMP11074,59,Female,Bachelor's,Sales,Sales Executive,3,19161,Very High,33,3,3,3,No,Travel_Rarely,21,Low,High,Very High,Medium,3,11,3,4,0,6,20,Single,No,2021-06-07
EMP11075,59,Male,Bachelor's,Marketing,Marketing Executive,1,25000,Very High,26,0,0,0,No,Travel_Rarely,16,High,High,Very High,Very High,3,24,2,4,2,9,9,Single,No,2022-05-31
EMP11076,21,Male,Bachelor's,Research & Development,Laboratory Technician,1,6143,Medium,4,1,1,1,No,Travel_Rarely,15,Medium,Very High,High,Low,3,20,1,5,3,6,6,Single,Yes,2010-08-22
EMP11077,49,Female,High School,Research & Development,Manager,2,21862,Very High,16,2,1,2,No,Travel_Rarely,7,Medium,Medium,Very High,High,3,12,3,6,0,3,19,Married,Yes,2010-11-06
EMP11078,49,Female,Bachelor's,Finance,Financial Analyst,2,21002,Very High,20,6,2,6,Yes,Travel_Rarely,18,High,Very High,Very High,High,3,25,2,2,3,7,15,Married,Yes,2015-08-16
EMP11079,31,Female,Master's,Sales,Sales Executive,1,17959,Very High,1,1,1,0,No,Travel_Rarely,20,Low,High,Medium,Medium,3,22,1,2,0,4,0,Single,No,2012-03-12
EMP11080,29,Male,Master's,Marketing,Marketing Executive,1,25000,Very High,0,0,0,0,No,Travel_Rarely,6,Low,Medium,Medium,High,3,12,0,3,3,5,6,Single,No,2021-05-26
EMP11081,30,Male,Master's,It,Software Engineer,1,14775,High,4,4,3,0,No,Non-Travel,28,Medium,Very High,High,Very High,3,22,3,0,1,11,11,Single,Yes,2011-06-09
EMP11082,34,Female,Master's,Sales,Manager,2,25000,Very High,2,2,1,2,Yes,Travel_Rarely,21,Medium,High,Very High,High,4,23,3,5,4,3,14,Married,Yes,2017-07-23
EMP11083,35,Female,Bachelor's,Research & Development,Laboratory Technician,1,25000,Very High,14,2,0,2,No,Travel_Rarely,16,Medium,High,Low,High,3,21,1,3,0,2,1,Single,No,2015-06-24
EMP11084,36,Male,Master's,It,Software Engineer,2,25000,Very High,13,1,1,1,No,Travel_Rarely,11,Very High,Low,High,High,4,25,0,0,0,1,17,Married,No,2011-02-26
EMP11085,45,Male,High School,Marketing,Marketing Executive,1,16314,Very High,18,3,3,0,No,Travel_Rarely,2,High,High,Very High,High,3,15,0,1,4,7,3,Married,No,2017-07-28
EMP11086,21,Female,High School,Research & Development,Laboratory Technician,1,15838,Very High,0,0,0,0,No,Travel_Rarely,28,Very High,Low,Very High,High,3,11,2,4,1,10,12,Married,No,2010-08-17
EMP11087,31,Male,Bachelor's,Human Resources,Manager,2,25000,Very High,9,1,1,1,No,Travel_Rarely,23,Very High,Medium,High,Medium,3,20,3,1,0,4,8,Single,No,2018-02-22
EMP11088,45,Male,Bachelor's,Sales,Sales Executive,1,25000,Very High,26,3,1,2,No,Travel_Frequently,2,Medium,Very High,Medium,High,3,11,0,3,1,9,3,Single,No,2019-05-31
EMP11089,42,Male,Bachelor's,Marketing,Marketing Executive,1,10990,High,18,0,0,0,No,Travel_Rarely,14,Medium,Medium,Medium,Medium,3,13,2,0,3,5,8,Single,No,2014-01-30
EMP11090,37,Female,Bachelor's,Sales,Manager,1,17280,Very High,14,0,0,0,Yes,Travel_Rarely,9,Medium,Medium,Very High,High,3,10,3,0,3,5,0,Single,No,2011-12-24
EMP11091,51,Female,Master's,Marketing,Marketing Specialist,1,25000,Very High,24,3,3,2,No,Travel_Rarely,23,High,Very High,Very High,High,3,10,3,1,4,3,7,Single,No,2012-04-07
EMP11092,57,Female,Bachelor's,Human Resources,HR Executive,3,25000,Very High,26,2,1,2,No,Travel_Rarely,12,High,Medium,High,Very High,3,10,3,2,2,8,0,Divorced,No,2018-05-21
EMP11093,22,Male,Bachelor's,Human Resources,HR Executive,1,16226,Very High,0,0,0,0,No,Travel_Rarely,3,Medium,Medium,Very High,High,3,14,3,2,1,6,15,Divorced,No,2016-05-05
EMP11094,57,Male,Bachelor's,Research & Development,Laboratory Technician,3,5935,Medium,29,5,5,1,No,Travel_Frequently,22,Medium,High,Low,High,3,22,0,5,2,11,14,Single,No,2023-09-22
EMP11095,22,Male,Bachelor's,Sales,Manager,3,25000,Very High,0,0,0,0,No,Travel_Frequently,5,High,Low,High,High,3,18,0,1,2,11,14,Single,No,2013-01-23
EMP11096,49,Female,High School,Sales,Sales Representative,3,12719,High,16,3,3,3,No,Travel_Frequently,28,High,Very High,Medium,High,4,13,0,2,1,9,4,Single,No,2021-09-07
EMP11097,20,Female,Bachelor's,Sales,Sales Executive,1,8886,High,0,0,0,0,Yes,Travel_Rarely,9,Very High,Medium,High,Medium,3,23,1,0,2,11,18,Married,No,2012-09-21
EMP11098,49,Female,High School,Sales,Manager,3,6158,Medium,25,0,0,0,Yes,Travel_Frequently,29,Medium,High,Low,Medium,4,17,1,3,0,7,10,Married,No,2019-06-28
EMP11099,51,Male,Master's,It,Data Analyst,1,25000,Very High,31,11,2,0,No,Travel_Rarely,3,Very High,Medium,Medium,High,4,16,3,2,3,6,18,Married,No,2015-06-20
EMP11100,47,Female,Master's,Research & Development,Research Director,1,23339,Very High,19,19,3,6,No,Travel_Frequently,18,Medium,Medium,Very High,Very High,3,22,0,5,4,3,20,Married,No,2012-08-16
EMP11101,40,Male,Bachelor's,Sales,Sales Representative,1,19900,Very High,15,1,1,1,No,Non-Travel,2,High,Low,High,High,3,15,2,0,1,8,2,Married,No,2019-04-18
EMP11102,32,Male,Bachelor's,Marketing,Marketing Specialist,4,25000,Very High,8,1,1,1,No,Travel_Rarely,4,Very High,Low,Very High,High,4,23,0,5,4,1,3,Single,No,2021-11-24
EMP11103,46,Male,Master's,It,IT Support,1,25000,Very High,18,1,1,1,No,Travel_Rarely,13,Very High,High,High,Medium,3,18,2,6,3,4,20,Single,No,2015-05-01
EMP11104,55,Male,Bachelor's,Marketing,Marketing Executive,4,25000,Very High,27,5,0,1,No,Travel_Rarely,17,Low,High,Medium,High,3,19,3,3,4,1,15,Married,Yes,2017-10-04
EMP11105,26,Female,Bachelor's,Marketing,Marketing Specialist,1,11770,High,4,4,3,3,No,Travel_Rarely,9,Medium,High,High,Very High,4,10,3,0,1,7,11,Married,No,2012-11-24
EMP11106,41,Male,Bachelor's,Sales,Manager,4,21687,Very High,15,9,2,9,No,Travel_Rarely,19,Medium,Low,Very High,Medium,3,16,3,6,4,8,6,Married,No,2022-04-04
EMP11107,29,Female,Master's,Research & Development,Manager,4,10641,High,6,6,4,1,No,Non-Travel,14,Medium,Medium,High,High,3,18,0,6,2,2,0,Married,No,2020-01-30
EMP11108,58,Male,Master's,It,Software Engineer,4,19866,Very High,32,3,3,0,No,Travel_Rarely,13,High,Medium,Very High,Medium,3,24,0,6,2,4,10,Married,No,2011-10-01
EMP11109,34,Male,Master's,Finance,Financial Analyst,2,19695,Very High,10,5,5,4,No,Travel_Rarely,5,Very High,Medium,Low,Very High,3,19,2,4,3,8,14,Single,No,2015-08-06
EMP11110,34,Male,High School,Sales,Sales Executive,3,25000,Very High,12,6,2,0,No,Travel_Rarely,18,Low,Medium,Medium,High,3,25,2,6,2,5,18,Single,No,2023-03-12
EMP11111,23,Male,Bachelor's,It,Data Analyst,4,22483,Very High,0,0,0,0,No,Travel_Frequently,24,Medium,Medium,Very High,Medium,3,23,1,3,4,2,14,Married,No,2019-12-06
EMP11112,51,Male,Bachelor's,Sales,Sales Representative,1,25000,Very High,21,3,3,0,No,Travel_Rarely,15,Medium,Medium,Low,Low,3,25,3,4,0,5,8,Single,No,2010-08-28
EMP11113,42,Male,Master's,Sales,Manager,2,25000,Very High,18,5,3,3,No,Travel_Rarely,27,Very High,High,High,High,3,22,2,6,4,8,12,Married,No,2024-11-04
EMP11114,25,Male,Master's,Research & Development,Manager,3,25000,Very High,0,0,0,0,No,Travel_Rarely,11,Very High,High,Medium,High,4,23,0,2,0,10,17,Single,No,2017-11-11
EMP11115,43,Female,Bachelor's,Human Resources,HR Specialist,1,19113,Very High,19,5,4,1,No,Travel_Rarely,30,Medium,Medium,High,High,3,11,2,5,4,10,16,Divorced,Yes,2016-01-12
EMP11116,39,Female,High School,Human Resources,HR Executive,3,14422,High,18,5,1,5,No,Travel_Rarely,19,Low,Low,Medium,High,3,24,1,2,0,9,4,Divorced,No,2013-03-17
EMP11117,56,Female,Bachelor's,Sales,Sales Executive,1,24606,Very High,39,6,0,4,Yes,Travel_Rarely,5,High,High,High,High,3,22,0,0,0,6,15,Single,No,2011-12-19
EMP11118,39,Male,Bachelor's,It,Unknown,2,15352,Very High,7,5,3,1,No,Travel_Frequently,7,High,Very High,Very High,Very High,4,13,0,1,1,3,6,Married,No,2023-06-22
EMP11119,31,Male,Bachelor's,Sales,Sales Representative,1,25000,Very High,13,4,1,1,Yes,Non-Travel,2,Medium,Low,Medium,Very High,3,14,0,0,1,3,20,Married,No,2024-01-19
EMP11120,52,Male,Bachelor's,Sales,Sales Executive,1,19391,Very High,25,6,2,4,No,Travel_Rarely,19,Very High,High,High,Medium,3,24,2,6,4,0,4,Single,No,2020-06-21
EMP11121,47,Female,PhD,It,Data Analyst,1,17077,Very High,14,3,2,3,No,Travel_Rarely,24,Very High,High,Low,High,3,24,3,5,2,2,10,Married,No,2013-02-14
EMP11122,27,Male,Bachelor's,Marketing,Manager,3,17817,Very High,0,0,0,0,Yes,Non-Travel,16,High,High,High,Medium,3,20,3,5,1,11,15,Married,No,2021-07-05
EMP11123,20,Male,Bachelor's,It,IT Support,1,25000,Very High,0,0,0,0,No,Travel_Rarely,26,High,Very High,Medium,High,3,14,3,5,0,8,12,Single,No,2010-02-08
EMP11124,56,Female,Bachelor's,It,IT Support,3,20517,Very High,31,4,0,1,No,Travel_Rarely,30,Medium,Very High,High,High,3,20,3,4,4,0,1,Single,No,2014-04-27
EMP11125,41,Male,Bachelor's,Finance,Finance Manager,3,16502,Very High,9,4,4,4,No,Travel_Rarely,24,High,Medium,Medium,High,3,22,3,5,2,1,11,Married,No,2017-08-13
EMP11126,25,Female,Bachelor's,Research & Development,Research Scientist,2,25000,Very High,0,0,0,0,No,Travel_Rarely,3,Medium,High,Medium,High,3,16,0,3,4,1,11,Married,No,2010-02-17
EMP11127,40,Male,Master's,Sales,Manager,1,14984,High,10,2,2,2,No,Travel_Rarely,29,Medium,High,High,Very High,3,19,0,1,0,7,9,Married,No,2016-07-22
EMP11128,51,Male,High School,Research & Development,Manager,1,22382,Very High,24,3,1,2,No,Travel_Rarely,10,Low,Medium,Very High,Low,3,17,2,0,1,5,12,Single,No,2012-04-14
EMP11129,54,Female,PhD,Research & Development,Laboratory Technician,2,25000,Very High,32,1,0,1,No,Non-Travel,12,Medium,High,Medium,Very High,3,22,0,4,1,6,11,Married,No,2019-09-20
EMP11130,34,Male,Bachelor's,Sales,Manager,1,10571,High,11,0,0,0,No,Travel_Rarely,23,Medium,Very High,High,Medium,3,25,2,4,3,10,18,Married,No,2025-07-07
EMP11131,24,Male,Bachelor's,Finance,Financial Analyst,2,25000,Very High,0,0,0,0,Yes,Travel_Rarely,30,High,High,High,Medium,3,18,2,2,3,3,16,Married,No,2023-04-26
EMP11132,25,Male,Bachelor's,Research & Development,Manager,4,13701,High,0,0,0,0,No,Travel_Rarely,27,High,Very High,Low,Medium,3,14,1,0,4,10,15,Married,No,2017-10-23
EMP11133,44,Female,Master's,Sales,Sales Executive,1,25000,Very High,13,5,1,2,No,Travel_Frequently,29,High,High,High,Very High,3,11,0,0,4,3,16,Single,No,2012-07-24
EMP11134,59,Female,Bachelor's,Sales,Sales Representative,2,14283,High,37,6,3,3,No,Travel_Rarely,2,Medium,High,High,Very High,3,11,2,5,2,3,5,Single,No,2018-05-15
EMP11135,48,Female,Bachelor's,Finance,Financial Analyst,4,25000,Very High,17,3,3,3,Yes,Travel_Rarely,25,Medium,High,High,High,3,14,3,6,1,11,17,Married,No,2012-02-23
EMP11136,26,Female,Bachelor's,Sales,Manager,3,25000,Very High,0,0,0,0,No,Travel_Rarely,29,High,High,Low,High,3,24,3,5,1,5,10,Divorced,No,2018-03-11
EMP11137,59,Male,Master's,It,Manager,3,25000,Very High,36,3,3,2,No,Travel_Rarely,29,Medium,Medium,Very High,High,3,14,1,4,3,11,11,Single,Yes,2021-04-06
EMP11138,32,Male,Bachelor's,Research & Development,Research Director,3,24664,Very High,5,2,1,2,No,Travel_Rarely,8,Very High,High,Low,High,4,14,2,0,0,11,16,Married,No,2018-10-04
EMP11139,57,Male,Bachelor's,Research & Development,Research Scientist,1,19849,Very High,34,11,3,7,No,Travel_Frequently,25,Medium,High,Medium,Very High,3,23,0,5,0,3,1,Single,No,2019-04-27
EMP11140,37,Female,Bachelor's,Human Resources,HR Executive,4,16994,Very High,5,5,0,0,No,Travel_Rarely,9,High,Very High,High,Very High,3,15,3,6,3,0,12,Married,No,2012-03-20
EMP11141,21,Male,High School,It,Software Engineer,4,25000,Very High,0,0,0,0,No,Non-Travel,23,Low,Medium,Medium,Very High,4,21,3,2,4,0,18,Single,No,2024-01-09
EMP11142,27,Female,Bachelor's,Research & Development,Research Director,2,16078,Very High,5,0,0,0,No,Travel_Rarely,20,High,Low,Low,High,3,25,1,1,1,7,18,Married,No,2014-10-20
EMP11143,30,Female,Bachelor's,Finance,Financial Analyst,2,13812,High,4,0,0,0,No,Travel_Rarely,12,Very High,High,High,High,3,24,3,4,1,1,3,Single,No,2012-09-09
EMP11144,52,Female,Master's,Research & Development,Laboratory Technician,2,25000,Very High,22,2,1,1,No,Travel_Rarely,28,Very High,High,High,Medium,3,25,2,2,1,11,0,Single,No,2012-12-19
EMP11145,57,Male,Bachelor's,Sales,Sales Representative,1,15394,Very High,35,18,5,3,Yes,Non-Travel,5,Very High,Low,Medium,High,3,17,1,2,0,8,1,Single,No,2012-08-17
EMP11146,46,Male,Master's,It,Data Analyst,1,14364,High,18,4,0,4,No,Travel_Frequently,23,Medium,High,High,Medium,3,25,3,3,4,9,17,Married,No,2014-09-23
EMP11147,39,Male,Master's,It,Software Engineer,2,11503,High,9,2,2,2,No,Travel_Rarely,13,High,Very High,Very High,Low,3,20,0,1,0,7,11,Single,Yes,2017-09-20
EMP11148,31,Male,Bachelor's,Finance,Financial Analyst,2,17724,Very High,1,1,1,1,No,Travel_Rarely,5,Medium,Medium,Very High,High,3,14,2,2,4,0,8,Single,No,2020-02-13
EMP11149,50,Female,Bachelor's,It,Software Engineer,2,21222,Very High,24,3,2,3,No,Travel_Rarely,28,High,Very High,Medium,High,3,22,3,3,3,9,4,Married,No,2011-10-06
EMP11150,46,Male,Master's,It,Manager,1,24573,Very High,18,2,2,2,No,Travel_Rarely,26,Low,High,High,High,3,12,0,3,4,10,15,Single,No,2020-01-27
EMP11151,51,Female,Master's,Finance,Finance Manager,3,25000,Very High,32,14,5,1,Yes,Travel_Rarely,15,Very High,Medium,Medium,Low,3,18,2,0,0,7,3,Single,No,2020-08-31
EMP11152,29,Female,Master's,It,IT Support,1,25000,Very High,7,7,1,1,No,Travel_Frequently,24,Very High,High,Very High,High,4,13,3,5,1,8,19,Married,No,2010-09-17
EMP11153,22,Female,Master's,Finance,Finance Manager,1,20214,Very High,0,0,0,0,No,Travel_Rarely,21,Medium,High,Very High,High,3,21,1,2,0,3,2,Married,Yes,2013-03-01
EMP11154,46,Male,High School,Finance,Finance Manager,2,20147,Very High,26,4,4,4,Yes,Travel_Rarely,5,Medium,Very High,Medium,Very High,4,17,0,4,3,6,17,Single,No,2019-01-21
EMP11155,54,Male,Master's,Human Resources,HR Specialist,2,25000,Very High,25,8,4,3,Yes,Travel_Rarely,5,Low,Medium,High,Low,3,25,3,0,1,3,7,Single,Yes,2020-07-09
EMP11156,50,Male,Bachelor's,It,Data Analyst,1,25000,Very High,27,1,0,0,Yes,Travel_Rarely,4,High,Low,Very High,High,3,18,1,1,0,2,1,Single,No,2015-10-04
EMP11157,34,Male,Bachelor's,Sales,Manager,2,23315,Very High,5,4,1,4,No,Travel_Rarely,27,Medium,Medium,High,Low,3,20,2,5,1,10,11,Married,No,2020-05-08
EMP11158,35,Male,Bachelor's,It,Software Engineer,3,17835,Very High,1,1,1,1,Yes,Travel_Rarely,28,Very High,Low,High,Medium,4,16,2,4,3,0,0,Married,No,2013-01-11
EMP11159,32,Male,Master's,It,Software Engineer,2,14090,High,3,2,2,2,No,Travel_Rarely,27,High,Medium,High,Medium,3,12,0,4,4,1,20,Married,Yes,
EMP11160,54,Female,Bachelor's,Sales,Sales Representative,2,11495,High,25,8,2,3,No,Non-Travel,28,High,Medium,Very High,Medium,4,19,0,3,4,6,17,Married,No,2020-10-16
EMP11161,30,Male,Master's,It,Software Engineer,1,25000,Very High,0,0,0,0,No,Travel_Rarely,23,High,Medium,High,Very High,3,20,2,2,2,5,9,Divorced,No,2019-03-14
EMP11162,40,Male,Master's,Sales,Manager,2,25000,Very High,24,0,0,0,No,Travel_Rarely,16,Low,High,Very High,Very High,3,15,1,3,1,7,20,Divorced,No,2013-11-04
EMP11163,30,Male,Master's,Research & Development,Research Director,4,25000,Very High,3,3,3,0,No,Travel_Rarely,18,Very High,Low,High,Medium,3,16,2,3,3,10,7,Single,No,2019-04-09
EMP11164,49,Female,Master's,Finance,Financial Analyst,2,20787,Very High,31,1,1,1,No,Travel_Rarely,10,High,High,Medium,High,3,21,3,2,0,2,3,Single,No,2011-04-02
EMP11165,54,Female,Bachelor's,Sales,Sales Representative,3,25000,Very High,32,5,1,1,No,Travel_Frequently,29,Very High,Medium,High,Medium,3,16,3,2,0,5,17,Married,No,2013-04-29
EMP11166,41,Male,Master's,It,Data Analyst,2,17715,Very High,14,0,0,0,No,Travel_Rarely,20,High,Low,Medium,High,3,23,1,6,2,11,2,Single,No,2016-03-14
EMP11167,57,Female,Master's,It,Manager,3,25000,Very High,27,15,3,3,No,Travel_Frequently,27,High,High,Medium,Medium,3,17,3,2,0,5,2,Married,No,2010-09-02
EMP11168,50,Female,Master's,Research & Development,Manager,4,21646,Very High,29,2,1,2,No,Travel_Frequently,3,Low,Low,High,Medium,3,19,3,3,3,11,11,Single,No,2023-05-06
EMP11169,33,Female,Master's,Sales,Sales Executive,3,16751,Very High,12,1,1,1,Yes,Travel_Frequently,10,High,Medium,Very High,Medium,3,14,0,5,3,1,18,Married,No,2018-07-01
EMP11170,43,Male,Bachelor's,Sales,Sales Representative,4,25000,Very High,17,1,1,1,No,Travel_Rarely,13,High,Low,Very High,High,3,14,3,6,4,0,16,Married,No,2021-12-05
EMP11171,51,Female,Bachelor's,Human Resources,HR Executive,2,25000,Very High,25,15,2,7,No,Travel_Rarely,24,High,Very High,Medium,Low,3,22,1,2,1,1,16,Married,No,2021-08-23
EMP11172,55,Male,Unknown,Marketing,Marketing Specialist,4,25000,Very High,28,6,4,1,No,Travel_Rarely,23,High,High,High,High,3,25,2,2,1,8,3,Married,No,2018-10-12
EMP11173,51,Female,Master's,Human Resources,HR Specialist,2,22847,Very High,23,7,2,3,No,Travel_Frequently,3,Medium,Low,Very High,Medium,3,25,1,4,0,5,6,Married,No,2014-11-29
EMP11174,34,Male,Bachelor's,Sales,Manager,3,21654,Very High,10,3,0,0,No,Travel_Rarely,4,Very High,High,Very High,Very High,3,11,0,3,1,2,6,Married,No,2024-09-29
EMP11175,54,Female,Master's,Human Resources,Manager,1,25000,Very High,25,3,2,0,Yes,Travel_Rarely,13,Very High,Medium,Very High,Medium,3,21,1,2,2,9,6,Married,Yes,2011-01-30
EMP11176,22,Female,Bachelor's,Research & Development,Research Scientist,2,25000,Very High,2,1,1,1,No,Travel_Rarely,14,Low,Medium,High,Low,3,20,2,3,1,6,7,Married,Yes,2018-07-22
EMP11177,35,Male,Master's,It,Software Engineer,3,25000,Very High,7,2,4,2,No,Travel_Rarely,4,Very High,Medium,High,High,3,11,2,1,0,0,18,Married,No,2022-01-25
EMP11178,24,Female,Master's,Sales,Sales Representative,1,23163,Very High,5,1,1,1,No,Travel_Frequently,12,Medium,High,Very High,Very High,4,24,1,0,1,7,20,Married,No,2018-12-02
EMP11179,40,Male,Bachelor's,It,Data Analyst,2,25000,Very High,15,15,1,2,No,Travel_Rarely,16,High,Low,Low,High,4,13,2,4,3,9,8,Married,No,2022-10-28
EMP11180,29,Male,Master's,Research & Development,Laboratory Technician,3,25000,Very High,3,3,3,0,No,Travel_Rarely,10,Medium,High,Medium,High,4,16,0,6,3,6,8,Single,No,2012-08-21
EMP11181,38,Male,Master's,Marketing,Marketing Specialist,1,22288,Very High,6,3,0,3,No,Travel_Rarely,23,Very High,Very High,Very High,Medium,3,25,1,4,4,2,13,Single,No,2011-08-27
EMP11182,44,Female,Bachelor's,Research & Development,Laboratory Technician,2,19214,Very High,24,1,1,0,No,Travel_Rarely,24,Low,Medium,Medium,Low,3,17,3,6,4,3,20,Single,No,2012-01-03
EMP11183,23,Male,Bachelor's,Human Resources,HR Specialist,2,21239,Very High,0,0,0,0,No,Travel_Rarely,20,Medium,Very High,Medium,Very High,3,12,1,3,4,10,17,Single,No,2025-12-24
EMP11184,48,Male,High School,Marketing,Marketing Specialist,2,5289,Medium,23,1,1,1,No,Travel_Frequently,24,Medium,Very High,Medium,High,3,10,3,2,4,6,8,Married,No,2025-02-21
EMP11185,38,Female,Master's,Sales,Sales Representative,1,24216,Very High,9,1,1,1,Yes,Travel_Rarely,17,Medium,High,Medium,High,3,13,3,6,1,3,4,Single,Yes,2021-03-18
EMP11186,21,Female,Bachelor's,Marketing,Marketing Executive,1,17680,Very High,0,0,0,0,No,Travel_Rarely,29,High,High,Medium,High,3,15,1,3,0,4,7,Single,No,2025-01-28
EMP11187,29,Female,Bachelor's,Finance,Accountant,1,25000,Very High,4,4,3,2,No,Travel_Rarely,25,Low,High,Low,High,3,15,2,5,1,11,3,Married,No,2024-08-21
EMP11188,44,Male,Bachelor's,Sales,Manager,1,22219,Very High,19,8,0,4,Yes,Non-Travel,7,High,Very High,Medium,High,4,18,3,0,0,0,19,Married,No,2019-07-27
EMP11189,39,Male,Bachelor's,Research & Development,Laboratory Technician,1,12900,High,10,2,2,2,Yes,Non-Travel,4,Very High,High,Very High,High,4,24,3,4,0,4,13,Married,No,2014-04-07
EMP11190,38,Male,Master's,Finance,Finance Manager,3,21538,Very High,18,0,0,0,No,Travel_Frequently,24,High,Medium,Low,Medium,3,22,1,4,0,9,16,Single,Yes,2018-12-25
EMP11191,42,Female,Master's,Sales,Sales Representative,2,13756,High,17,3,2,2,No,Travel_Rarely,12,Very High,High,Medium,Medium,3,16,3,0,0,9,20,Married,No,2014-02-08
EMP11192,43,Male,Bachelor's,Human Resources,Manager,3,25000,Very High,18,7,0,7,No,Travel_Frequently,10,Medium,Very High,High,High,3,22,1,3,3,11,15,Married,No,2014-01-08
EMP11193,30,Male,Master's,Sales,Research Director,1,25000,Very High,10,1,1,1,No,Travel_Frequently,2,Medium,Medium,High,Very High,3,21,3,4,0,3,8,Married,No,2015-03-31
EMP11194,53,Female,Master's,Human Resources,HR Specialist,2,21729,Very High,20,1,1,1,No,Travel_Rarely,14,High,High,Medium,High,3,23,3,2,1,2,4,Divorced,No,2019-04-20
EMP11195,47,Male,Bachelor's,Sales,Manager,1,15431,Very High,21,15,2,1,Yes,Travel_Rarely,8,Low,High,Medium,High,4,18,1,3,0,11,4,Married,No,2011-10-02
EMP11196,24,Male,High School,It,IT Support,3,22366,Very High,0,0,0,0,No,Non-Travel,10,Very High,Low,Low,Very High,3,19,1,2,3,8,5,Single,No,2013-09-27
EMP11197,24,Male,Master's,Marketing,Marketing Specialist,3,11917,High,1,1,1,1,Yes,Travel_Rarely,6,Low,Medium,Very High,High,3,20,0,6,1,0,5,Single,No,2010-09-30
EMP11198,40,Male,Master's,Marketing,Marketing Specialist,3,25000,Very High,12,8,0,3,Yes,Travel_Rarely,23,Very High,Medium,High,Medium,4,14,2,5,2,9,7,Married,No,2020-04-30
EMP11199,31,Male,Master's,Finance,Financial Analyst,1,25000,Very High,0,0,0,0,Yes,Travel_Rarely,23,Low,High,Medium,Low,3,14,0,5,1,4,15,Single,Yes,2016-10-11
EMP11200,23,Male,High School,Sales,Manager,3,25000,Very High,0,0,0,0,No,Travel_Rarely,2,High,High,Very High,Very High,3,14,1,5,3,9,13,Married,No,2012-03-19
EMP11201,39,Female,Master's,It,Data Analyst,2,22043,Very High,13,2,2,1,No,Travel_Rarely,14,Low,Low,Low,High,3,14,3,1,3,1,0,Married,No,2020-06-16
EMP11202,57,Male,Bachelor's,Sales,Manager,3,25000,Very High,38,2,2,1,No,Travel_Rarely,11,Low,Low,Medium,High,4,23,2,0,4,4,15,Married,No,2021-11-08
EMP11203,44,Male,Master's,Sales,Sales Representative,2,25000,Very High,19,16,4,2,No,Travel_Frequently,2,High,Medium,High,High,3,13,1,5,2,4,14,Married,No,2017-12-29
EMP11204,33,Female,PhD,Research & Development,Research Scientist,2,19374,Very High,5,5,4,0,No,Travel_Frequently,4,Medium,High,High,High,3,15,0,4,0,9,4,Single,No,2013-04-21
EMP11205,30,Female,PhD,Research & Development,Laboratory Technician,1,23444,Very High,3,3,3,2,No,Travel_Frequently,6,High,Low,High,Medium,4,21,3,0,3,10,8,Single,Yes,2021-06-18
EMP11206,51,Female,Master's,It,IT Support,2,13511,High,26,1,1,1,No,Travel_Rarely,4,High,Medium,Medium,Very High,3,10,3,0,4,0,2,Single,No,2013-02-06
EMP11207,30,Female,High School,Finance,Finance Manager,1,14902,High,2,2,1,1,No,Travel_Rarely,22,Low,Very High,High,Low,3,25,1,2,4,3,6,Married,No,2012-01-22
EMP11208,37,Female,Master's,Research & Development,Manager,1,23018,Very High,6,6,5,0,Yes,Travel_Rarely,5,Very High,High,Medium,Very High,4,11,3,6,0,6,6,Single,No,2011-05-20
EMP11209,46,Male,High School,Sales,Sales Executive,1,25000,Very High,23,1,1,1,No,Travel_Rarely,6,Medium,High,Medium,Medium,3,18,0,4,1,0,15,Single,No,2025-04-12
EMP11210,37,Female,Master's,Marketing,Marketing Specialist,4,19627,Very High,14,10,2,3,No,Travel_Rarely,9,High,High,High,Low,3,15,3,1,2,11,2,Married,No,2010-06-28
EMP11211,42,Male,Bachelor's,Research & Development,Manager,1,19808,Very High,12,2,1,1,No,Travel_Frequently,22,High,Medium,Very High,Low,3,15,0,0,0,9,14,Single,Yes,2025-04-29
EMP11212,30,Male,Master's,Research & Development,Laboratory Technician,3,18341,Very High,0,0,0,0,No,Travel_Rarely,22,High,Medium,Medium,Very High,3,19,3,2,0,1,6,Divorced,No,2012-03-18
EMP11213,40,Male,High School,Sales,Sales Executive,4,17316,Very High,15,5,2,3,No,Travel_Rarely,16,Medium,High,High,Low,3,13,2,5,1,3,2,Married,No,2015-11-15
EMP11214,24,Male,Master's,It,IT Support,4,25000,Very High,0,0,0,0,No,Travel_Rarely,11,Medium,High,High,Medium,3,14,1,2,1,9,15,Divorced,No,2010-07-28
EMP11215,42,Male,Bachelor's,Finance,Finance Manager,4,11229,High,13,0,0,0,Yes,Travel_Rarely,11,High,Medium,Very High,Medium,3,18,1,5,3,1,5,Married,No,2020-11-03
EMP11216,60,Male,Bachelor's,Sales,Manager,4,25000,Very High,37,2,1,1,No,Non-Travel,24,Medium,High,Medium,Low,4,11,3,6,1,1,7,Single,Yes,2025-03-07
EMP11217,44,Male,Master's,Sales,Sales Executive,1,16327,Very High,15,15,9,5,Yes,Non-Travel,21,Medium,Medium,High,High,3,12,1,4,1,0,15,Single,No,2010-02-13
EMP11218,60,Female,Master's,Finance,Accountant,1,25000,Very High,29,6,1,2,No,Travel_Rarely,21,High,Low,High,Very High,4,19,2,3,2,1,5,Married,No,2023-04-04
EMP11219,29,Female,High School,Finance,Finance Manager,2,12438,High,3,3,3,2,Yes,Travel_Rarely,10,High,Very High,Medium,Very High,4,25,0,3,2,2,15,Single,No,2025-09-03
EMP11220,41,Female,Bachelor's,Sales,Sales Executive,2,25000,Very High,19,1,1,1,No,Travel_Rarely,29,Low,Medium,High,Medium,3,17,2,6,2,3,1,Single,No,2015-12-24
EMP11221,38,Female,High School,Marketing,Marketing Executive,1,25000,Very High,16,0,0,0,Yes,Travel_Frequently,27,Medium,Very High,High,Very High,3,18,2,1,0,0,0,Married,Yes,2017-06-16
EMP11222,20,Male,Master's,Sales,Sales Representative,2,25000,Very High,0,0,0,0,No,Travel_Rarely,1,Medium,Very High,Very High,High,3,24,0,6,2,0,18,Married,No,2015-05-30
EMP11223,26,Female,PhD,Research & Development,Research Director,2,14080,High,3,1,1,1,No,Travel_Rarely,22,Low,Medium,High,Medium,3,21,1,5,2,6,13,Divorced,No,2020-11-25
EMP11224,23,Male,Master's,Marketing,Marketing Specialist,3,24644,Very High,0,0,0,0,Yes,Travel_Rarely,17,Medium,Very High,Medium,High,3,14,0,2,4,4,18,Single,No,2025-07-01
EMP11225,20,Male,Bachelor's,Research & Development,Manager,2,12934,High,0,0,0,0,No,Travel_Rarely,27,Low,Very High,Medium,Medium,3,12,0,3,2,6,3,Single,Yes,2020-11-18
EMP11226,34,Male,Bachelor's,Human Resources,HR Executive,2,19658,Very High,2,2,2,2,Yes,Travel_Rarely,8,Very High,Very High,High,Very High,3,24,0,6,0,9,1,Married,No,2012-07-26
EMP11227,59,Male,PhD,Research & Development,Research Scientist,2,25000,Very High,38,2,2,1,Yes,Travel_Rarely,26,High,High,High,High,3,10,1,0,4,8,1,Single,Yes,2017-02-02
EMP11228,31,Male,Bachelor's,Sales,Sales Representative,2,25000,Very High,9,9,6,0,Yes,Travel_Rarely,16,Low,Very High,Medium,Medium,3,21,0,1,0,0,11,Married,Yes,2021-10-25
EMP11229,41,Male,Bachelor's,Marketing,Marketing Specialist,4,22177,Very High,20,1,1,0,Unknown,Travel_Rarely,25,Low,High,Medium,High,3,11,2,5,0,7,10,Divorced,Yes,2018-04-06
EMP11230,41,Male,Bachelor's,Research & Development,Laboratory Technician,1,14205,High,18,3,1,3,No,Non-Travel,6,High,Very High,Very High,High,3,13,0,0,4,9,20,Married,No,2012-10-03
EMP11231,36,Male,Master's,It,IT Support,2,25000,Very High,9,0,0,0,Yes,Travel_Rarely,14,Medium,High,Low,High,3,13,0,3,4,3,17,Married,No,2017-02-19
EMP11232,48,Male,Master's,Sales,Manager,2,22219,Very High,22,3,0,3,Yes,Travel_Rarely,25,High,Very High,Medium,Medium,3,25,3,2,4,8,18,Married,No,2020-04-03
EMP11233,33,Female,Bachelor's,Sales,Manager,2,7753,Medium,10,0,0,0,No,Non-Travel,2,Very High,High,High,High,3,14,3,3,4,1,16,Divorced,No,2015-03-27
EMP11234,39,Male,Unknown,Sales,Manager,1,25000,Very High,14,14,2,2,No,Travel_Frequently,9,High,High,High,High,3,18,2,1,0,8,3,Married,No,2025-03-28
EMP11235,52,Male,Bachelor's,Finance,Accountant,1,21788,Very High,33,8,0,0,No,Travel_Rarely,4,Medium,Very High,High,High,3,23,1,5,4,7,11,Single,No,2024-05-30
EMP11236,34,Female,Bachelor's,Research & Development,Manager,1,25000,Very High,9,3,3,3,No,Travel_Rarely,19,High,Medium,Medium,Very High,3,25,3,1,1,5,2,Married,No,2017-09-08
EMP11237,31,Female,Bachelor's,It,Software Engineer,1,13455,High,7,0,0,0,No,Travel_Rarely,15,Very High,Low,Very High,Low,3,21,2,0,2,4,15,Married,No,2021-04-17
EMP11238,59,Male,Bachelor's,Research & Development,Research Scientist,3,5274,Medium,29,4,4,3,No,Travel_Rarely,1,High,Low,Low,High,3,11,3,0,2,2,3,Single,No,2012-02-01
EMP11239,39,Female,Bachelor's,Marketing,Manager,2,24974,Very High,16,7,5,3,No,Non-Travel,24,High,Very High,High,High,3,24,3,1,1,0,5,Single,No,2021-07-18
EMP11240,49,Male,Master's,Sales,Sales Representative,1,25000,Very High,26,1,1,1,No,Travel_Rarely,2,Medium,Very High,High,Low,3,24,1,6,0,5,0,Single,No,2010-01-15
EMP11241,57,Male,High School,It,Software Engineer,2,10293,High,30,4,3,1,No,Travel_Rarely,17,Medium,High,Medium,Very High,3,11,1,6,0,9,4,Divorced,No,2016-03-17
EMP11242,22,Male,High School,It,Manager,1,14181,High,0,0,0,0,No,Travel_Rarely,2,High,Very High,High,Medium,3,25,3,0,2,4,9,Single,No,2022-01-20
EMP11243,47,Female,Bachelor's,It,IT Support,4,25000,Very High,16,7,7,2,No,Travel_Rarely,3,Very High,Medium,Medium,Very High,3,14,3,6,3,7,13,Married,No,2023-06-21
EMP11244,45,Male,Bachelor's,It,Data Analyst,2,19196,Very High,17,8,6,0,No,Travel_Rarely,4,High,Low,High,High,3,21,1,4,1,0,4,Single,No,2022-07-04
EMP11245,49,Female,Bachelor's,It,Manager,5,25000,Very High,25,11,4,0,No,Travel_Rarely,13,High,High,High,High,3,11,1,5,1,9,9,Single,No,2014-09-02
EMP11246,32,Male,Bachelor's,Human Resources,HR Executive,1,16436,Very High,11,11,8,2,No,Travel_Rarely,27,Low,Medium,High,Very High,3,23,2,1,2,0,8,Married,No,2017-06-27
EMP11247,32,Female,Master's,Sales,Sales Executive,3,8599,High,5,3,2,3,Yes,Travel_Rarely,25,Medium,Medium,Very High,Very High,3,19,3,5,4,6,12,Single,No,2020-09-08
EMP11248,21,Male,PhD,Sales,Sales Executive,1,20402,Very High,0,0,0,0,No,Travel_Rarely,23,High,High,Medium,Very High,3,14,1,0,3,7,16,Married,No,2020-02-18
EMP11249,56,Male,Master's,Marketing,Marketing Executive,1,19545,Very High,34,8,8,0,No,Travel_Rarely,12,Low,Medium,Very High,High,3,21,3,6,0,9,18,Married,No,2016-07-24
EMP11250,57,Male,Bachelor's,Human Resources,Manager,1,18399,Very High,32,6,2,0,No,Travel_Rarely,21,High,High,Very High,Medium,3,14,2,5,0,11,19,Married,No,2021-03-21
EMP11251,21,Female,PhD,It,Software Engineer,2,20919,Very High,0,0,0,0,No,Travel_Rarely,5,Medium,Medium,Low,Very High,3,16,0,3,0,0,0,Married,No,2012-11-21
EMP11252,55,Male,Bachelor's,Research & Development,Research Director,1,24808,Very High,29,0,0,0,Yes,Travel_Rarely,14,High,Very High,Very High,High,3,13,3,2,0,8,8,Married,No,2023-08-15
EMP11253,45,Female,Bachelor's,Sales,Sales Executive,2,20588,Very High,26,2,2,2,Yes,Travel_Rarely,6,High,High,High,Medium,3,11,2,6,1,6,17,Married,No,
EMP11254,30,Female,Bachelor's,Sales,Manager,3,12471,High,7,2,2,2,No,Travel_Frequently,1,Medium,High,Very High,Very High,3,17,0,4,1,6,4,Married,No,2025-11-07
EMP11255,27,Male,Bachelor's,Finance,Accountant,1,25000,Very High,0,0,0,0,No,Travel_Rarely,16,Medium,Medium,Very High,High,4,23,3,4,4,7,13,Married,No,2019-02-19
EMP11256,59,Female,Master's,Research & Development,Manager,1,9162,High,31,1,1,1,No,Non-Travel,6,High,Very High,Very High,High,3,10,2,2,1,7,18,Married,No,2016-05-11
EMP11257,41,Female,Bachelor's,Sales,Sales Representative,3,8755,High,18,6,1,0,Yes,Travel_Frequently,13,Very High,Low,Medium,High,3,25,0,2,4,0,14,Married,No,2011-10-08
EMP11258,39,Male,Bachelor's,Research & Development,Research Director,2,25000,Very High,8,0,0,0,No,Travel_Rarely,13,High,Medium,High,Very High,3,19,2,5,4,3,3,Single,No,2016-07-29
EMP11259,27,Male,Bachelor's,Sales,Sales Representative,3,25000,Very High,3,3,3,3,No,Travel_Rarely,11,Low,Low,High,Medium,3,10,2,5,0,10,3,Single,No,2022-06-04
EMP11260,48,Male,Master's,Human Resources,HR Executive,2,21465,Very High,24,6,0,0,No,Travel_Rarely,16,Low,Very High,Medium,Low,3,21,2,3,0,8,17,Married,No,2017-09-17
EMP11261,59,Male,Master's,Sales,Sales Representative,2,11755,High,29,1,0,1,No,Non-Travel,22,Medium,Very High,Medium,High,3,21,2,5,1,2,17,Single,No,2019-07-01
EMP11262,45,Male,Bachelor's,It,Data Analyst,1,16018,Very High,13,1,0,1,No,Travel_Rarely,14,Unknown,Very High,High,Very High,3,20,0,2,1,5,7,Single,No,2017-09-22
EMP11263,49,Male,Master's,Research & Development,Laboratory Technician,4,19570,Very High,21,5,5,0,No,Travel_Rarely,11,High,High,High,High,3,21,1,4,4,3,1,Single,No,2011-09-03
EMP11264,36,Female,Master's,Research & Development,Research Scientist,4,10741,High,15,7,3,7,No,Travel_Rarely,5,High,Low,Very High,High,3,16,2,3,2,0,15,Married,No,2013-03-26
EMP11265,39,Male,Bachelor's,Sales,Sales Representative,5,15795,Very High,17,10,9,2,Yes,Travel_Frequently,15,Unknown,Very High,Very High,Low,4,13,0,2,0,2,13,Married,No,2021-09-29
EMP11266,35,Female,Master's,Sales,Manager,2,25000,Very High,10,10,3,7,No,Travel_Rarely,25,Medium,Medium,Medium,High,3,12,2,3,3,2,0,Married,No,2018-08-12
EMP11267,26,Male,Bachelor's,Research & Development,Research Director,3,25000,Very High,0,0,0,0,No,Travel_Rarely,26,Medium,Medium,High,Low,3,10,3,3,2,2,16,Married,No,2022-05-18
EMP11268,35,Male,High School,Research & Development,Manager,2,18238,Very High,14,4,4,1,No,Travel_Rarely,10,Very High,Medium,High,High,3,21,3,5,0,10,9,Married,No,2015-01-05
EMP11269,46,Female,Master's,Human Resources,HR Executive,2,25000,Very High,16,12,1,1,No,Travel_Rarely,21,High,Medium,Medium,High,4,22,1,5,0,5,15,Single,No,2012-04-04
EMP11270,42,Female,Bachelor's,Sales,Sales Executive,3,9308,High,16,8,1,0,No,Travel_Rarely,25,High,High,Medium,Very High,3,17,0,0,1,8,2,Married,No,2022-12-16
EMP11271,43,Male,Bachelor's,Finance,Finance Manager,1,25000,Very High,21,11,2,4,No,Travel_Rarely,26,Medium,Medium,Medium,Medium,3,17,3,2,3,6,18,Single,No,2020-03-28
EMP11272,28,Male,Master's,It,Software Engineer,1,15340,Very High,2,0,0,0,No,Travel_Frequently,15,High,Medium,Very High,Low,3,21,0,5,3,6,10,Married,No,2017-02-03
EMP11273,54,Male,High School,It,Data Analyst,1,25000,Very High,28,17,1,8,No,Travel_Frequently,7,Medium,High,Very High,Medium,3,13,3,0,0,0,14,Married,No,2010-01-13
EMP11274,39,Female,Bachelor's,Sales,Sales Representative,3,19703,Very High,16,3,0,1,No,Travel_Frequently,3,Medium,Medium,Very High,Medium,3,25,0,5,4,8,17,Single,No,2018-07-20
EMP11275,56,Male,Bachelor's,Research & Development,Manager,2,25000,Very High,27,8,1,3,Yes,Travel_Rarely,11,High,Low,High,Medium,4,25,2,4,3,3,19,Single,No,2022-10-17
EMP11276,36,Female,High School,Sales,Sales Representative,2,14861,High,7,1,1,1,No,Travel_Frequently,9,High,Very High,Medium,High,3,11,2,6,2,7,18,Married,No,2022-09-27
EMP11277,50,Male,Bachelor's,Sales,Sales Representative,5,25000,Very High,28,3,3,3,No,Travel_Rarely,10,Medium,Medium,Very High,Medium,3,13,3,3,4,11,6,Single,No,2011-09-17
EMP11278,27,Male,PhD,Marketing,Marketing Specialist,2,19423,Very High,0,0,0,0,Yes,Travel_Rarely,23,Low,High,Medium,Very High,3,16,1,4,1,0,5,Married,No,2015-07-21
EMP11279,34,Male,Bachelor's,Sales,Sales Executive,1,20512,Very High,6,2,1,2,Yes,Non-Travel,4,Medium,High,High,Medium,3,13,3,3,0,7,8,Single,No,2022-10-05
EMP11280,50,Male,Master's,Research & Development,Laboratory Technician,2,21729,Very High,30,1,0,1,No,Travel_Frequently,30,Medium,Low,Medium,Very High,3,22,3,2,0,8,12,Married,No,2022-06-03
EMP11281,49,Male,Bachelor's,Human Resources,HR Specialist,3,15055,Very High,24,8,2,0,No,Travel_Rarely,28,High,High,Very High,Low,3,20,1,6,2,4,7,Single,No,2013-07-29
EMP11282,39,Male,Master's,Finance,Finance Manager,1,21887,Very High,17,0,0,0,No,Travel_Frequently,25,Very High,Medium,Low,Very High,3,20,2,1,2,6,17,Married,Yes,2010-05-24
EMP11283,58,Male,PhD,Research & Development,Research Director,2,21414,Very High,29,2,2,1,Yes,Non-Travel,22,Low,Medium,Medium,High,4,12,2,2,1,10,2,Divorced,Yes,2017-09-28
EMP11284,31,Female,Bachelor's,Sales,Manager,1,24552,Very High,2,1,1,1,Yes,Travel_Rarely,25,Medium,Low,High,High,3,19,3,3,1,9,0,Married,No,2020-06-26
EMP11285,36,Male,Master's,Research & Development,Research Scientist,2,22880,Very High,11,4,1,1,No,Travel_Rarely,20,Medium,Low,Medium,High,3,21,0,1,3,1,17,Single,No,2010-09-29
EMP11286,49,Female,PhD,Research & Development,Manager,1,25000,Very High,27,1,0,1,Yes,Travel_Frequently,26,High,High,Very High,Very High,3,10,3,1,4,0,3,Married,Yes,2025-03-20
EMP11287,48,Male,Master's,Sales,Manager,1,25000,Very High,28,1,1,0,Yes,Travel_Rarely,18,Medium,Low,Medium,High,3,18,2,2,0,11,17,Married,No,2024-12-19
EMP11288,38,Male,Bachelor's,Research & Development,Research Director,2,13728,High,21,3,3,0,Yes,Travel_Rarely,29,High,Medium,Very High,Medium,3,14,0,4,3,10,15,Single,No,2018-07-21
EMP11289,30,Female,Master's,Sales,Sales Executive,4,25000,Very High,0,0,0,0,Yes,Travel_Frequently,14,Medium,Very High,High,High,4,11,1,2,1,5,17,Single,No,2015-08-04
EMP11290,53,Female,Master's,Sales,Sales Executive,3,12915,High,27,1,0,1,Yes,Travel_Rarely,9,High,Low,High,Very High,3,15,2,3,2,8,2,Married,No,2017-03-27
EMP11291,26,Male,Bachelor's,Research & Development,Manager,4,25000,Very High,1,1,0,1,No,Travel_Rarely,26,Very High,Medium,Very High,Very High,3,11,1,6,3,11,13,Divorced,No,2025-04-06
EMP11292,53,Female,Bachelor's,Sales,Sales Representative,2,25000,Very High,27,1,1,1,Yes,Travel_Rarely,28,Very High,High,High,High,3,21,2,4,2,0,9,Single,No,2014-03-10
EMP11293,39,Female,Bachelor's,Research & Development,Laboratory Technician,1,9320,High,10,10,1,10,No,Travel_Rarely,30,Very High,Very High,Medium,Medium,3,15,2,3,4,9,4,Single,No,2017-03-20
EMP11294,57,Female,Bachelor's,Finance,Financial Analyst,1,22968,Very High,27,3,3,1,No,Non-Travel,20,High,Low,Medium,High,3,18,0,5,2,0,7,Divorced,No,2016-08-10
EMP11295,43,Male,Master's,It,IT Support,4,17840,Very High,21,5,3,0,No,Travel_Rarely,16,Very High,Medium,Medium,Very High,3,11,2,5,0,3,17,Single,No,2011-10-26
EMP11296,29,Female,Bachelor's,Sales,Sales Representative,2,15655,Very High,2,1,1,1,No,Travel_Rarely,27,Medium,Medium,High,High,3,22,3,6,4,9,4,Married,No,2024-04-30
EMP11297,51,Female,Bachelor's,Sales,Sales Representative,5,25000,Very High,26,3,2,3,No,Non-Travel,2,Medium,Medium,Medium,Medium,3,24,1,4,2,5,11,Single,No,2011-03-29
EMP11298,34,Female,Master's,Sales,Sales Executive,1,16413,Very High,13,0,0,0,No,Non-Travel,23,Low,Medium,Medium,High,3,10,2,0,3,8,3,Divorced,Yes,2016-12-18
EMP11299,56,Female,Bachelor's,Human Resources,Manager,1,15323,Very High,22,0,0,0,No,Travel_Rarely,7,High,Medium,Medium,Medium,3,16,3,4,0,1,11,Married,No,2022-11-09
EMP11300,39,Female,Bachelor's,Finance,Accountant,2,22790,Very High,21,3,3,0,No,Non-Travel,5,Very High,Medium,High,Very High,3,17,1,0,0,4,12,Single,No,2021-09-24
EMP11301,22,Male,Bachelor's,Sales,Sales Executive,1,25000,Very High,0,0,0,0,No,Travel_Rarely,21,Medium,Low,Medium,Very High,3,11,3,3,1,6,13,Single,No,2019-12-11
EMP11302,56,Male,Bachelor's,Marketing,Marketing Executive,1,20666,Very High,34,1,1,0,No,Travel_Rarely,24,High,Medium,Very High,Low,3,13,2,2,1,11,13,Single,No,2025-08-03
EMP11303,59,Male,Bachelor's,Sales,Sales Representative,2,25000,Very High,33,6,5,6,Yes,Travel_Rarely,22,High,High,Medium,Very High,3,17,3,3,3,3,18,Married,No,2020-11-15
EMP11304,27,Male,High School,Research & Development,Research Scientist,2,25000,Very High,5,5,0,1,No,Travel_Rarely,17,Very High,Medium,High,Very High,3,21,1,2,1,5,9,Single,No,2013-05-16
EMP11305,59,Male,Bachelor's,Finance,Financial Analyst,1,8265,High,36,3,2,3,No,Travel_Rarely,11,High,Medium,Very High,Medium,3,24,1,5,2,5,8,Single,No,2022-07-16
EMP11306,42,Female,Master's,It,Manager,1,17357,Very High,12,5,1,2,No,Travel_Rarely,30,Very High,Medium,Medium,High,3,23,1,0,1,3,17,Single,No,2018-08-07
EMP11307,59,Male,Master's,Finance,Financial Analyst,3,17106,Very High,33,16,4,2,Yes,Travel_Rarely,28,Medium,Low,High,Low,4,13,2,2,0,3,16,Single,No,2017-02-18
EMP11308,30,Female,Bachelor's,It,Software Engineer,2,25000,Very High,4,4,0,1,No,Travel_Rarely,4,Medium,High,High,Low,3,21,0,3,3,8,4,Married,No,2016-12-11
EMP11309,27,Female,Master's,Research & Development,Manager,2,6760,Medium,5,3,3,3,No,Travel_Rarely,17,High,Very High,Very High,High,3,18,3,3,2,10,1,Divorced,No,2024-02-06
EMP11310,48,Male,Master's,It,IT Support,2,25000,Very High,23,7,0,0,Yes,Travel_Rarely,21,Medium,Medium,High,Low,3,10,1,3,0,0,9,Single,Yes,2025-11-26
EMP11311,49,Female,Bachelor's,Sales,Sales Representative,4,25000,Very High,26,1,0,1,No,Travel_Rarely,5,Low,Medium,Medium,Very High,4,19,1,6,0,4,0,Married,Yes,2019-08-08
EMP11312,29,Male,PhD,It,Software Engineer,2,23553,Very High,5,4,4,0,No,Travel_Rarely,4,High,High,Very High,Very High,3,22,0,4,4,10,7,Single,No,2019-11-26
EMP11313,58,Female,Master's,Research & Development,Research Scientist,4,25000,Very High,32,2,2,0,No,Travel_Rarely,25,High,Low,High,Low,4,16,1,3,1,8,7,Divorced,No,2015-01-24
EMP11314,47,Female,Bachelor's,It,Data Analyst,2,25000,Very High,13,1,1,1,No,Travel_Rarely,24,High,Very High,Low,Low,3,12,1,4,2,8,5,Married,No,2022-03-16
EMP11315,55,Male,Bachelor's,Research & Development,Manager,1,25000,Very High,25,3,2,3,No,Travel_Rarely,30,Medium,Low,Very High,Medium,3,20,2,1,3,8,20,Married,No,2014-11-05
EMP11316,32,Male,Bachelor's,Human Resources,Manager,2,25000,Very High,10,1,1,1,No,Travel_Rarely,10,High,High,Very High,Very High,3,21,0,0,3,1,4,Single,No,2010-09-06
EMP11317,51,Male,Bachelor's,Research & Development,Research Scientist,2,23361,Very High,30,6,4,2,No,Travel_Frequently,30,Medium,Medium,Medium,High,3,19,1,1,3,6,20,Married,No,2023-02-28
EMP11318,55,Female,Master's,Finance,Accountant,2,20667,Very High,25,3,1,0,No,Non-Travel,3,Low,Medium,Low,High,4,20,2,1,4,9,17,Single,No,2024-02-13
EMP11319,56,Female,PhD,Sales,Manager,2,17781,Very High,22,4,0,0,No,Travel_Frequently,21,High,Low,High,High,3,20,2,4,2,7,6,Single,Yes,2023-11-11
EMP11320,45,Male,High School,Sales,Sales Representative,1,15188,Very High,17,1,1,1,No,Travel_Rarely,6,Low,High,Very High,Medium,3,12,2,4,0,0,3,Married,No,2018-08-31
EMP11321,41,Female,Master's,Sales,Sales Representative,2,16169,Very High,21,1,1,1,No,Travel_Rarely,21,Low,High,Medium,Medium,3,20,2,6,4,1,0,Single,No,2017-09-26
EMP11322,23,Male,Bachelor's,Sales,Sales Representative,3,11995,High,0,0,0,0,Yes,Travel_Rarely,8,High,Very High,High,Medium,4,16,0,0,1,0,1,Married,No,2017-10-06
EMP11323,50,Male,Bachelor's,It,Data Analyst,2,21287,Very High,24,21,9,5,Yes,Non-Travel,5,Low,Medium,High,High,3,24,0,0,0,8,18,Married,No,2017-05-05
EMP11324,37,Female,Master's,Sales,Sales Executive,2,10321,High,10,1,1,1,No,Travel_Rarely,8,Very High,High,Medium,High,3,15,2,5,3,9,2,Single,No,2010-08-25
EMP11325,57,Male,PhD,Marketing,Marketing Specialist,5,24002,Very High,36,2,2,0,No,Travel_Rarely,10,High,Medium,High,Medium,3,12,0,0,1,10,0,Single,No,2025-08-05
EMP11326,43,Female,Bachelor's,Research & Development,Research Director,2,21669,Very High,18,10,10,2,No,Travel_Rarely,26,Very High,High,Low,High,4,23,3,6,2,4,20,Single,No,2011-09-24
EMP11327,42,Female,Bachelor's,Sales,Sales Executive,1,23532,Very High,14,0,0,0,Yes,Travel_Frequently,30,Low,Medium,High,High,3,23,3,3,2,3,12,Married,Yes,2020-03-07
EMP11328,41,Female,High School,It,IT Support,3,17414,Very High,16,10,1,4,No,Travel_Rarely,19,High,High,High,Medium,3,11,2,3,4,7,7,Married,No,2020-02-03
EMP11329,21,Male,Bachelor's,Finance,Accountant,1,25000,Very High,0,0,0,0,No,Travel_Rarely,21,Medium,Very High,Medium,Low,3,20,1,6,2,2,11,Married,No,2018-08-02
EMP11330,50,Male,Bachelor's,Research & Development,Laboratory Technician,3,25000,Very High,22,3,3,2,No,Travel_Frequently,4,High,Very High,Very High,Medium,3,20,1,0,3,7,7,Married,No,2016-03-23
EMP11331,30,Male,Bachelor's,Research & Development,Research Director,1,12581,High,9,2,2,2,Yes,Travel_Rarely,29,Medium,High,Medium,Medium,3,15,3,4,4,2,6,Single,No,2016-06-08
EMP11332,47,Female,Bachelor's,Finance,Finance Manager,1,24460,Very High,18,2,2,2,No,Travel_Rarely,27,Medium,Medium,High,High,4,19,2,1,4,5,7,Married,No,2010-07-11
EMP11333,51,Female,Master's,Sales,Manager,1,16754,Very High,22,2,0,2,Yes,Travel_Rarely,6,Very High,Very High,High,Low,3,16,3,0,3,3,14,Divorced,No,2025-11-22
EMP11334,24,Male,Bachelor's,Marketing,Marketing Executive,2,13953,High,0,0,0,0,Yes,Travel_Rarely,3,Medium,Very High,Medium,Very High,4,18,3,5,2,7,20,Single,No,2013-07-20
EMP11335,57,Female,Bachelor's,Marketing,Marketing Specialist,1,12052,High,34,2,1,0,No,Travel_Rarely,28,Low,Medium,Low,Low,3,18,1,0,1,6,6,Married,No,2011-03-11
EMP11336,29,Male,Master's,Finance,Finance Manager,1,25000,Very High,0,0,0,0,Yes,Travel_Rarely,26,Medium,Very High,Low,High,3,18,3,1,4,11,11,Single,No,2025-03-09
EMP11337,59,Male,Master's,Sales,Manager,3,16210,Very High,35,8,7,0,Yes,Travel_Rarely,4,High,Very High,Medium,Very High,3,20,2,2,1,4,17,Married,No,2018-10-03
EMP11338,43,Male,Bachelor's,Finance,Financial Analyst,3,25000,Very High,19,1,0,1,No,Travel_Frequently,27,Medium,Medium,High,Low,3,19,1,0,1,2,3,Single,Yes,2016-03-01
EMP11339,54,Male,Bachelor's,Sales,Sales Executive,3,25000,Very High,31,5,5,5,Yes,Travel_Rarely,4,Medium,High,High,Medium,4,10,1,0,1,4,5,Married,No,2020-06-10
EMP11340,42,Male,Master's,Sales,Sales Representative,3,25000,Very High,13,3,0,3,No,Travel_Rarely,5,Low,High,Very High,Medium,4,13,3,3,1,3,10,Married,No,2025-05-05
EMP11341,36,Male,High School,Sales,Manager,2,15009,Very High,8,8,8,4,Yes,Travel_Rarely,27,High,High,High,Medium,4,13,0,1,3,7,9,Single,No,2017-12-01
EMP11342,20,Female,Bachelor's,Research & Development,Manager,3,25000,Very High,0,0,0,0,No,Travel_Frequently,15,High,Medium,Low,High,3,19,3,5,0,10,18,Single,No,2017-01-30
EMP11343,50,Female,Bachelor's,It,IT Support,2,25000,Very High,28,5,4,1,Unknown,Travel_Rarely,16,Medium,Medium,Medium,Medium,3,17,2,0,2,4,17,Married,No,2018-08-28
EMP11344,50,Male,Bachelor's,Finance,Accountant,2,17794,Very High,27,11,1,1,Yes,Travel_Rarely,6,Medium,Low,Low,Low,3,12,0,5,0,9,11,Single,No,2019-12-10
EMP11345,53,Female,Bachelor's,Finance,Financial Analyst,3,15564,Very High,31,3,3,3,No,Travel_Rarely,18,Low,High,Low,Very High,4,25,2,0,0,9,16,Married,No,2011-09-19
EMP11346,28,Male,Bachelor's,Research & Development,Laboratory Technician,1,25000,Very High,7,0,0,0,No,Travel_Rarely,26,Medium,Very High,High,High,3,23,1,2,4,4,19,Married,No,2015-09-19
EMP11347,41,Male,Master's,Research & Development,Research Director,3,24401,Very High,18,4,0,2,Yes,Travel_Rarely,12,Low,High,Medium,Medium,3,10,2,1,0,1,1,Single,No,2020-01-01
EMP11348,32,Female,Master's,Research & Development,Research Scientist,2,25000,Very High,11,2,0,2,No,Travel_Frequently,24,Medium,Low,High,High,3,12,2,0,0,8,18,Single,No,2010-06-09
EMP11349,44,Female,PhD,Marketing,Manager,1,15215,Very High,21,6,1,1,No,Travel_Rarely,20,High,Very High,Low,Low,3,15,2,2,3,5,11,Single,No,2013-01-28
EMP11350,37,Female,High School,Sales,Sales Representative,1,12725,High,8,8,1,6,Yes,Non-Travel,7,Very High,Low,High,Low,3,16,3,0,1,10,10,Married,No,2025-05-29
EMP11351,31,Female,Bachelor's,It,Manager,1,17047,Very High,0,0,0,0,Yes,Travel_Rarely,23,Low,Very High,Low,Low,3,18,3,4,0,0,14,Single,No,2019-03-27
EMP11352,59,Female,Master's,Human Resources,Manager,4,20831,Very High,34,3,3,1,No,Travel_Frequently,12,High,High,High,High,4,14,2,2,0,2,10,Married,No,2013-06-21
EMP11353,36,Male,Bachelor's,Research & Development,Manager,5,13645,High,15,5,1,0,No,Travel_Rarely,14,High,High,Medium,High,3,14,3,5,4,3,10,Single,No,2010-12-02
EMP11354,34,Female,Bachelor's,Finance,Finance Manager,2,21929,Very High,3,1,1,1,No,Travel_Rarely,13,High,High,Medium,Very High,3,12,1,6,2,9,9,Married,No,2015-02-09
EMP11355,34,Male,Bachelor's,Research & Development,Research Scientist,1,10303,High,13,1,1,1,No,Travel_Rarely,26,Very High,Low,Medium,Medium,3,21,1,4,4,9,18,Single,No,2013-11-04
EMP11356,34,Female,Bachelor's,It,Data Analyst,1,13306,High,3,3,3,0,No,Travel_Rarely,11,Medium,High,Low,High,3,12,0,6,2,1,2,Married,Yes,2022-09-19
EMP11357,58,Male,Bachelor's,Marketing,Marketing Executive,3,25000,Very High,33,6,0,2,No,Travel_Frequently,11,Low,Medium,Medium,Low,3,18,3,0,2,10,3,Married,No,2011-05-15
EMP11358,32,Male,Bachelor's,Research & Development,Manager,1,25000,Very High,4,0,0,0,No,Travel_Rarely,2,High,High,Low,High,3,12,3,2,2,9,2,Married,No,2017-08-16
EMP11359,36,Female,PhD,Sales,Sales Executive,4,18465,Very High,7,1,1,1,No,Travel_Rarely,14,Medium,Medium,Very High,Medium,3,12,2,1,3,3,14,Single,No,2015-01-21
EMP11360,51,Male,Bachelor's,Human Resources,HR Specialist,2,13933,High,32,6,1,6,Yes,Travel_Rarely,15,Low,High,Low,Medium,3,25,0,6,3,1,5,Married,No,2017-11-19
EMP11361,28,Female,PhD,Marketing,Marketing Specialist,4,13873,High,10,7,1,7,No,Travel_Frequently,23,Medium,Very High,Very High,High,3,18,1,6,1,5,8,Married,No,2024-02-17
EMP11362,59,Male,Master's,Sales,Sales Executive,2,18621,Very High,36,9,8,8,No,Travel_Rarely,28,Medium,Medium,High,Low,3,13,1,5,2,9,7,Married,No,2020-07-21
EMP11363,39,Female,Bachelor's,Human Resources,HR Specialist,2,25000,Very High,11,2,2,0,No,Travel_Frequently,1,High,High,High,Very High,4,22,2,3,3,8,1,Single,No,2015-09-15
EMP11364,45,Male,Master's,Human Resources,HR Executive,2,25000,Very High,21,13,0,4,No,Travel_Frequently,12,Low,Very High,High,High,4,15,3,0,3,0,18,Single,Yes,2012-07-20
EMP11365,46,Male,Master's,Finance,Finance Manager,3,17616,Very High,22,4,2,1,No,Travel_Frequently,14,Medium,Low,High,Medium,3,10,2,2,0,4,14,Married,Yes,2017-03-09
EMP11366,40,Male,Bachelor's,Sales,Sales Representative,3,13107,High,19,6,1,1,No,Travel_Rarely,18,Medium,High,Medium,Very High,3,20,0,4,2,8,7,Single,No,2010-02-02
EMP11367,37,Female,Bachelor's,Finance,Accountant,2,24848,Very High,13,5,5,5,No,Travel_Rarely,21,Medium,Medium,Low,Medium,3,11,1,2,4,10,18,Married,No,2013-02-20
EMP11368,32,Female,Bachelor's,Marketing,Manager,2,15205,Very High,7,1,1,1,No,Travel_Rarely,24,Very High,High,High,High,3,20,0,1,0,6,4,Married,No,
EMP11369,35,Male,Master's,Sales,Sales Representative,4,17445,Very High,15,15,1,7,Yes,Travel_Frequently,28,Low,Very High,Medium,Very High,3,23,1,2,3,10,11,Single,No,2019-06-17
EMP11370,28,Female,Bachelor's,Sales,Sales Executive,4,25000,Very High,0,0,0,0,No,Travel_Frequently,23,Very High,Very High,High,Very High,3,12,1,4,3,5,11,Married,No,2019-04-26
EMP11371,31,Female,Bachelor's,Marketing,Marketing Executive,2,25000,Very High,2,1,1,1,No,Travel_Rarely,3,High,Medium,Very High,Medium,4,11,0,0,3,6,8,Married,No,2023-07-26
EMP11372,57,Female,Bachelor's,Sales,Sales Executive,1,23649,Very High,36,8,2,0,No,Travel_Frequently,29,High,Low,High,High,3,23,1,5,3,8,17,Married,No,2016-11-05
EMP11373,38,Male,Bachelor's,It,IT Support,1,12427,High,15,5,1,1,No,Travel_Rarely,26,Medium,Very High,Medium,Medium,3,20,1,4,4,2,9,Divorced,No,2024-06-11
EMP11374,26,Male,Bachelor's,Research & Development,Laboratory Technician,3,24225,Very High,5,5,3,2,No,Travel_Rarely,25,Medium,Very High,Medium,High,3,19,0,5,1,7,4,Single,No,2019-11-09
EMP11375,54,Male,Bachelor's,Sales,Sales Executive,1,25000,Very High,23,4,1,2,Yes,Travel_Rarely,12,Very High,High,Low,Medium,4,24,1,5,1,0,14,Married,No,2012-11-15
EMP11376,37,Male,Master's,It,Data Analyst,1,18601,Very High,18,2,2,2,No,Non-Travel,29,Very High,Low,High,Medium,3,25,0,4,2,9,19,Married,No,2011-11-21
EMP11377,35,Male,Master's,Research & Development,Research Director,1,25000,Very High,12,12,1,8,No,Travel_Frequently,5,Medium,High,High,Low,3,12,2,4,3,5,18,Married,No,2018-07-23
EMP11378,58,Male,Master's,Research & Development,Manager,2,25000,Very High,32,0,0,0,No,Travel_Frequently,3,Medium,Medium,High,High,3,21,3,3,2,8,20,Married,No,2020-10-06
EMP11379,23,Male,Master's,Research & Development,Manager,2,25000,Very High,0,0,0,0,No,Non-Travel,7,Medium,Very High,Medium,High,4,23,3,5,4,0,9,Single,No,2021-10-11
EMP11380,44,Female,Master's,Human Resources,HR Executive,1,25000,Very High,15,1,1,1,Yes,Travel_Rarely,16,Very High,Medium,Medium,Medium,3,14,3,0,2,4,16,Married,Yes,2020-03-13
EMP11381,51,Female,Bachelor's,Sales,Sales Representative,1,25000,Very High,21,9,4,2,No,Non-Travel,20,Medium,High,Very High,High,3,21,1,3,1,7,5,Single,No,2015-01-01
EMP11382,59,Female,High School,Research & Development,Laboratory Technician,3,25000,Very High,28,1,1,1,No,Travel_Rarely,17,High,Medium,Low,High,3,10,0,5,1,9,8,Single,No,2020-05-18
EMP11383,32,Male,PhD,Marketing,Marketing Executive,4,25000,Very High,10,4,0,3,No,Travel_Frequently,21,High,High,Medium,Medium,3,10,3,2,1,10,16,Single,No,2010-09-25
EMP11384,36,Male,High School,Sales,Manager,1,17579,Very High,16,11,1,1,No,Travel_Frequently,27,High,High,Low,High,3,20,1,0,2,5,17,Single,No,2012-12-28
EMP11385,56,Female,Bachelor's,Finance,Financial Analyst,1,18001,Very High,28,3,1,3,No,Travel_Rarely,8,High,High,Medium,Low,3,16,1,0,3,5,13,Married,No,
EMP11386,25,Male,Bachelor's,Research & Development,Research Scientist,2,24523,Very High,7,7,0,0,No,Travel_Rarely,15,Medium,Very High,Very High,High,3,18,0,5,0,2,5,Married,No,2010-05-13
EMP11387,38,Male,High School,It,Software Engineer,3,12323,High,12,8,4,2,No,Travel_Rarely,28,Very High,High,Medium,High,3,24,2,2,1,7,10,Married,No,2021-12-27
EMP11388,32,Male,Master's,Sales,Manager,3,20651,Very High,15,7,1,3,No,Non-Travel,20,High,Low,High,Low,3,18,0,2,2,0,18,Single,No,2010-01-16
EMP11389,45,Male,Bachelor's,Marketing,Marketing Executive,3,25000,Very High,21,13,0,1,No,Travel_Rarely,15,High,High,Medium,High,3,16,1,4,0,11,15,Married,No,2024-09-13
EMP11390,33,Female,Master's,Research & Development,Manager,4,8217,High,5,3,3,3,No,Travel_Rarely,23,Medium,High,High,High,3,20,2,5,1,3,1,Single,No,2025-04-14
EMP11391,50,Female,Bachelor's,Sales,Manager,1,25000,Very High,29,1,1,1,No,Travel_Frequently,8,High,Medium,Very High,High,3,20,2,5,1,7,6,Married,Yes,2017-04-15
EMP11392,23,Male,Bachelor's,Sales,Sales Representative,1,25000,Very High,0,0,0,0,Yes,Travel_Rarely,25,Medium,Medium,Medium,High,3,22,3,0,4,5,20,Married,No,2025-08-12
EMP11393,58,Male,Bachelor's,Sales,Manager,2,17910,Very High,31,1,1,1,No,Travel_Rarely,11,Medium,Low,Low,High,3,11,1,6,1,10,5,Married,No,2021-10-15
EMP11394,27,Female,Master's,Research & Development,Manager,3,25000,Very High,0,0,0,0,Yes,Travel_Rarely,25,High,Medium,Medium,High,3,20,0,1,0,8,14,Married,No,2016-03-06
EMP11395,44,Male,Master's,Research & Development,Research Director,2,22058,Very High,19,4,2,4,Yes,Travel_Rarely,21,High,Medium,High,High,4,16,0,5,0,0,12,Single,Yes,2022-08-27
EMP11396,32,Male,Bachelor's,It,Software Engineer,4,25000,Very High,1,1,1,1,No,Travel_Frequently,22,High,Very High,High,Medium,3,22,3,4,3,1,6,Single,No,2022-01-10
EMP11397,51,Male,Bachelor's,Research & Development,Laboratory Technician,3,25000,Very High,22,0,0,0,No,Travel_Rarely,23,Medium,High,Very High,Very High,3,21,1,0,0,11,19,Single,No,2020-10-26
EMP11398,85,Male,PhD,Sales,Sales Executive,3,11731,High,34,0,0,0,No,Travel_Rarely,10,High,High,Low,Low,3,18,0,2,2,0,2,Married,No,2022-10-26
EMP11399,57,Male,Bachelor's,Human Resources,Manager,1,25000,Very High,29,9,9,1,Yes,Travel_Rarely,18,Medium,High,High,Medium,3,24,0,2,2,10,14,Single,No,2011-04-18
EMP11400,47,Female,Bachelor's,Finance,Accountant,1,20080,Very High,17,4,3,4,No,Travel_Rarely,9,High,High,Low,High,4,16,0,1,1,3,19,Single,Yes,2025-11-18
EMP11401,49,Male,Bachelor's,Sales,Sales Executive,3,22863,Very High,20,2,2,2,No,Non-Travel,16,Medium,High,Low,Very High,3,11,2,0,3,8,2,Single,No,2012-04-20
EMP11402,22,Male,High School,Sales,Sales Representative,1,15872,Very High,0,0,0,0,No,Travel_Frequently,1,High,Low,High,Low,3,24,2,3,1,3,14,Married,No,2013-02-23
EMP11403,47,Male,Bachelor's,Sales,Manager,1,25000,Very High,19,0,0,0,No,Travel_Rarely,30,High,High,Very High,Low,4,25,3,4,3,8,2,Married,No,2016-05-13
EMP11404,22,Female,High School,Finance,Accountant,4,25000,Very High,0,0,0,0,No,Travel_Rarely,22,Medium,Low,Medium,Medium,3,24,3,0,4,5,14,Married,No,2020-04-28
EMP11405,53,Male,Master's,Finance,Accountant,4,15790,Very High,26,5,5,5,Yes,Travel_Rarely,6,Medium,Very High,Medium,Medium,3,16,0,3,3,4,0,Married,No,2022-08-06
EMP11406,35,Male,Master's,Research & Development,Manager,1,12081,High,8,1,1,0,No,Travel_Rarely,30,High,Medium,High,Very High,3,23,1,2,4,9,20,Single,No,2011-04-27
EMP11407,41,Male,Master's,It,Manager,3,18517,Very High,13,6,5,3,No,Travel_Rarely,23,High,High,High,Very High,3,13,1,2,4,3,19,Married,No,2023-10-10
EMP11408,51,Male,Bachelor's,It,IT Support,1,25000,Very High,26,7,7,7,No,Travel_Frequently,2,High,High,Very High,Low,3,17,3,3,1,9,10,Married,No,2019-07-16
EMP11409,57,Male,Master's,Human Resources,HR Executive,1,24541,Very High,37,3,2,3,Yes,Travel_Rarely,13,High,Low,Medium,Low,3,12,1,3,2,1,3,Married,No,2013-12-29
EMP11410,27,Male,Master's,It,IT Support,2,25000,Very High,5,5,3,5,No,Travel_Rarely,22,Medium,Medium,High,Very High,3,21,1,1,3,7,18,Married,No,2018-11-09
EMP11411,27,Female,Master's,Sales,Sales Representative,3,25000,Very High,0,0,0,0,No,Travel_Rarely,6,Medium,High,Medium,Medium,3,23,0,0,1,2,9,Divorced,No,2018-03-21
EMP11412,25,Female,High School,Sales,Manager,1,25000,Very High,0,0,0,0,Yes,Travel_Rarely,9,Medium,Very High,High,Medium,3,14,0,2,4,0,20,Married,No,2016-05-02
EMP11413,33,Male,Bachelor's,Sales,Sales Representative,1,25000,Very High,5,0,0,0,No,Travel_Rarely,14,Low,High,Medium,Medium,3,12,1,4,4,10,3,Married,Yes,2016-06-23
EMP11414,51,Male,Master's,Sales,Manager,1,11788,High,28,1,0,1,No,Travel_Rarely,24,High,Very High,Medium,Medium,3,16,0,2,0,9,15,Married,No,2018-09-05
EMP11415,54,Male,PhD,Research & Development,Laboratory Technician,5,20170,Very High,26,1,1,1,No,Travel_Rarely,21,Low,Low,Very High,Medium,4,25,1,0,0,6,0,Married,No,2022-11-09
EMP11416,29,Female,PhD,Marketing,Marketing Specialist,2,25000,Very High,2,2,2,2,No,Travel_Rarely,7,Very High,Low,High,Medium,3,24,1,3,3,7,12,Single,No,2024-05-06
EMP11417,22,Male,Master's,Sales,Sales Executive,2,21522,Very High,0,0,0,0,Yes,Non-Travel,23,High,High,Low,High,4,12,2,1,2,6,18,Married,Yes,2015-03-23
EMP11418,31,Female,Bachelor's,Sales,Sales Representative,1,25000,Very High,5,3,3,3,No,Travel_Rarely,5,Very High,Medium,High,High,3,19,1,6,0,3,13,Married,No,2022-10-02
EMP11419,50,Female,Bachelor's,Research & Development,Research Scientist,2,19083,Very High,31,4,0,4,No,Travel_Frequently,7,Very High,High,High,High,3,14,2,2,4,7,12,Married,No,2024-02-17
EMP11420,48,Female,PhD,Marketing,Manager,2,13858,High,18,11,2,1,No,Travel_Rarely,3,Medium,High,Medium,Very High,3,10,3,1,1,9,3,Married,No,2024-02-23
EMP11421,24,Female,Bachelor's,Research & Development,Research Director,3,20837,Very High,0,0,0,0,No,Travel_Frequently,23,High,Very High,High,Very High,3,13,1,3,2,3,9,Single,No,2021-03-01
EMP11422,44,Female,Bachelor's,Research & Development,Research Scientist,1,25000,Very High,9,7,7,3,Yes,Travel_Frequently,13,Low,Low,High,Medium,3,15,3,5,3,11,7,Married,No,2016-12-11
EMP11423,60,Male,PhD,Sales,Manager,5,16398,Very High,30,18,1,3,No,Travel_Rarely,22,Low,Low,Medium,High,4,11,0,0,1,4,8,Married,No,2025-06-06
EMP11424,50,Male,Bachelor's,Sales,Manager,2,19810,Very High,28,8,3,1,No,Travel_Frequently,12,High,High,Very High,High,3,15,2,2,3,7,13,Single,No,2019-10-25
EMP11425,40,Male,Master's,Marketing,Marketing Specialist,1,14433,High,19,17,5,1,Yes,Travel_Rarely,6,Low,Low,High,Very High,3,19,3,0,1,1,7,Single,No,2018-02-13
EMP11426,39,Male,Master's,Marketing,Marketing Executive,1,25000,Very High,20,6,4,3,No,Travel_Rarely,2,Very High,High,Very High,Medium,3,16,0,4,1,9,0,Single,No,2010-09-24
EMP11427,58,Female,High School,Sales,Manager,2,19293,Very High,35,0,0,0,No,Travel_Rarely,15,High,High,High,High,3,25,1,0,2,7,10,Single,No,2013-02-09
EMP11428,41,Male,Bachelor's,Marketing,Marketing Executive,4,25000,Very High,11,3,0,1,No,Travel_Rarely,15,High,Medium,High,High,3,17,2,6,3,4,15,Married,No,2015-08-21
EMP11429,23,Female,Bachelor's,Human Resources,HR Specialist,3,25000,Very High,2,2,2,1,No,Travel_Rarely,18,Medium,Medium,Low,High,3,12,1,5,0,4,0,Single,Yes,2025-09-01
EMP11430,32,Male,Master's,It,Manager,2,21238,Very High,5,2,2,1,No,Travel_Frequently,23,High,Medium,High,Medium,3,21,3,3,1,6,18,Married,No,2022-07-13
EMP11431,39,Female,Bachelor's,Research & Development,Research Director,1,13991,High,9,2,2,2,No,Travel_Frequently,17,Low,Medium,High,Medium,3,19,1,3,1,3,19,Single,No,2023-03-21
EMP11432,32,Male,High School,Research & Development,Research Director,1,8616,High,3,3,3,3,Yes,Travel_Rarely,25,High,High,Medium,High,3,20,0,4,0,2,17,Married,No,2010-12-09
EMP11433,36,Male,PhD,Research & Development,Research Scientist,2,11357,High,9,9,2,4,No,Travel_Frequently,3,Low,Medium,High,High,3,12,3,6,2,5,6,Divorced,No,2017-09-09
EMP11434,55,Male,Bachelor's,Finance,Accountant,3,11870,High,28,0,0,0,Yes,Travel_Rarely,22,High,Medium,Low,Low,3,14,2,0,2,5,8,Single,No,2024-03-20
EMP11435,52,Female,Bachelor's,Sales,Sales Executive,3,25000,Very High,31,7,4,2,No,Travel_Rarely,3,Medium,High,High,Very High,3,12,0,5,2,9,5,Married,No,2020-03-18
EMP11436,20,Male,Bachelor's,Sales,Manager,1,23205,Very High,0,0,0,0,Yes,Non-Travel,28,Low,Very High,Very High,Medium,3,18,0,3,4,11,19,Single,No,2018-07-30
EMP11437,34,Male,Bachelor's,Research & Development,Manager,1,25000,Very High,6,6,6,1,Yes,Travel_Rarely,9,Medium,Very High,High,Medium,3,16,2,3,4,5,5,Single,No,2012-09-29
EMP11438,32,Male,PhD,Finance,Finance Manager,2,8110,High,10,10,7,4,Yes,Travel_Rarely,10,Low,Very High,Low,High,3,25,0,3,2,6,0,Single,No,2010-10-07
EMP11439,36,Female,Bachelor's,Sales,Sales Representative,4,12848,High,17,7,5,2,No,Travel_Frequently,12,High,High,High,Medium,3,14,3,3,2,3,5,Single,Yes,2024-02-03
EMP11440,43,Male,Bachelor's,Finance,Financial Analyst,2,25000,Very High,17,4,2,4,No,Travel_Rarely,23,Medium,Medium,High,Medium,3,14,1,1,0,2,15,Married,No,2022-01-04
EMP11441,27,Female,Master's,Marketing,Manager,1,25000,Very High,7,1,1,1,No,Travel_Rarely,1,Medium,High,Very High,High,3,10,2,6,4,2,3,Married,No,2023-12-27
EMP11442,46,Male,Master's,Sales,Manager,1,20615,Very High,13,4,1,0,Yes,Travel_Rarely,4,High,Medium,Low,Low,3,18,2,2,3,2,2,Married,No,2012-08-21
EMP11443,42,Male,Bachelor's,Finance,Financial Analyst,1,25000,Very High,18,7,1,1,No,Travel_Rarely,30,Medium,High,High,Medium,3,23,3,1,2,1,8,Married,No,2015-09-01
EMP11444,27,Female,Master's,Research & Development,Laboratory Technician,2,25000,Very High,6,6,2,5,No,Non-Travel,21,Medium,Low,Medium,Low,3,24,3,3,2,5,7,Single,No,2017-01-14
EMP11445,27,Male,Master's,It,Manager,3,19941,Very High,0,0,0,0,No,Travel_Rarely,23,High,High,High,Medium,3,11,2,6,2,0,6,Married,Yes,2025-10-04
EMP11446,45,Female,Bachelor's,Sales,Sales Representative,4,22725,Very High,13,1,1,1,No,Travel_Rarely,23,Low,Medium,Very High,Very High,4,25,2,5,1,5,11,Married,No,2011-09-28
EMP11447,32,Male,Master's,Finance,Finance Manager,2,24021,Very High,1,1,1,1,No,Travel_Rarely,5,Low,Medium,Very High,Very High,4,16,2,0,4,7,0,Married,No,2022-06-17
EMP11448,58,Female,Master's,It,Software Engineer,1,25000,Very High,28,2,2,2,No,Travel_Rarely,28,Medium,High,High,Medium,3,23,2,1,3,5,11,Married,No,2023-08-09
EMP11449,56,Female,Bachelor's,Marketing,Marketing Specialist,2,8564,High,25,0,0,0,Yes,Travel_Rarely,17,Medium,High,High,Medium,3,16,3,4,1,1,15,Married,No,2011-09-02
EMP11450,47,Female,Master's,Finance,Financial Analyst,3,25000,Very High,22,1,1,0,Yes,Travel_Rarely,21,High,Low,Very High,Medium,3,11,1,2,1,6,13,Married,No,2015-10-25
EMP11451,44,Male,PhD,Research & Development,Laboratory Technician,1,20917,Very High,21,1,0,1,No,Travel_Rarely,5,Medium,Very High,High,High,3,17,2,0,3,11,10,Single,No,2016-02-20
EMP11452,35,Male,Master's,Human Resources,HR Specialist,3,25000,Very High,12,9,6,3,No,Travel_Rarely,4,High,Medium,Medium,Very High,3,23,0,1,3,2,19,Single,Yes,2025-01-08
EMP11453,21,Female,Bachelor's,It,Manager,3,16386,Very High,0,0,0,0,Yes,Travel_Rarely,29,Low,Very High,Very High,Very High,4,17,0,2,3,8,18,Married,No,2020-09-03
EMP11454,37,Female,Bachelor's,Human Resources,HR Executive,2,21546,Very High,6,2,2,1,No,Travel_Rarely,22,Medium,High,Medium,Low,3,18,0,6,3,11,18,Married,No,2014-03-03
EMP11455,36,Male,Master's,Sales,Manager,2,25000,Very High,19,16,3,6,No,Travel_Frequently,15,Medium,High,High,Medium,3,11,3,5,3,10,12,Married,No,2017-09-04
EMP11456,49,Male,Bachelor's,Marketing,Manager,3,25000,Very High,29,2,2,0,No,Non-Travel,24,High,Very High,Medium,Medium,3,10,2,6,2,7,11,Single,No,2020-06-14
EMP11457,58,Male,PhD,Finance,Accountant,2,21729,Very High,30,0,0,0,No,Travel_Rarely,10,Very High,High,Low,Very High,3,25,3,1,3,5,9,Married,No,2023-03-12
EMP11458,32,Female,Bachelor's,Finance,Finance Manager,1,15039,Very High,9,2,1,2,Yes,Travel_Rarely,5,High,Low,High,High,3,18,0,4,3,0,14,Single,No,2019-03-22
EMP11459,51,Male,Bachelor's,Sales,Sales Representative,1,18202,Very High,25,1,1,0,No,Travel_Frequently,14,Very High,Low,High,Medium,4,23,1,3,4,1,12,Married,No,2010-06-17
EMP11460,48,Male,Master's,Finance,Accountant,1,17961,Very High,27,1,1,1,Yes,Travel_Rarely,24,Medium,Medium,Medium,Very High,3,12,0,4,2,11,12,Single,No,2016-02-05
EMP11461,49,Male,Bachelor's,Research & Development,Laboratory Technician,3,9818,High,19,0,0,0,No,Travel_Rarely,28,Low,High,Medium,Very High,3,19,2,3,1,7,14,Divorced,No,2019-01-18
EMP11462,37,Male,Bachelor's,Finance,Finance Manager,2,18986,Very High,7,4,2,0,Yes,Travel_Frequently,21,Low,High,Medium,High,3,22,1,2,2,5,16,Single,Yes,2016-09-06
EMP11463,32,Male,High School,Sales,Manager,2,25000,Very High,0,0,0,0,No,Travel_Frequently,13,Medium,High,High,Medium,3,22,1,1,0,0,10,Married,Yes,2020-03-23
EMP11464,40,Female,Master's,Finance,Financial Analyst,3,12414,High,16,2,0,2,No,Non-Travel,19,Medium,Medium,Medium,Medium,3,11,1,1,3,8,9,Single,No,2011-10-15
EMP11465,49,Male,Unknown,Marketing,Manager,1,25000,Very High,18,10,3,8,No,Travel_Frequently,8,Low,High,Very High,Low,3,19,0,4,1,7,3,Single,No,2013-12-05
EMP11466,40,Female,Master's,Sales,Manager,3,25000,Very High,10,3,2,2,Yes,Travel_Rarely,12,Medium,High,Low,High,3,11,3,0,0,1,16,Single,No,2013-06-01
EMP11467,36,Male,Bachelor's,Marketing,Marketing Executive,2,15829,Very High,18,12,0,2,Yes,Travel_Rarely,20,Medium,High,Very High,High,3,11,0,2,1,9,13,Single,Yes,2014-06-13
EMP11468,59,Male,Bachelor's,Research & Development,Laboratory Technician,2,20667,Very High,28,3,3,0,Yes,Non-Travel,30,Low,High,High,High,4,17,2,5,2,11,1,Married,No,2020-07-17
EMP11469,38,Male,Master's,It,Data Analyst,1,25000,Very High,4,3,1,3,No,Travel_Rarely,19,Medium,High,Medium,Low,3,12,1,3,0,4,6,Married,No,2021-12-16
EMP11470,34,Female,PhD,It,Manager,4,25000,Very High,0,0,0,0,No,Non-Travel,19,Very High,High,Low,High,4,10,3,6,3,2,15,Married,No,2020-11-11
EMP11471,28,Female,Bachelor's,Research & Development,Manager,3,22114,Very High,7,0,0,0,No,Travel_Rarely,6,Medium,Very High,High,High,3,17,3,2,3,0,16,Single,No,2017-06-09
EMP11472,29,Male,Master's,Finance,Accountant,1,19792,Very High,7,0,0,0,Yes,Travel_Rarely,8,High,Medium,Very High,Low,3,11,2,6,0,6,3,Single,No,2012-04-04
EMP11473,50,Male,Bachelor's,It,IT Support,4,22799,Very High,22,5,1,1,Yes,Travel_Frequently,10,High,High,Very High,High,3,15,2,5,2,8,2,Married,No,2012-12-24
EMP11474,42,Female,Bachelor's,Research & Development,Laboratory Technician,3,17496,Very High,19,3,2,0,Yes,Travel_Rarely,21,Medium,Medium,High,Very High,4,17,2,4,0,11,4,Married,Yes,2020-01-09
EMP11475,49,Female,Master's,Research & Development,Manager,1,8543,High,23,8,8,4,No,Travel_Frequently,17,Medium,Medium,Low,High,3,19,1,5,2,10,5,Married,No,2010-04-01
EMP11476,52,Male,High School,Finance,Unknown,1,25000,Very High,22,2,1,5,No,Travel_Rarely,1,Medium,Very High,Medium,Low,3,18,1,1,1,6,5,Married,Yes,2019-10-03
EMP11477,28,Female,Bachelor's,It,IT Support,1,23621,Very High,0,0,0,0,No,Travel_Frequently,19,High,High,Medium,Low,3,10,2,3,2,2,5,Divorced,No,2024-08-19
EMP11478,20,Male,Bachelor's,It,Data Analyst,2,25000,Very High,0,0,0,0,No,Travel_Rarely,12,Medium,Very High,Low,Low,3,18,1,3,0,5,18,Single,No,2010-11-11
EMP11479,54,Male,Bachelor's,It,Manager,2,21460,Very High,32,3,0,0,Yes,Travel_Rarely,28,Medium,Very High,High,High,3,17,0,5,0,2,10,Divorced,No,2022-08-27
EMP11480,30,Male,Master's,Research & Development,Manager,1,15823,Very High,5,5,3,0,Yes,Travel_Rarely,22,Low,Low,High,High,3,15,3,3,1,3,18,Single,No,2012-07-27
EMP11481,53,Male,High School,It,Manager,2,20259,Very High,32,9,7,3,No,Travel_Rarely,2,Very High,Very High,High,High,3,21,1,3,0,0,13,Single,No,2025-11-23
EMP11482,35,Female,Master's,Sales,Sales Representative,1,10724,High,13,12,2,3,No,Travel_Frequently,17,Medium,Low,Low,High,3,14,3,2,4,1,14,Married,No,2018-01-13
EMP11483,28,Male,Bachelor's,Research & Development,Manager,1,25000,Very High,7,1,1,1,No,Travel_Rarely,7,High,Low,Medium,Very High,3,25,0,2,0,0,4,Single,No,2017-06-02
EMP11484,51,Female,Master's,Sales,Sales Representative,2,12638,High,19,7,3,2,Yes,Travel_Rarely,14,Medium,High,Medium,High,3,15,1,5,4,9,11,Married,Yes,2016-12-12
EMP11485,34,Female,Bachelor's,Research & Development,Research Scientist,1,13844,High,10,2,2,2,Yes,Travel_Rarely,14,Very High,Medium,Very High,High,4,11,2,6,0,1,12,Single,No,2015-11-03
EMP11486,31,Male,Master's,Research & Development,Research Scientist,2,18068,Very High,5,1,1,1,No,Travel_Rarely,12,High,Very High,Very High,Medium,3,20,2,6,0,3,17,Divorced,No,2013-11-10
EMP11487,52,Male,Master's,Research & Development,Research Director,4,25000,Very High,32,14,1,8,Yes,Travel_Rarely,16,Medium,High,Medium,Medium,3,12,0,4,1,5,2,Single,No,2018-10-20
EMP11488,33,Female,PhD,Finance,Accountant,1,22171,Very High,6,0,0,0,Yes,Travel_Rarely,18,Very High,Medium,High,Very High,3,24,0,5,4,10,11,Divorced,No,2024-11-08
EMP11489,27,Male,Master's,Research & Development,Laboratory Technician,1,12629,High,0,0,0,0,No,Travel_Rarely,8,High,Low,High,High,3,18,1,5,1,11,4,Married,No,2017-08-31
EMP11490,27,Male,Bachelor's,Research & Development,Research Director,1,25000,Very High,4,1,1,1,Yes,Travel_Frequently,2,Low,High,High,Medium,3,12,0,6,4,7,12,Single,No,2025-12-31
EMP11491,46,Male,High School,Sales,Manager,2,25000,Very High,22,9,1,2,Yes,Travel_Rarely,11,Low,Medium,Medium,High,3,22,3,1,4,9,12,Single,No,2023-02-20
EMP11492,31,Male,Master's,Research & Development,Manager,3,25000,Very High,4,2,2,2,No,Non-Travel,1,High,Low,High,High,4,25,2,5,3,8,5,Single,No,2015-07-01
EMP11493,20,Female,Master's,Sales,Sales Representative,2,25000,Very High,0,0,0,0,No,Travel_Rarely,10,High,High,Medium,Very High,3,19,1,5,4,9,15,Married,No,2023-10-06
EMP11494,59,Female,High School,Sales,Sales Representative,2,25000,Very High,36,1,1,1,No,Travel_Rarely,18,High,Very High,High,High,3,25,0,1,1,6,2,Divorced,No,2024-01-01
EMP11495,30,Male,Bachelor's,Human Resources,HR Specialist,2,25000,Very High,9,4,3,4,No,Travel_Rarely,16,High,Medium,Medium,High,3,16,3,2,1,3,6,Single,No,2012-05-05
EMP11496,58,Male,Master's,Finance,Financial Analyst,1,16171,Very High,26,2,2,2,No,Travel_Rarely,2,High,Medium,High,Medium,3,20,2,4,2,6,20,Single,No,2010-01-26
EMP11497,50,Female,Master's,Human Resources,HR Executive,2,25000,Very High,17,5,2,3,Yes,Travel_Rarely,23,Medium,Low,High,High,4,22,2,6,0,0,9,Married,No,2019-05-07
EMP11498,36,Male,Master's,Research & Development,Laboratory Technician,2,25000,Very High,6,0,0,0,No,Travel_Frequently,17,High,Medium,Very High,High,3,22,1,0,3,10,3,Married,No,2014-12-24
EMP11499,52,Male,Bachelor's,Research & Development,Research Scientist,1,25000,Very High,31,0,0,0,Yes,Travel_Rarely,16,Low,Medium,Low,Low,3,13,1,5,0,11,11,Single,No,2010-10-02
EMP11500,51,Female,Bachelor's,It,Software Engineer,3,10285,High,24,1,0,1,Yes,Travel_Frequently,19,Very High,Medium,High,Medium,3,21,1,5,1,9,5,Married,No,2019-11-30
EMP11501,48,Female,High School,Research & Development,Research Scientist,2,20401,Very High,30,3,3,1,No,Travel_Rarely,5,High,High,Very High,High,3,20,1,5,3,10,17,Single,No,2012-07-24
EMP11502,40,Male,Bachelor's,Research & Development,Research Director,1,15279,Very High,19,8,4,5,No,Travel_Rarely,28,High,Low,Medium,High,3,22,0,3,4,10,6,Single,Yes,2020-06-27
EMP11503,40,Male,Master's,Sales,Sales Representative,2,25000,Very High,15,11,4,0,No,Travel_Rarely,23,Medium,Low,High,High,3,18,1,5,1,5,1,Married,No,2018-10-05
EMP11504,59,Male,Master's,Research & Development,Laboratory Technician,4,25000,Very High,33,1,1,1,No,Non-Travel,30,Low,Very High,Low,Very High,4,21,0,1,1,0,7,Single,No,2017-04-20
EMP11505,42,Male,Bachelor's,Research & Development,Manager,1,8660,High,13,4,4,1,No,Travel_Rarely,6,Medium,High,High,High,3,22,3,3,1,7,17,Married,No,2012-06-26
EMP11506,25,Female,High School,Research & Development,Manager,1,21809,Very High,2,2,1,2,No,Travel_Frequently,24,High,Medium,Low,Medium,3,13,3,1,1,3,12,Single,Yes,2018-03-07
EMP11507,41,Male,Bachelor's,Human Resources,Manager,2,25000,Very High,9,2,1,1,No,Travel_Rarely,17,High,High,High,High,3,19,2,5,3,7,2,Single,No,2023-07-15
EMP11508,57,Male,PhD,Research & Development,Research Scientist,2,20252,Very High,38,3,1,0,No,Travel_Rarely,16,Medium,High,Medium,Medium,4,24,3,0,0,7,12,Married,No,2022-05-25
EMP11509,56,Male,Bachelor's,Human Resources,HR Specialist,1,25000,Very High,23,4,0,1,No,Travel_Rarely,16,High,High,Medium,Medium,3,22,3,6,0,1,6,Single,No,2020-06-03
EMP11510,27,Female,Bachelor's,It,Manager,4,25000,Very High,3,1,1,1,Yes,Travel_Frequently,7,High,Very High,High,High,3,22,1,5,4,5,0,Married,No,2015-02-14
EMP11511,60,Male,Master's,It,Software Engineer,2,25000,Very High,34,0,0,0,No,Travel_Frequently,16,Low,Medium,High,Medium,3,23,1,1,1,9,17,Married,No,2016-11-15
EMP11512,54,Male,Master's,Finance,Accountant,3,19495,Very High,32,1,1,1,No,Travel_Rarely,9,Medium,High,Medium,High,4,19,1,5,1,3,20,Single,No,2014-12-29
EMP11513,30,Female,Master's,Marketing,Marketing Executive,1,12740,High,8,5,4,4,Yes,Travel_Frequently,23,High,High,Medium,High,3,15,3,0,0,2,15,Married,No,2010-09-13
EMP11514,43,Male,Bachelor's,Sales,Manager,3,13297,High,14,0,0,0,No,Travel_Rarely,6,High,High,High,Very High,3,21,1,1,4,8,10,Single,No,2024-09-05
EMP11515,40,Male,Bachelor's,Sales,Manager,2,25000,Very High,8,1,1,1,No,Non-Travel,16,High,Very High,Medium,High,3,25,1,2,2,11,16,Single,No,2017-12-30
EMP11516,21,Male,Bachelor's,Sales,Sales Executive,1,22220,Very High,2,2,2,2,Yes,Travel_Frequently,9,High,High,Low,Medium,4,11,1,3,3,9,4,Single,No,2025-10-02
EMP11517,59,Male,Master's,Human Resources,HR Executive,4,20695,Very High,34,0,0,0,Yes,Travel_Rarely,29,Very High,High,High,Low,4,16,1,4,0,11,5,Married,Yes,2011-10-19
EMP11518,38,Male,Master's,It,Manager,1,18201,Very High,17,1,1,1,No,Travel_Frequently,4,Low,Very High,High,Medium,3,12,0,4,3,8,13,Married,No,2016-12-26
EMP11519,58,Male,Master's,Sales,Sales Representative,4,19200,Very High,25,12,1,1,No,Travel_Rarely,28,Medium,High,Low,Low,4,10,1,1,0,1,13,Married,No,2025-05-13
EMP11520,47,Male,Bachelor's,Marketing,Manager,2,25000,Very High,25,0,0,0,No,Travel_Rarely,26,Low,Low,Medium,High,3,21,3,4,4,4,18,Single,No,2017-03-24
EMP11521,36,Male,Master's,Sales,Sales Executive,5,18942,Very High,12,5,1,2,Yes,Travel_Rarely,22,Low,High,Low,High,3,16,1,5,1,9,4,Married,No,2020-08-30
EMP11522,25,Male,Bachelor's,Marketing,Marketing Executive,2,12046,High,0,0,0,0,Yes,Travel_Rarely,6,Medium,Very High,High,High,3,14,1,3,2,9,17,Single,No,2021-07-08
EMP11523,38,Male,High School,Research & Development,Laboratory Technician,3,25000,Very High,14,6,2,3,No,Travel_Rarely,30,Low,Medium,High,Very High,4,20,0,2,3,6,10,Married,Yes,2017-09-11
EMP11524,57,Male,High School,Sales,Sales Representative,1,20087,Very High,28,4,4,1,No,Travel_Rarely,26,Very High,Medium,Medium,High,3,21,1,2,2,8,11,Married,No,2013-07-15
EMP11525,47,Male,Master's,Research & Development,Laboratory Technician,2,22340,Very High,24,1,1,1,No,Travel_Rarely,14,Very High,Very High,Very High,High,3,16,1,0,1,7,18,Single,No,2018-01-03
EMP11526,21,Female,Bachelor's,Sales,Manager,3,25000,Very High,0,0,0,0,No,Travel_Rarely,3,Medium,High,Very High,Medium,3,24,2,4,0,9,20,Divorced,No,2019-12-14
EMP11527,57,Male,Master's,Sales,Sales Representative,3,21824,Very High,34,3,0,0,No,Travel_Rarely,23,High,High,Very High,Very High,3,25,1,5,4,3,16,Married,No,2010-02-17
EMP11528,56,Male,Master's,Research & Development,Research Director,1,25000,Very High,34,9,1,3,Yes,Travel_Rarely,17,High,Very High,Very High,Very High,3,10,3,3,1,2,20,Married,No,2017-07-31
EMP11529,23,Female,High School,It,IT Support,2,12958,High,0,0,0,0,Yes,Travel_Frequently,11,High,Medium,Very High,Very High,3,14,2,4,2,0,16,Married,Yes,2014-02-22
EMP11530,41,Male,Master's,Research & Development,Research Director,2,19953,Very High,13,13,2,1,No,Travel_Rarely,24,High,Very High,Medium,Very High,3,11,2,3,2,0,1,Single,No,2024-04-21
EMP11531,45,Female,Bachelor's,Research & Development,Manager,1,25000,Very High,18,7,2,0,No,Travel_Frequently,8,Low,High,Low,Very High,3,10,3,6,2,8,5,Married,No,2010-03-11
EMP11532,55,Female,Bachelor's,Human Resources,HR Specialist,2,10939,High,36,17,3,5,No,Travel_Rarely,8,High,Very High,High,High,4,15,3,0,0,3,18,Single,No,2020-02-20
EMP11533,32,Female,Master's,Finance,Accountant,3,24110,Very High,5,4,2,4,No,Travel_Rarely,25,High,Medium,Medium,High,3,21,1,6,2,7,5,Single,No,2023-07-25
EMP11534,51,Female,Master's,Sales,Sales Representative,1,23049,Very High,29,3,3,0,No,Travel_Rarely,4,High,Very High,Medium,Medium,3,14,1,5,0,3,0,Single,No,2021-03-20
EMP11535,36,Male,Bachelor's,Research & Development,Manager,2,22440,Very High,3,3,1,3,Yes,Travel_Rarely,15,Very High,High,Low,High,3,13,1,6,2,11,13,Single,No,2020-11-27
EMP11536,60,Female,Master's,Sales,Sales Representative,4,25000,Very High,31,11,3,1,Yes,Travel_Rarely,16,Very High,High,High,High,3,10,2,4,3,5,1,Married,No,2017-11-01
EMP11537,55,Male,Master's,Sales,Sales Executive,1,25000,Very High,29,17,3,9,Yes,Travel_Rarely,22,High,Medium,High,Very High,3,24,3,6,3,3,20,Married,No,2025-08-04
EMP11538,38,Male,Bachelor's,Finance,Accountant,2,25000,Very High,14,2,1,2,Yes,Travel_Rarely,11,High,High,Medium,High,3,14,0,2,1,1,20,Married,No,2023-12-14
EMP11539,54,Female,Bachelor's,Sales,Sales Executive,3,14085,High,32,8,2,7,No,Travel_Rarely,28,Very High,High,High,Very High,4,16,0,0,1,0,11,Married,No,2023-06-12
EMP11540,59,Male,Master's,Research & Development,Research Director,3,23416,Very High,30,1,1,1,Yes,Travel_Frequently,7,Medium,Very High,Very High,High,3,10,1,5,4,7,16,Married,No,2024-02-22
EMP11541,47,Female,High School,Finance,Financial Analyst,3,22880,Very High,23,4,1,0,Yes,Travel_Rarely,18,Medium,High,High,Medium,3,13,3,6,2,5,3,Married,No,2021-06-07
EMP11542,20,Male,Master's,Sales,Sales Representative,3,13614,High,0,0,0,0,No,Travel_Rarely,6,Medium,High,High,Medium,4,15,1,4,2,0,3,Married,No,
EMP11543,37,Male,Master's,Research & Development,Research Scientist,1,25000,Very High,3,2,1,2,No,Travel_Rarely,24,Very High,High,Medium,High,4,22,2,2,0,4,6,Single,No,2022-07-09
EMP11544,59,Male,Bachelor's,Sales,Sales Representative,2,25000,Very High,31,13,1,0,No,Travel_Rarely,4,High,Medium,Medium,High,3,17,2,2,1,2,12,Single,No,2014-05-05
EMP11545,52,Female,PhD,Marketing,Manager,3,21859,Very High,27,1,1,1,No,Non-Travel,5,Low,Medium,High,Medium,3,16,0,3,3,1,16,Single,No,2013-12-04
EMP11546,31,Male,Bachelor's,Research & Development,Laboratory Technician,1,25000,Very High,0,0,0,0,No,Travel_Rarely,24,Very High,Medium,Very High,High,3,24,3,2,0,2,13,Single,No,2015-07-07
EMP11547,27,Male,Master's,It,Software Engineer,1,22880,Very High,4,4,0,1,No,Travel_Rarely,3,High,Low,Very High,Medium,3,16,3,1,3,1,16,Divorced,No,2013-12-11
EMP11548,43,Male,Bachelor's,Research & Development,Manager,3,15977,Very High,23,1,0,1,Yes,Travel_Rarely,6,Very High,Medium,High,Very High,3,24,2,6,0,9,15,Married,No,2010-12-29
EMP11549,35,Female,Master's,Sales,Manager,3,9708,High,4,2,2,1,Yes,Travel_Rarely,14,Low,High,Medium,Low,3,17,3,4,1,1,15,Married,No,2013-07-23
EMP11550,23,Male,Bachelor's,Human Resources,HR Executive,2,16033,Very High,0,0,0,0,No,Travel_Rarely,1,High,High,High,Medium,3,22,0,4,2,0,5,Single,No,2013-06-06
EMP11551,57,Female,Master's,Marketing,Marketing Specialist,4,11774,High,29,1,1,1,No,Non-Travel,20,High,High,Medium,High,3,24,1,3,2,2,1,Married,No,2010-11-29
EMP11552,46,Male,Bachelor's,Human Resources,HR Specialist,3,25000,Very High,21,8,0,1,No,Travel_Rarely,14,High,Medium,Medium,Very High,3,16,3,2,1,2,16,Single,No,2022-10-24
EMP11553,28,Male,Bachelor's,It,Manager,4,20915,Very High,1,1,0,1,Yes,Travel_Rarely,6,High,Medium,High,High,3,22,3,3,3,3,1,Married,No,2019-09-08
EMP11554,35,Male,High School,It,Software Engineer,4,18851,Very High,11,1,0,1,No,Travel_Rarely,3,High,Medium,High,Low,3,13,0,1,4,2,17,Married,No,2018-05-11
EMP11555,31,Female,Master's,Sales,Manager,2,25000,Very High,12,1,1,1,No,Travel_Rarely,17,Medium,High,Very High,Very High,3,20,0,3,4,7,20,Single,No,2011-11-12
EMP11556,50,Female,Bachelor's,Sales,Sales Executive,3,13296,High,25,3,3,3,No,Travel_Rarely,22,High,Medium,High,High,3,15,1,4,1,11,19,Married,No,2025-01-23
EMP11557,43,Male,Master's,Human Resources,HR Specialist,2,15598,Very High,15,7,2,2,Yes,Travel_Rarely,14,Low,Medium,Very High,Medium,3,21,0,5,0,3,11,Married,No,2016-05-03
EMP11558,33,Female,Master's,Research & Development,Research Director,3,22712,Very High,13,2,2,2,No,Travel_Rarely,19,Medium,Medium,Low,High,3,11,2,5,2,9,3,Married,No,2014-05-10
EMP11559,44,Male,Master's,It,Manager,3,25000,Very High,14,0,0,0,No,Travel_Rarely,24,Low,High,Medium,High,3,17,2,3,3,0,8,Single,No,2019-01-15
EMP11560,53,Female,Bachelor's,Marketing,Marketing Executive,1,25000,Very High,29,4,4,0,No,Travel_Rarely,7,Medium,High,High,High,3,12,1,4,4,1,10,Married,No,2012-09-29
EMP11561,22,Male,Master's,Research & Development,Manager,1,24631,Very High,0,0,0,0,Yes,Travel_Rarely,11,Medium,Medium,High,Very High,3,25,1,0,2,6,16,Married,Yes,2022-09-29
EMP11562,43,Male,Bachelor's,Sales,Sales Representative,1,21729,Very High,16,2,0,1,No,Travel_Rarely,7,High,Low,Medium,High,3,13,3,1,1,5,12,Married,No,2021-06-05
EMP11563,28,Male,Master's,It,Data Analyst,3,25000,Very High,4,3,1,1,Yes,Travel_Rarely,13,High,Medium,High,High,3,11,2,6,2,8,18,Single,No,2017-12-29
EMP11564,45,Male,Master's,Sales,Sales Executive,3,24119,Very High,24,17,0,1,Yes,Travel_Rarely,28,Medium,High,Very High,Low,3,25,2,1,4,5,7,Married,No,2012-03-28
EMP11565,39,Female,High School,It,Data Analyst,2,13857,High,9,6,6,3,No,Travel_Rarely,24,High,Very High,High,High,3,25,2,4,3,1,4,Married,No,2023-08-01
EMP11566,59,Female,Bachelor's,Research & Development,Laboratory Technician,2,22488,Very High,29,6,1,1,Yes,Travel_Frequently,23,Low,Medium,High,High,3,24,2,5,0,7,9,Married,No,2015-03-24
EMP11567,29,Male,Bachelor's,Finance,Financial Analyst,3,13587,High,8,4,2,4,No,Travel_Frequently,21,Medium,Medium,High,High,3,18,0,0,0,8,14,Married,Yes,2010-12-27
EMP11568,38,Female,Bachelor's,Sales,Sales Executive,1,22845,Very High,7,7,1,2,No,Non-Travel,26,High,Medium,High,High,3,11,2,2,2,4,18,Single,No,2010-03-02
EMP11569,22,Male,Master's,Human Resources,HR Specialist,1,17742,Very High,0,0,0,0,Yes,Non-Travel,24,High,High,Very High,High,3,23,1,3,0,5,8,Divorced,Yes,2021-03-26
EMP11570,43,Male,Bachelor's,Research & Development,Laboratory Technician,2,25000,Very High,20,11,0,0,No,Travel_Frequently,14,High,Very High,High,High,3,22,3,6,4,3,15,Married,No,2013-07-18
EMP11571,24,Female,PhD,Human Resources,HR Specialist,4,21635,Very High,0,0,0,0,No,Non-Travel,24,Medium,Low,Medium,High,3,15,3,6,3,10,15,Single,No,2017-12-04
EMP11572,22,Female,Bachelor's,Sales,Sales Executive,3,11709,High,2,2,2,2,Yes,Travel_Frequently,11,High,High,High,High,3,12,1,2,0,1,7,Single,Yes,2022-08-22
EMP11573,46,Male,PhD,Finance,Finance Manager,2,20736,Very High,17,2,2,2,No,Travel_Frequently,8,High,High,Medium,Medium,4,21,2,6,0,11,2,Single,No,2010-08-01
EMP11574,35,Female,Master's,It,Software Engineer,1,25000,Very High,8,2,2,1,No,Travel_Rarely,12,Very High,High,Low,High,4,25,0,0,1,4,2,Single,No,2013-04-03
EMP11575,34,Male,Master's,Sales,Sales Executive,2,25000,Very High,16,8,2,1,No,Travel_Rarely,15,Medium,Medium,Medium,High,3,24,2,1,0,4,9,Married,No,2010-08-19
EMP11576,54,Female,Bachelor's,Sales,Manager,3,16895,Very High,22,2,0,1,No,Travel_Frequently,10,High,Low,Medium,High,3,15,2,2,0,0,11,Married,Yes,2011-10-30
EMP11577,31,Female,Master's,Sales,Sales Representative,2,10807,High,1,1,1,1,No,Travel_Rarely,22,High,High,Low,High,3,13,1,0,4,11,14,Single,No,2016-08-08
EMP11578,60,Male,Bachelor's,Human Resources,HR Specialist,2,25000,Very High,36,1,0,1,Yes,Travel_Frequently,2,Very High,High,High,Medium,4,22,3,1,0,4,14,Divorced,No,2015-08-25
EMP11579,45,Male,Bachelor's,Human Resources,Manager,1,11834,High,18,8,7,5,No,Travel_Rarely,24,Medium,Very High,High,Medium,3,17,3,5,1,0,18,Married,No,2018-09-25
EMP11580,53,Female,Master's,Research & Development,Manager,4,18101,Very High,30,1,1,1,No,Travel_Rarely,13,High,High,Medium,High,3,12,3,2,1,2,13,Married,No,2021-06-15
EMP11581,42,Female,Master's,Sales,Sales Executive,1,19615,Very High,23,9,1,1,No,Travel_Rarely,10,Medium,Low,Medium,High,4,17,1,6,1,10,10,Single,No,2025-06-06
EMP11582,50,Male,High School,Research & Development,Manager,1,21347,Very High,20,5,2,1,No,Non-Travel,17,High,Medium,High,Medium,3,12,0,5,0,8,5,Married,No,2012-01-21
EMP11583,39,Male,Bachelor's,Human Resources,HR Executive,3,25000,Very High,14,1,1,0,No,Travel_Rarely,25,Medium,High,Medium,High,3,23,0,1,2,3,11,Single,No,2016-03-24
EMP11584,31,Female,Bachelor's,Research & Development,Research Scientist,5,16193,Very High,11,4,1,4,No,Travel_Frequently,25,Low,High,High,Medium,4,14,3,4,2,8,17,Single,No,2020-09-02
EMP11585,42,Male,High School,Marketing,Marketing Specialist,2,19474,Very High,12,2,1,2,No,Travel_Frequently,22,High,High,High,Medium,3,20,3,6,4,5,1,Single,Yes,2020-03-15
EMP11586,23,Male,Bachelor's,Sales,Sales Executive,2,21885,Very High,6,2,0,1,No,Travel_Rarely,10,Medium,Low,Very High,Medium,3,22,0,1,2,0,15,Single,No,2013-06-21
EMP11587,42,Male,Master's,Finance,Accountant,1,23560,Very High,10,2,2,1,Yes,Travel_Rarely,22,Medium,Low,Medium,Medium,3,11,1,1,4,11,3,Single,No,2011-02-25
EMP11588,20,Male,High School,Research & Development,Research Scientist,1,23018,Very High,0,0,0,0,Yes,Travel_Rarely,6,Medium,High,High,Low,3,15,0,6,4,2,3,Married,Yes,2021-03-21
EMP11589,44,Female,Master's,Research & Development,Laboratory Technician,1,25000,Very High,12,12,4,0,No,Travel_Rarely,27,Low,Medium,High,High,3,16,2,0,1,2,20,Married,No,2022-05-24
EMP11590,21,Female,Bachelor's,Finance,Finance Manager,2,25000,Very High,2,0,0,0,No,Travel_Rarely,20,Very High,Medium,High,High,3,17,2,0,3,3,16,Divorced,No,2013-10-15
EMP11591,49,Male,Master's,Finance,Financial Analyst,1,25000,Very High,23,5,5,5,Yes,Travel_Rarely,1,High,High,Very High,High,3,22,1,3,4,9,19,Married,No,2022-12-15
EMP11592,22,Female,Bachelor's,Marketing,Marketing Executive,4,25000,Very High,0,0,0,0,Yes,Travel_Rarely,17,High,Low,High,High,4,13,3,6,0,3,9,Single,Yes,2023-09-29
EMP11593,40,Female,Master's,Sales,Sales Representative,1,10808,High,18,5,2,0,Yes,Travel_Frequently,1,Medium,Very High,Medium,Medium,4,18,2,0,1,7,17,Single,No,2020-09-13
EMP11594,44,Female,High School,Sales,Sales Executive,2,22530,Very High,17,2,0,1,No,Travel_Rarely,5,Very High,Low,High,High,3,11,0,4,0,2,18,Single,No,2025-04-22
EMP11595,39,Male,Bachelor's,Finance,Accountant,2,25000,Very High,13,6,3,6,No,Travel_Rarely,29,Medium,High,Very High,High,4,23,2,4,0,10,10,Married,No,2025-12-20
EMP11596,41,Female,Bachelor's,Human Resources,HR Specialist,2,25000,Very High,12,7,5,0,No,Travel_Rarely,15,High,Medium,Very High,Very High,3,23,0,5,2,3,13,Married,No,2020-01-03
EMP11597,40,Male,Master's,Sales,Sales Executive,1,16130,Very High,8,6,2,2,No,Travel_Frequently,23,Medium,Medium,Very High,Very High,3,17,0,1,0,11,3,Married,Yes,2022-10-20
EMP11598,52,Male,Master's,Sales,Sales Executive,3,16374,Very High,25,1,1,1,No,Travel_Frequently,1,High,High,Low,High,3,15,0,0,4,11,15,Single,No,2010-05-27
EMP11599,57,Male,High School,Sales,Sales Executive,2,17012,Very High,27,5,5,5,No,Travel_Rarely,17,High,High,High,High,3,13,2,6,0,2,2,Married,No,2024-09-27
EMP11600,34,Female,High School,It,Data Analyst,3,25000,Very High,9,2,1,2,No,Non-Travel,14,Medium,Medium,High,Very High,4,11,1,6,0,6,10,Married,No,2020-07-20
EMP11601,34,Male,Bachelor's,Sales,Sales Representative,2,25000,Very High,5,0,0,0,Yes,Travel_Frequently,13,Low,Low,Medium,Medium,3,13,0,6,2,5,4,Married,Yes,2017-11-25
EMP11602,44,Female,Bachelor's,Research & Development,Manager,1,18336,Very High,20,3,0,3,No,Travel_Frequently,28,High,Very High,Medium,High,3,24,2,3,0,0,20,Married,Yes,2023-04-04
EMP11603,40,Male,Master's,Sales,Manager,2,25000,Very High,16,3,2,1,No,Travel_Frequently,11,Medium,Medium,Very High,High,3,12,3,0,4,9,1,Single,No,2020-08-20
EMP11604,43,Female,Master's,Research & Development,Manager,2,23285,Very High,15,3,1,1,No,Travel_Rarely,12,Low,Medium,High,Medium,3,22,1,6,4,0,11,Single,No,2013-09-15
EMP11605,24,Male,PhD,Sales,Sales Executive,4,20828,Very High,0,0,0,0,No,Travel_Rarely,6,Medium,Low,High,Low,3,13,2,3,0,5,12,Single,No,2024-03-01
EMP11606,25,Male,PhD,Research & Development,Research Director,4,20028,Very High,0,0,0,0,No,Travel_Rarely,11,High,Very High,High,High,4,13,1,1,4,2,1,Single,No,2020-08-20
EMP11607,42,Male,Master's,Sales,Sales Executive,1,25000,Very High,14,2,2,0,Yes,Travel_Rarely,2,High,Low,Medium,Medium,3,24,2,6,4,8,4,Single,No,2012-02-10
EMP11608,23,Female,High School,It,Software Engineer,1,25000,Very High,4,0,0,0,Yes,Travel_Rarely,18,Low,Medium,High,Medium,3,20,0,6,2,11,18,Single,No,2015-10-25
EMP11609,46,Female,Bachelor's,Sales,Sales Representative,1,25000,Very High,18,6,4,2,No,Travel_Frequently,12,Medium,Medium,High,Medium,3,16,3,5,1,11,4,Single,No,2016-05-28
EMP11610,37,Female,Bachelor's,Research & Development,Laboratory Technician,5,15010,Very High,3,3,3,3,No,Travel_Rarely,29,High,High,High,High,3,10,2,5,1,1,2,Divorced,No,2025-10-19
EMP11611,40,Female,Bachelor's,It,Manager,1,25000,Very High,13,2,1,2,No,Non-Travel,23,High,Medium,Low,Medium,4,24,1,4,3,11,18,Married,No,2019-06-24
EMP11612,47,Female,Master's,Finance,Financial Analyst,2,17359,Very High,23,6,3,3,No,Travel_Rarely,15,Medium,High,High,High,4,18,3,0,1,2,18,Married,No,2023-11-16
EMP11613,54,Male,PhD,Research & Development,Manager,2,14896,High,25,4,2,3,No,Travel_Rarely,9,High,Medium,Medium,High,3,14,3,0,0,8,10,Single,No,2014-11-09
EMP11614,41,Male,Master's,Research & Development,Manager,2,21919,Very High,22,3,3,3,No,Travel_Rarely,8,Medium,Medium,Low,High,3,12,3,4,4,11,11,Single,No,2017-04-30
EMP11615,59,Male,Bachelor's,Research & Development,Research Scientist,1,23431,Very High,32,4,0,1,Yes,Travel_Rarely,18,Medium,Very High,High,Medium,3,16,0,4,1,5,18,Single,Yes,2021-04-29
EMP11616,42,Male,Bachelor's,Finance,Financial Analyst,1,25000,Very High,23,5,1,1,Yes,Non-Travel,16,Very High,High,Medium,Low,4,16,0,5,2,0,19,Single,No,2014-10-07
EMP11617,22,Female,Master's,Marketing,Marketing Specialist,2,20275,Very High,2,2,2,2,No,Travel_Frequently,30,Very High,Medium,Very High,High,3,17,2,5,3,1,9,Divorced,Yes,2022-06-08
EMP11618,59,Male,Master's,Finance,Finance Manager,1,13246,High,30,2,1,0,No,Travel_Rarely,23,Medium,High,High,Very High,3,19,0,5,0,6,16,Married,Yes,2011-01-28
EMP11619,29,Female,Bachelor's,Research & Development,Manager,1,24906,Very High,2,1,1,1,Yes,Non-Travel,21,Low,High,High,Low,3,13,3,2,1,5,11,Single,No,2024-12-12
EMP11620,44,Male,Master's,Finance,Financial Analyst,1,8659,High,17,1,1,1,No,Travel_Frequently,29,Medium,High,Medium,High,3,22,1,2,4,0,2,Married,Yes,2014-08-01
EMP11621,27,Female,Master's,Research & Development,Laboratory Technician,2,21134,Very High,4,4,0,2,No,Travel_Rarely,27,Low,High,Medium,High,3,18,3,2,2,9,20,Single,Yes,2010-02-10
EMP11622,30,Male,Bachelor's,Sales,Sales Executive,2,22186,Very High,6,6,1,2,No,Travel_Rarely,10,Low,Low,High,Very High,3,11,3,4,1,1,7,Married,Yes,2018-02-18
EMP11623,24,Male,Bachelor's,Research & Development,Research Director,1,25000,Very High,0,0,0,0,Yes,Travel_Rarely,12,Medium,Low,Very High,Medium,4,15,0,2,4,5,7,Single,Yes,2024-01-11
EMP11624,56,Female,Master's,Marketing,Marketing Specialist,1,25000,Very High,36,1,1,1,Yes,Travel_Rarely,30,Very High,Medium,Low,High,4,12,1,0,1,11,12,Married,No,2015-08-20
EMP11625,57,Female,Master's,Sales,Sales Executive,1,17560,Very High,30,7,1,7,No,Travel_Frequently,29,Very High,High,High,High,3,17,3,4,0,5,12,Married,Yes,2011-07-15
EMP11626,48,Male,Bachelor's,Finance,Accountant,2,20583,Very High,28,9,1,1,Yes,Travel_Rarely,20,High,Very High,Medium,Medium,4,17,1,0,3,5,9,Married,No,2012-07-03
EMP11627,24,Male,Master's,Sales,Sales Executive,1,15603,Very High,4,4,2,2,No,Travel_Rarely,12,High,High,High,Medium,3,25,1,4,4,8,14,Single,No,2024-03-21
EMP11628,28,Male,Master's,Research & Development,Manager,2,13258,High,0,0,0,0,Yes,Travel_Rarely,30,Low,Low,High,Low,3,15,3,6,3,1,15,Married,No,2015-09-27
EMP11629,21,Female,Master's,Sales,Manager,1,25000,Very High,0,0,0,0,Yes,Non-Travel,10,Medium,High,Low,High,3,13,0,1,3,9,12,Divorced,No,2018-10-01
EMP11630,20,Male,Bachelor's,Research & Development,Laboratory Technician,4,12418,High,0,0,0,0,Yes,Travel_Frequently,14,Low,High,High,High,3,23,0,0,2,9,10,Married,No,2013-03-20
EMP11631,59,Female,PhD,It,IT Support,1,18277,Very High,39,1,1,1,No,Travel_Rarely,4,High,Medium,Very High,Low,4,17,2,6,4,10,11,Married,No,2014-06-24
EMP11632,49,Female,Bachelor's,Research & Development,Research Scientist,4,14075,High,16,0,0,0,No,Travel_Rarely,15,Low,Medium,High,Medium,3,15,3,4,2,8,13,Married,Yes,2022-06-12
EMP11633,30,Female,Master's,Finance,Finance Manager,3,25000,Very High,0,0,0,0,No,Travel_Rarely,20,Very High,High,Medium,Medium,4,21,3,3,3,8,19,Married,No,2023-05-15
EMP11634,47,Male,Master's,It,IT Support,2,25000,Very High,21,0,0,0,Yes,Travel_Frequently,9,High,High,Medium,Low,3,18,1,4,0,9,2,Divorced,Yes,2017-05-09
EMP11635,31,Male,Bachelor's,Marketing,Manager,4,12262,High,2,2,1,2,No,Travel_Rarely,7,Medium,Medium,Very High,Medium,3,23,1,1,0,8,14,Married,No,2020-04-20
EMP11636,58,Male,Bachelor's,Sales,Sales Representative,1,9568,High,37,3,0,1,No,Travel_Frequently,7,Low,Medium,High,Low,3,16,2,4,1,8,10,Single,No,2016-05-03
EMP11637,45,Female,Master's,Sales,Research Director,1,20823,Very High,22,2,2,1,Yes,Non-Travel,30,High,High,Medium,Medium,4,18,2,1,1,2,2,Single,Yes,2019-02-13
EMP11638,32,Female,Master's,Sales,Manager,1,22183,Very High,10,10,5,5,No,Travel_Rarely,20,Very High,High,Medium,High,3,22,1,2,4,9,17,Married,No,2020-07-02
EMP11639,27,Female,Bachelor's,Marketing,Manager,1,24304,Very High,0,0,0,0,Yes,Travel_Rarely,9,High,High,Very High,High,3,23,1,0,0,8,7,Single,No,2016-10-28
EMP11640,47,Female,Bachelor's,Marketing,Marketing Specialist,1,18019,Very High,21,2,2,2,No,Travel_Rarely,24,Medium,Very High,High,Medium,4,25,2,1,3,9,7,Married,No,2022-07-10
EMP11641,49,Male,High School,Research & Development,Unknown,2,20125,Very High,24,7,3,3,No,Travel_Rarely,10,High,Low,Low,Medium,3,17,0,3,0,8,12,Single,No,2025-12-29
EMP11642,28,Male,Bachelor's,Sales,Software Engineer,1,25000,Very High,3,0,0,0,No,Travel_Rarely,20,Medium,Medium,Low,Very High,3,23,2,0,4,2,5,Married,No,2024-05-31
EMP11643,58,Male,PhD,Research & Development,Laboratory Technician,2,25000,Very High,33,6,0,4,Yes,Travel_Rarely,13,Very High,High,Very High,Medium,3,25,1,4,1,3,9,Married,No,2017-03-17
EMP11644,50,Male,Master's,Human Resources,Manager,1,9138,High,21,8,5,1,No,Travel_Rarely,6,High,High,High,Low,3,13,3,4,1,3,14,Married,No,2014-06-04
EMP11645,40,Female,PhD,Sales,Sales Representative,2,18657,Very High,13,13,1,1,Yes,Travel_Rarely,4,High,Very High,Low,Medium,4,21,1,1,2,3,4,Single,No,2012-10-28
EMP11646,53,Female,High School,It,Manager,5,24251,Very High,29,10,4,1,No,Travel_Frequently,17,Medium,High,High,High,4,15,0,6,1,6,0,Married,No,2013-04-07
EMP11647,50,Female,Master's,Sales,Sales Executive,2,14573,High,21,2,0,1,No,Travel_Rarely,21,High,High,Medium,Low,3,23,1,3,3,4,7,Married,No,2023-09-27
EMP11648,44,Female,High School,It,Data Analyst,2,25000,Very High,14,4,4,0,Yes,Travel_Rarely,26,Medium,High,High,Very High,3,16,1,1,4,6,1,Single,No,2023-04-08
EMP11649,31,Female,Master's,It,IT Support,2,16549,Very High,7,0,0,0,No,Travel_Frequently,14,Low,Medium,Medium,Medium,4,13,2,6,1,5,0,Divorced,No,2016-01-09
EMP11650,20,Male,Bachelor's,Finance,Accountant,3,21621,Very High,0,0,0,0,No,Travel_Rarely,27,Medium,High,Medium,Medium,4,13,0,3,1,6,15,Single,No,2024-12-06
EMP11651,41,Male,High School,Sales,Manager,1,25000,Very High,21,0,0,0,No,Travel_Rarely,3,Very High,Medium,Medium,High,3,19,2,5,3,7,4,Single,No,2011-01-16
EMP11652,59,Female,Bachelor's,Research & Development,Manager,4,16881,Very High,36,2,1,1,Yes,Travel_Frequently,1,High,Medium,Medium,Medium,3,12,3,1,1,5,18,Married,No,2018-04-21
EMP11653,56,Male,Bachelor's,Sales,Sales Executive,2,9595,High,32,10,2,3,No,Travel_Rarely,18,Low,Low,Medium,High,4,19,3,2,3,8,10,Married,No,2020-07-06
EMP11654,20,Male,Master's,Research & Development,Research Director,1,18162,Very High,0,0,0,0,No,Travel_Rarely,2,Very High,Very High,Low,High,3,15,0,2,1,3,7,Married,No,2025-04-05
EMP11655,20,Male,Master's,Sales,Sales Representative,5,25000,Very High,2,2,2,1,No,Travel_Rarely,8,Medium,Very High,Low,Low,4,20,3,2,3,11,3,Single,Yes,2013-09-12
EMP11656,40,Female,Master's,Marketing,Manager,4,18928,Very High,16,3,3,2,No,Travel_Rarely,16,Medium,Low,Very High,Very High,3,11,3,1,1,4,13,Single,No,2013-12-24
EMP11657,34,Male,PhD,Research & Development,Research Director,2,15050,Very High,8,3,3,0,No,Travel_Rarely,4,Medium,High,High,High,3,22,1,6,4,8,16,Divorced,No,2022-10-31
EMP11658,36,Female,Bachelor's,Research & Development,Manager,1,25000,Very High,7,7,1,3,No,Non-Travel,19,High,Very High,Medium,Medium,3,20,2,0,2,8,8,Single,No,2018-07-29
EMP11659,41,Female,Bachelor's,Research & Development,Manager,3,18980,Very High,17,2,2,1,Yes,Travel_Rarely,20,High,High,High,High,3,13,2,4,2,1,3,Single,No,2013-02-25
EMP11660,57,Female,Master's,Research & Development,Laboratory Technician,1,17508,Very High,28,5,0,2,No,Travel_Rarely,10,Medium,High,High,Low,3,17,2,0,0,1,1,Divorced,No,2013-11-07
EMP11661,54,Male,Bachelor's,Human Resources,HR Executive,2,23559,Very High,22,3,3,2,No,Non-Travel,17,High,Low,Low,High,3,12,0,4,2,8,9,Married,No,2013-04-08
EMP11662,35,Female,High School,Research & Development,Research Scientist,1,25000,Very High,6,0,0,0,No,Travel_Frequently,17,Medium,Medium,Low,High,3,21,1,3,3,5,18,Single,No,2011-07-06
EMP11663,27,Male,Master's,Marketing,Marketing Specialist,2,25000,Very High,5,3,3,3,No,Travel_Rarely,21,High,Medium,High,Very High,3,22,1,2,3,7,8,Married,No,2012-11-16
EMP11664,36,Male,High School,Research & Development,Research Director,3,25000,Very High,12,8,1,2,Yes,Travel_Rarely,7,Low,Very High,Medium,High,3,17,0,2,2,7,15,Divorced,Yes,2015-08-15
EMP11665,36,Female,Bachelor's,Sales,Marketing Specialist,1,25000,Very High,7,1,1,0,No,Travel_Rarely,9,High,High,High,Very High,4,16,2,4,3,7,19,Married,No,2023-11-01
EMP11666,45,Male,Bachelor's,It,IT Support,4,17541,Very High,23,0,0,0,No,Non-Travel,7,High,Very High,High,Medium,4,23,1,2,4,4,16,Single,No,2019-04-03
EMP11667,32,Female,High School,Sales,Sales Representative,1,13882,High,5,1,0,1,Yes,Travel_Rarely,27,High,High,Low,Low,3,16,1,0,3,10,1,Single,No,2014-11-02
EMP11668,36,Male,High School,Marketing,Marketing Executive,1,22653,Very High,7,7,3,4,No,Travel_Frequently,21,Medium,High,High,Very High,4,20,2,1,4,10,18,Single,No,2025-01-25
EMP11669,57,Male,High School,Sales,Manager,2,23115,Very High,26,6,6,6,No,Travel_Rarely,3,High,High,Medium,Medium,4,18,3,2,4,9,1,Single,No,2010-09-10
EMP11670,36,Female,Bachelor's,It,IT Support,3,13557,High,6,4,3,0,Yes,Travel_Frequently,24,Low,High,Medium,Very High,3,13,0,5,4,3,15,Single,No,2023-12-02
EMP11671,33,Female,Bachelor's,Research & Development,Research Scientist,4,20356,Very High,7,3,0,1,Yes,Travel_Rarely,12,Very High,Very High,High,Medium,3,20,1,6,1,2,15,Married,Yes,2010-06-28
EMP11672,25,Male,Bachelor's,It,Software Engineer,3,25000,Very High,1,1,1,1,No,Non-Travel,23,Low,Medium,High,Medium,3,17,2,6,0,3,13,Single,No,2025-01-24
EMP11673,54,Female,Master's,It,Manager,1,25000,Very High,25,7,7,1,No,Non-Travel,4,Low,Low,Medium,High,4,11,3,2,3,7,19,Married,No,2025-09-24
EMP11674,33,Female,Bachelor's,It,Data Analyst,5,25000,Very High,9,8,0,0,Yes,Travel_Rarely,17,High,Medium,Low,High,3,24,2,5,1,3,0,Divorced,No,2010-09-14
EMP11675,27,Male,High School,It,IT Support,4,25000,Very High,2,2,1,2,No,Travel_Frequently,29,High,Low,High,Very High,3,12,2,3,0,7,8,Single,Yes,2025-04-17
EMP11676,34,Female,Bachelor's,Research & Development,Research Director,1,17533,Very High,9,5,5,1,No,Travel_Frequently,3,Low,Low,Very High,Very High,3,13,3,1,1,7,14,Married,No,2020-09-20
EMP11677,46,Male,Bachelor's,Sales,Sales Representative,2,17479,Very High,20,3,3,1,No,Non-Travel,11,Very High,Medium,Very High,High,3,18,0,4,3,0,14,Married,No,2023-04-15
EMP11678,32,Male,Bachelor's,Research & Development,Research Scientist,2,12842,High,8,8,4,8,No,Travel_Rarely,8,Very High,Medium,Medium,High,3,10,1,1,4,10,10,Single,No,2017-06-29
EMP11679,50,Male,Bachelor's,Sales,Sales Executive,2,25000,Very High,22,13,13,1,No,Travel_Rarely,2,High,High,Medium,High,3,25,0,1,1,10,4,Married,No,2014-01-19
EMP11680,54,Male,Master's,Finance,Accountant,5,22160,Very High,30,0,0,0,No,Travel_Frequently,25,Medium,High,Very High,High,3,16,0,4,0,11,7,Single,No,
EMP11681,25,Male,Master's,Research & Development,Laboratory Technician,1,19907,Very High,2,0,0,0,Yes,Travel_Frequently,14,High,Medium,Medium,Very High,3,11,2,1,0,11,6,Single,No,2013-03-13
EMP11682,24,Female,PhD,Marketing,Manager,2,14502,High,1,1,1,1,No,Travel_Rarely,4,Medium,Medium,Low,Medium,3,14,2,3,0,8,5,Married,No,2019-11-26
EMP11683,41,Female,Bachelor's,Human Resources,HR Specialist,1,25000,Very High,10,2,2,2,No,Travel_Frequently,16,Medium,High,High,Low,3,10,2,5,1,2,6,Single,No,2017-03-27
EMP11684,42,Male,Bachelor's,It,Data Analyst,2,13589,High,19,10,5,0,Yes,Travel_Rarely,14,Very High,Medium,Medium,High,3,15,0,0,0,5,18,Married,No,2025-05-04
EMP11685,44,Female,Bachelor's,Sales,Sales Executive,3,18161,Very High,27,2,2,1,No,Travel_Frequently,7,Very High,Low,Medium,Medium,3,22,1,1,2,2,13,Married,No,2020-01-21
EMP11686,53,Male,Master's,It,Manager,1,25000,Very High,29,1,1,1,Yes,Travel_Rarely,10,Very High,High,Medium,Medium,3,21,2,0,0,8,10,Single,Yes,2018-04-28
EMP11687,45,Female,Bachelor's,Marketing,Manager,2,25000,Very High,18,0,0,0,No,Travel_Rarely,12,Medium,High,Very High,High,4,12,3,3,0,0,18,Married,No,2019-04-06
EMP11688,24,Male,Bachelor's,Research & Development,Laboratory Technician,4,25000,Very High,0,0,0,0,No,Travel_Rarely,23,Medium,Medium,High,Very High,4,22,1,3,1,6,13,Married,No,2012-01-18
EMP11689,45,Female,Bachelor's,Human Resources,Manager,3,25000,Very High,19,1,1,1,No,Travel_Rarely,28,Medium,Medium,High,Medium,3,15,1,6,3,4,18,Married,No,2017-07-23
EMP11690,39,Female,Master's,It,IT Support,2,25000,Very High,15,2,1,1,Yes,Travel_Rarely,8,Medium,High,High,Medium,3,17,1,6,1,11,5,Single,No,2025-12-29
EMP11691,25,Female,Master's,Sales,Manager,1,13695,High,8,6,5,6,Yes,Travel_Rarely,23,Medium,High,High,Very High,3,17,3,1,1,2,0,Single,No,2017-06-03
EMP11692,25,Female,PhD,Research & Development,Laboratory Technician,2,19621,Very High,5,5,1,1,No,Travel_Rarely,11,Medium,Medium,Very High,Very High,3,21,3,2,2,11,13,Single,Yes,2023-05-26
EMP11693,37,Male,Bachelor's,Research & Development,Manager,3,25000,Very High,15,3,0,1,No,Travel_Rarely,20,High,Very High,Medium,Medium,4,13,2,1,3,10,11,Single,No,2016-10-28
EMP11694,23,Female,Bachelor's,Sales,Sales Representative,3,25000,Very High,1,1,1,1,No,Travel_Frequently,13,High,Medium,High,High,3,16,1,0,1,6,11,Single,No,2010-04-06
EMP11695,36,Male,Master's,Research & Development,Laboratory Technician,1,11743,High,5,4,4,4,No,Travel_Rarely,12,High,High,Medium,High,3,21,0,3,2,0,8,Married,No,2022-02-26
EMP11696,33,Male,Bachelor's,Sales,Manager,2,25000,Very High,8,4,1,1,Yes,Travel_Rarely,7,High,Very High,High,Very High,3,25,0,0,1,5,8,Married,No,2023-03-04
EMP11697,33,Female,Bachelor's,Sales,Manager,1,23884,Very High,2,2,2,1,No,Travel_Rarely,21,Low,Low,High,High,4,25,0,0,2,6,13,Single,No,2010-09-01
EMP11698,32,Female,Master's,Sales,Sales Executive,1,25000,Very High,8,0,0,0,No,Non-Travel,12,Low,Low,Low,High,3,15,2,6,4,8,19,Married,No,2020-02-26
EMP11699,26,Male,Master's,Marketing,Marketing Specialist,2,21038,Very High,1,0,0,0,Yes,Travel_Rarely,10,High,Low,High,High,3,11,0,4,0,8,1,Married,No,2011-06-22
EMP11700,34,Male,PhD,Research & Development,Research Scientist,1,15077,Very High,4,1,0,1,No,Travel_Rarely,7,High,Low,High,Very High,3,15,1,3,0,6,13,Married,No,2019-06-29
EMP11701,38,Male,Master's,Marketing,Marketing Executive,1,25000,Very High,15,1,1,1,No,Travel_Frequently,19,High,High,Medium,High,3,11,2,3,1,4,6,Married,No,2021-12-20
EMP11702,54,Male,Bachelor's,Research & Development,Laboratory Technician,3,25000,Very High,32,6,1,3,Yes,Non-Travel,26,Low,High,Low,Medium,4,22,2,0,2,6,14,Divorced,No,2015-01-10
EMP11703,36,Male,Bachelor's,Research & Development,Research Scientist,2,25000,Very High,15,1,1,1,No,Travel_Rarely,27,Medium,Very High,Medium,High,3,13,3,5,4,10,7,Married,No,2020-07-24
EMP11704,54,Male,Master's,Research & Development,Research Director,3,21895,Very High,31,11,2,5,No,Non-Travel,7,High,Medium,High,High,3,14,1,3,0,0,18,Married,No,2025-06-06
EMP11705,38,Male,Master's,Research & Development,Research Scientist,2,16816,Very High,11,11,1,1,No,Travel_Rarely,23,Very High,High,High,High,4,18,0,5,1,6,1,Married,No,2020-05-24
EMP11706,39,Female,Master's,Sales,Manager,3,10922,High,15,15,1,5,No,Travel_Rarely,18,Very High,High,Very High,High,4,22,1,5,1,11,0,Married,No,2024-04-06
EMP11707,55,Female,PhD,Human Resources,HR Specialist,1,21729,Very High,31,14,0,2,No,Travel_Rarely,24,High,Medium,Medium,Medium,3,12,1,1,2,9,18,Single,No,2014-08-05
EMP11708,54,Male,Master's,Sales,Sales Representative,1,25000,Very High,29,2,2,0,Yes,Travel_Rarely,23,High,High,Medium,Very High,3,21,2,4,3,3,7,Divorced,No,2011-08-25
EMP11709,51,Female,Bachelor's,Human Resources,HR Specialist,2,14263,High,21,4,3,4,No,Travel_Rarely,25,High,High,High,Very High,4,25,0,1,1,1,6,Single,No,2019-08-14
EMP11710,59,Female,Master's,Finance,Financial Analyst,1,17286,Very High,35,1,1,1,No,Travel_Rarely,12,High,High,High,Very High,4,14,0,6,4,5,17,Married,Yes,2022-09-04
EMP11711,43,Male,Master's,Sales,Sales Representative,3,17854,Very High,24,8,1,3,No,Travel_Rarely,4,High,Medium,High,High,4,11,0,2,4,6,18,Married,No,2021-01-18
EMP11712,36,Male,High School,Sales,Sales Representative,2,11301,High,5,5,1,5,Yes,Travel_Rarely,25,Very High,Medium,Medium,Medium,3,12,3,2,3,10,12,Single,Yes,2012-12-09
EMP11713,26,Male,Bachelor's,It,Data Analyst,1,15246,Very High,0,0,0,0,No,Travel_Rarely,1,High,High,Medium,High,4,22,1,5,4,6,15,Divorced,No,2014-06-24
EMP11714,20,Male,Master's,Research & Development,Manager,2,13224,High,0,0,0,0,No,Travel_Rarely,5,Very High,Low,High,Low,3,14,2,0,2,7,10,Single,Yes,2010-09-29
EMP11715,54,Male,Bachelor's,Sales,Unknown,4,18295,Very High,24,7,2,6,No,Travel_Rarely,10,Medium,High,Low,High,3,16,2,5,1,4,9,Married,No,2020-10-17
EMP11716,51,Male,Master's,Marketing,Marketing Executive,1,15797,Very High,19,1,1,1,No,Non-Travel,7,High,Low,Medium,High,3,22,2,2,2,9,18,Married,No,2021-02-16
EMP11717,55,Male,Bachelor's,Sales,Sales Representative,1,10592,High,34,0,0,0,No,Travel_Rarely,20,High,Medium,Low,Medium,3,25,0,1,3,10,4,Single,No,2014-02-15
EMP11718,32,Female,PhD,Finance,Financial Analyst,3,25000,Very High,14,7,5,1,Yes,Travel_Rarely,29,Low,Medium,High,High,3,15,0,2,3,9,11,Single,Yes,2025-04-22
EMP11719,25,Male,Bachelor's,Marketing,Marketing Specialist,1,25000,Very High,0,0,0,0,No,Travel_Rarely,7,High,Low,Medium,Low,3,23,2,0,2,10,3,Single,No,2022-02-05
EMP11720,33,Female,High School,Sales,Manager,1,15513,Very High,13,13,0,3,No,Travel_Rarely,30,Medium,Medium,Low,Very High,3,23,1,3,0,7,15,Divorced,No,2014-12-17
EMP11721,56,Male,Bachelor's,Sales,Sales Executive,1,24899,Very High,30,1,1,1,No,Travel_Rarely,28,High,Very High,Low,Medium,3,11,2,4,3,3,1,Married,No,2010-07-12
EMP11722,34,Female,Bachelor's,Sales,Sales Executive,2,25000,Very High,10,10,1,3,No,Travel_Rarely,25,High,Low,Medium,High,4,22,1,0,1,9,3,Married,Yes,2011-05-23
EMP11723,23,Male,Bachelor's,Research & Development,Research Director,2,25000,Very High,0,0,0,0,No,Travel_Frequently,13,Medium,Low,High,Medium,3,23,2,0,3,0,15,Married,No,2013-03-07
EMP11724,59,Female,Bachelor's,Sales,Sales Executive,2,15239,Very High,38,9,1,1,No,Travel_Rarely,14,Medium,High,High,High,3,18,1,0,2,11,10,Single,No,2023-12-18
EMP11725,35,Female,Master's,Finance,Finance Manager,4,25000,Very High,12,8,6,3,Yes,Travel_Rarely,5,High,Medium,Very High,High,3,17,2,1,2,7,5,Divorced,No,2019-08-24
EMP11726,47,Female,Bachelor's,Sales,Sales Executive,3,17213,Very High,21,12,12,5,No,Travel_Rarely,21,High,Medium,Medium,Medium,4,18,3,3,4,3,10,Divorced,No,2020-12-13
EMP11727,35,Female,Master's,Research & Development,Research Scientist,5,12075,High,14,2,1,2,No,Travel_Frequently,2,Medium,High,Low,High,3,18,3,0,0,4,9,Married,No,2019-09-11
EMP11728,23,Male,Master's,Marketing,Manager,2,25000,Very High,0,0,0,0,Yes,Travel_Frequently,14,Very High,Medium,Medium,High,4,14,0,3,2,3,14,Married,No,2022-07-04
EMP11729,45,Female,Master's,It,Data Analyst,1,25000,Very High,20,1,1,1,Yes,Travel_Rarely,21,High,Medium,Medium,High,3,20,0,5,4,6,20,Married,No,2014-07-17
EMP11730,47,Male,Bachelor's,Human Resources,HR Specialist,4,25000,Very High,19,0,0,0,Yes,Travel_Rarely,8,High,High,High,Low,3,16,0,6,4,9,6,Single,No,2015-11-06
EMP11731,51,Male,Bachelor's,Research & Development,Research Scientist,1,12837,High,25,3,3,2,No,Non-Travel,20,Low,Low,Very High,High,4,16,0,6,1,2,20,Single,Yes,2022-05-29
EMP11732,21,Male,Bachelor's,Human Resources,HR Executive,3,25000,Very High,0,0,0,0,No,Travel_Rarely,2,Very High,Very High,Medium,Medium,3,25,2,0,4,1,14,Divorced,No,2021-08-04
EMP11733,50,Male,Master's,Research & Development,Research Director,1,18317,Very High,28,3,3,3,Yes,Travel_Rarely,8,Low,Low,Medium,High,3,19,3,1,0,9,0,Divorced,No,2020-05-31
EMP11734,22,Female,Master's,Research & Development,Laboratory Technician,3,25000,Very High,0,0,0,0,Yes,Travel_Rarely,20,High,High,Medium,Low,3,18,0,0,1,11,7,Married,No,2020-06-30
EMP11735,27,Female,Bachelor's,Sales,Sales Executive,4,11365,High,0,0,0,0,No,Travel_Rarely,30,High,High,Very High,Medium,4,18,1,6,2,1,4,Married,No,2025-01-05
EMP11736,43,Male,High School,It,IT Support,2,12478,High,21,1,1,1,No,Non-Travel,29,Medium,Medium,High,Low,4,15,1,5,2,6,20,Married,No,2015-02-09
EMP11737,34,Female,Bachelor's,Research & Development,Manager,1,15535,Very High,3,3,3,1,Yes,Non-Travel,5,High,Low,Very High,Very High,3,12,0,2,4,10,5,Married,Yes,2020-10-19
EMP11738,50,Female,Bachelor's,Sales,Sales Executive,1,22823,Very High,27,0,0,0,No,Travel_Frequently,30,Medium,Very High,High,Very High,3,17,0,1,3,11,3,Married,No,2018-02-21
EMP11739,28,Male,Bachelor's,Research & Development,Manager,2,16507,Very High,5,5,0,4,No,Travel_Rarely,12,High,High,High,Very High,4,10,0,6,0,9,14,Married,No,2021-07-14
EMP11740,58,Male,Master's,Research & Development,Research Director,1,25000,Very High,36,2,2,2,No,Travel_Rarely,7,High,Medium,Low,High,3,19,2,0,0,5,3,Married,No,2012-04-26
EMP11741,21,Female,Bachelor's,It,Data Analyst,2,25000,Very High,0,0,0,0,No,Travel_Rarely,27,Very High,Low,Very High,High,3,20,1,0,4,1,2,Single,No,2025-04-13
EMP11742,27,Male,Master's,Finance,Accountant,2,25000,Very High,0,0,0,0,No,Non-Travel,21,Very High,Very High,High,High,3,13,1,0,0,7,15,Single,No,2012-08-16
EMP11743,26,Male,PhD,It,Manager,1,25000,Very High,0,0,0,0,Yes,Travel_Rarely,13,High,Medium,High,High,3,19,1,2,1,5,15,Single,Yes,2017-12-13
EMP11744,58,Male,Master's,Sales,Manager,2,25000,Very High,31,2,2,2,Yes,Travel_Rarely,15,High,Medium,Medium,Very High,4,11,3,2,4,7,7,Single,No,2024-03-10
EMP11745,35,Male,Bachelor's,Research & Development,Research Director,2,12739,High,15,1,1,1,No,Travel_Rarely,10,High,Very High,Low,High,3,14,2,6,3,5,20,Single,No,2013-01-02
EMP11746,54,Female,Bachelor's,Research & Development,Research Director,1,25000,Very High,30,1,1,1,No,Travel_Rarely,4,Medium,Medium,Medium,High,3,21,3,0,2,3,5,Married,No,2025-04-25
EMP11747,49,Male,Bachelor's,Sales,Sales Representative,3,16776,Very High,25,1,1,0,No,Non-Travel,16,High,High,Low,Very High,3,21,2,6,0,7,20,Single,No,2018-06-19
EMP11748,29,Male,Master's,Sales,Manager,4,25000,Very High,9,3,3,3,No,Travel_Rarely,7,Very High,High,Very High,Very High,3,16,1,2,2,3,12,Single,No,2012-11-18
EMP11749,57,Male,Bachelor's,It,IT Support,1,25000,Very High,30,8,1,0,Yes,Travel_Rarely,13,Medium,High,High,High,3,20,1,0,3,5,8,Single,Yes,2024-06-17
EMP11750,37,Male,Bachelor's,Sales,Manager,1,25000,Very High,14,4,2,4,No,Travel_Rarely,4,Medium,Low,High,Medium,3,10,3,2,3,4,8,Married,No,2017-07-16
EMP11751,24,Male,Master's,Research & Development,Research Scientist,3,11234,High,1,1,1,1,No,Travel_Rarely,26,Medium,Very High,High,High,3,13,1,3,1,3,10,Married,Yes,2014-09-26
EMP11752,48,Female,Bachelor's,Sales,Sales Executive,1,14571,High,19,5,3,5,No,Non-Travel,12,Medium,Very High,High,Low,3,12,0,5,3,6,7,Single,No,2025-10-10
EMP11753,58,Female,Master's,Sales,Sales Executive,1,25000,Very High,35,6,6,0,No,Non-Travel,20,Low,Medium,Low,Very High,3,13,2,6,3,7,12,Married,Yes,2015-06-15
EMP11754,53,Male,High School,Sales,Sales Representative,2,20412,Very High,34,6,0,1,No,Non-Travel,2,Medium,High,Low,Very High,3,15,1,0,0,5,18,Single,No,2023-06-19
EMP11755,42,Male,Bachelor's,Marketing,Manager,1,22829,Very High,18,3,3,0,No,Travel_Frequently,5,Medium,Very High,Very High,High,4,19,0,5,2,0,0,Married,No,2020-10-03
EMP11756,24,Male,Bachelor's,It,Manager,1,25000,Very High,0,0,0,0,No,Travel_Rarely,8,High,High,Low,High,3,15,3,0,0,6,16,Single,No,2013-07-21
EMP11757,49,Male,Bachelor's,Marketing,Marketing Specialist,5,25000,Very High,28,0,0,0,No,Travel_Rarely,4,Medium,High,High,Medium,3,21,1,4,0,3,5,Single,No,2014-11-08
EMP11758,25,Male,Master's,Research & Development,Research Director,1,24971,Very High,2,2,0,2,Yes,Travel_Rarely,27,High,High,High,Very High,3,10,1,4,4,1,11,Single,No,2014-10-11
EMP11759,23,Male,Bachelor's,Sales,Sales Executive,4,20052,Very High,2,2,1,0,No,Travel_Rarely,29,Very High,High,High,Very High,3,12,2,1,4,2,3,Married,No,2021-12-30
EMP11760,48,Male,Bachelor's,Research & Development,Laboratory Technician,1,19135,Very High,23,1,1,1,No,Travel_Rarely,2,Very High,High,Very High,Low,3,10,1,3,1,9,20,Married,No,2013-07-11
EMP11761,42,Female,Master's,Research & Development,Research Director,3,25000,Very High,19,7,3,2,No,Travel_Rarely,25,High,High,Medium,Medium,3,22,2,3,1,3,15,Single,No,2020-03-29
EMP11762,25,Male,Master's,It,Manager,2,25000,Very High,0,0,0,0,No,Travel_Rarely,6,Low,Medium,High,Medium,3,10,3,1,3,6,20,Married,No,2015-02-18
EMP11763,51,Female,High School,Sales,Sales Representative,1,19618,Very High,30,1,1,1,No,Travel_Rarely,3,Very High,High,High,High,3,10,2,4,1,8,2,Married,No,2025-02-18
EMP11764,37,Male,Bachelor's,Research & Development,Manager,3,25000,Very High,8,0,0,0,No,Travel_Frequently,29,High,Low,Very High,Medium,3,12,3,6,1,9,16,Single,No,2019-09-08
EMP11765,34,Male,Bachelor's,Sales,Sales Representative,4,20784,Very High,9,8,2,3,No,Non-Travel,14,Medium,Medium,Very High,Medium,4,23,1,1,3,10,17,Married,No,2017-05-21
EMP11766,59,Female,Bachelor's,Research & Development,Research Scientist,1,15014,Very High,31,7,1,5,Yes,Travel_Rarely,10,Low,Medium,Medium,Medium,3,11,0,4,2,5,17,Single,No,2025-10-24
EMP11767,51,Male,Bachelor's,Finance,Financial Analyst,3,15654,Very High,28,8,0,7,No,Travel_Rarely,11,Low,High,Medium,High,3,23,3,6,3,9,17,Single,No,2011-09-25
EMP11768,28,Male,Bachelor's,Research & Development,Research Scientist,2,14180,High,8,0,0,0,No,Non-Travel,5,Low,Medium,Very High,Very High,3,21,1,0,3,4,7,Single,Yes,2020-06-14
EMP11769,56,Female,PhD,Research & Development,Manager,3,19485,Very High,33,3,1,1,No,Travel_Rarely,22,Low,High,Medium,High,3,13,3,5,2,8,7,Single,No,2022-10-06
EMP11770,29,Female,Bachelor's,Research & Development,Research Scientist,3,25000,Very High,4,4,1,3,No,Travel_Rarely,16,Very High,High,Medium,High,4,16,1,1,3,11,12,Married,No,2022-02-07
EMP11771,39,Female,Master's,Research & Development,Manager,1,15332,Very High,18,1,0,0,No,Travel_Rarely,9,High,Medium,High,Low,4,20,1,2,4,7,11,Married,No,2021-04-11
EMP11772,25,Female,Master's,It,Manager,1,23976,Very High,0,0,0,0,No,Travel_Rarely,21,High,Medium,High,High,3,20,0,5,1,7,14,Married,No,2010-08-11
EMP11773,22,Female,PhD,It,Manager,2,16391,Very High,0,0,0,0,No,Travel_Rarely,16,High,Medium,High,Medium,3,23,2,4,3,7,9,Single,No,2025-09-04
EMP11774,30,Male,Bachelor's,Marketing,Marketing Executive,4,19592,Very High,0,0,0,0,Yes,Travel_Frequently,9,High,Very High,High,Medium,3,24,0,0,0,7,8,Married,No,2012-04-18
EMP11775,36,Male,Master's,It,Data Analyst,1,11164,High,12,3,3,0,No,Travel_Rarely,17,Very High,High,High,Medium,3,11,3,6,1,7,2,Married,No,2023-05-16
EMP11776,51,Male,PhD,Research & Development,Manager,2,19945,Very High,27,5,5,0,No,Travel_Rarely,12,Very High,Low,High,Medium,3,11,0,2,4,9,9,Married,No,2010-02-08
EMP11777,23,Male,Bachelor's,Finance,Accountant,1,20188,Very High,0,0,0,0,No,Travel_Rarely,15,Medium,Very High,Very High,Low,4,22,1,2,4,9,16,Single,No,2014-11-30
EMP11778,23,Male,Bachelor's,Research & Development,Manager,3,25000,Very High,1,1,1,1,Yes,Travel_Rarely,10,Very High,Low,Medium,High,3,21,1,6,3,6,14,Married,No,2012-02-10
EMP11779,36,Female,High School,Sales,Sales Executive,2,24355,Very High,6,1,1,1,No,Travel_Rarely,4,High,High,Low,Low,3,21,0,3,2,1,9,Married,No,2018-02-22
EMP11780,60,Male,Master's,It,Software Engineer,3,12845,High,34,1,1,1,No,Travel_Rarely,17,Low,High,Medium,High,3,24,3,4,0,1,19,Married,No,2019-02-17
EMP11781,38,Female,Master's,Sales,Sales Executive,4,25000,Very High,14,1,0,0,No,Travel_Rarely,18,High,Low,Very High,High,3,22,2,0,3,10,20,Married,No,2016-08-29
EMP11782,24,Male,Bachelor's,Marketing,Marketing Specialist,1,24213,Very High,0,0,0,0,No,Travel_Rarely,18,High,Medium,Low,High,3,20,2,4,2,4,13,Married,No,2025-02-21
EMP11783,51,Male,Master's,Research & Development,Research Scientist,1,24083,Very High,19,5,3,5,Yes,Travel_Rarely,10,Very High,High,High,High,3,16,1,0,4,5,15,Married,No,2023-12-24
EMP11784,41,Male,High School,Sales,Manager,5,21936,Very High,10,3,1,3,No,Travel_Rarely,11,Medium,Medium,High,Very High,4,21,2,6,1,8,5,Divorced,No,2011-12-06
EMP11785,25,Male,Master's,Finance,Accountant,1,17449,Very High,0,0,0,0,No,Travel_Rarely,21,High,High,Very High,Medium,3,18,2,5,4,0,6,Divorced,No,2022-10-22
EMP11786,54,Male,High School,It,IT Support,3,24295,Very High,30,6,1,1,No,Travel_Rarely,15,Low,High,Very High,High,3,20,3,4,3,10,9,Divorced,No,2025-04-19
EMP11787,41,Female,Master's,Human Resources,Manager,3,25000,Very High,8,1,0,1,Yes,Travel_Rarely,10,Medium,Low,High,Medium,3,24,2,5,2,6,18,Single,No,2020-04-08
EMP11788,20,Male,High School,Human Resources,HR Executive,2,10036,High,0,0,0,0,No,Travel_Rarely,30,Low,Very High,Low,High,3,12,0,2,3,6,17,Single,Yes,2021-07-05
EMP11789,39,Male,Bachelor's,Sales,Sales Representative,1,17284,Very High,16,11,11,6,No,Non-Travel,3,High,Low,Low,Low,3,19,3,3,4,7,8,Married,No,2023-04-29
EMP11790,41,Female,Master's,Research & Development,Laboratory Technician,1,19639,Very High,12,0,0,0,No,Non-Travel,27,High,Medium,Medium,Low,4,17,0,6,0,0,1,Married,Yes,2013-04-25
EMP11791,30,Male,Bachelor's,Sales,Manager,2,24718,Very High,10,1,1,1,No,Travel_Rarely,6,Medium,High,Medium,High,3,15,1,5,4,11,8,Single,No,2012-02-03
EMP11792,32,Male,Bachelor's,Finance,Financial Analyst,1,25000,Very High,0,0,0,0,No,Travel_Frequently,17,High,Very High,Medium,Medium,3,24,3,6,3,9,3,Married,No,2010-12-18
EMP11793,22,Male,Master's,Research & Development,Research Scientist,2,15564,Very High,0,0,0,0,No,Travel_Rarely,12,Medium,High,Medium,High,3,22,2,1,2,3,10,Married,No,2025-05-28
EMP11794,28,Male,High School,Finance,Financial Analyst,2,17605,Very High,6,4,2,0,Yes,Travel_Rarely,11,Low,Medium,Medium,High,3,23,3,4,3,9,16,Married,No,2010-10-03
EMP11795,31,Female,Master's,Sales,Sales Representative,2,17490,Very High,7,7,7,7,Yes,Travel_Rarely,17,High,Very High,High,Very High,3,15,1,2,1,4,2,Married,Yes,2019-09-26
EMP11796,42,Female,High School,Sales,Manager,1,15357,Very High,10,10,6,1,No,Travel_Rarely,3,Low,Medium,Very High,High,3,12,0,6,1,1,14,Single,No,2010-10-10
EMP11797,33,Female,Bachelor's,Finance,Accountant,4,18841,Very High,12,3,1,1,Yes,Travel_Rarely,9,High,Medium,High,Medium,3,19,1,1,2,1,1,Divorced,No,2020-01-16
EMP11798,52,Male,Bachelor's,Sales,Manager,2,25000,Very High,27,2,2,1,No,Travel_Rarely,18,Low,Very High,Very High,High,3,18,3,5,4,10,15,Single,No,2017-10-05
EMP11799,37,Female,PhD,Sales,Sales Executive,2,13709,High,11,2,2,0,Yes,Travel_Frequently,28,Low,Low,Medium,High,3,18,0,1,3,3,3,Single,No,2014-09-15
EMP11800,60,Male,Bachelor's,Sales,Sales Representative,4,25000,Very High,31,1,1,1,No,Travel_Rarely,6,High,High,Low,Very High,3,13,0,1,1,2,17,Married,No,2010-11-15
EMP11801,28,Male,Unknown,Marketing,Marketing Specialist,2,10241,High,0,0,0,0,Yes,Travel_Rarely,3,High,Very High,Medium,High,4,25,3,5,0,6,9,Single,No,2011-12-26
EMP11802,42,Male,PhD,Finance,Accountant,4,17110,Very High,12,1,1,1,No,Travel_Rarely,6,Low,Low,Very High,High,3,22,1,2,1,6,5,Single,No,2022-06-30
EMP11803,29,Female,Bachelor's,Research & Development,Research Director,1,18991,Very High,0,0,0,0,No,Travel_Rarely,11,High,High,Medium,High,3,22,2,5,4,1,10,Married,No,2014-07-27
EMP11804,38,Female,Master's,Sales,Sales Representative,3,25000,Very High,9,1,1,1,No,Non-Travel,11,High,Low,Very High,High,3,19,1,0,2,4,9,Single,Yes,2022-03-29
EMP11805,24,Female,Master's,Research & Development,Manager,1,19464,Very High,0,0,0,0,No,Travel_Frequently,7,High,Very High,Medium,High,4,21,2,1,0,4,0,Married,No,2020-12-01
EMP11806,42,Female,Bachelor's,It,Data Analyst,3,8180,High,25,16,2,7,No,Non-Travel,13,Low,High,Very High,High,4,15,1,3,3,7,15,Married,No,2020-05-15
EMP11807,49,Male,Bachelor's,Finance,Finance Manager,3,8960,High,18,4,4,0,No,Travel_Rarely,13,High,Medium,Medium,Low,3,14,3,6,3,7,4,Single,No,2025-09-22
EMP11808,44,Male,Bachelor's,Sales,Sales Representative,1,22366,Very High,12,12,2,4,No,Travel_Rarely,7,High,Medium,High,High,3,13,1,0,2,10,8,Married,No,2018-12-05
EMP11809,47,Female,Master's,Sales,Manager,2,25000,Very High,28,2,0,2,No,Travel_Rarely,14,Low,High,Very High,Low,3,11,1,2,0,3,16,Married,No,2018-12-06
EMP11810,53,Female,Master's,Sales,Sales Representative,3,25000,Very High,34,3,1,1,No,Travel_Rarely,2,Unknown,High,Very High,Very High,3,13,3,1,0,9,3,Divorced,No,2024-03-21
EMP11811,44,Female,Bachelor's,Finance,Finance Manager,1,23752,Very High,11,2,2,0,No,Travel_Rarely,3,Very High,High,Very High,Very High,3,16,3,2,0,0,1,Single,No,2014-03-05
EMP11812,29,Male,Bachelor's,It,Manager,3,25000,Very High,0,0,0,0,No,Travel_Frequently,4,Very High,Medium,Low,High,3,12,0,2,2,5,1,Married,No,2014-09-23
EMP11813,33,Female,Master's,Sales,Manager,1,17278,Very High,9,1,1,0,No,Travel_Rarely,8,High,High,High,High,3,12,1,1,2,11,4,Married,No,2021-08-16
EMP11814,49,Male,High School,Sales,Manager,4,25000,Very High,27,15,1,2,No,Travel_Rarely,21,High,Low,Very High,Very High,3,20,3,2,3,6,1,Married,No,2018-08-30
EMP11815,60,Female,Master's,Sales,Manager,1,10568,High,30,22,5,3,Yes,Travel_Frequently,1,High,High,Medium,Medium,3,12,3,6,1,0,12,Married,No,2023-03-03
EMP11816,44,Male,High School,Marketing,Marketing Specialist,2,14658,High,12,0,0,0,No,Travel_Frequently,9,High,Medium,High,Medium,3,25,0,6,4,7,4,Single,No,2010-08-28
EMP11817,33,Female,Master's,Sales,Manager,1,9768,High,8,1,1,1,Yes,Travel_Rarely,17,High,High,Medium,High,3,18,3,3,3,8,0,Single,No,2011-09-03
EMP11818,54,Male,Master's,It,Data Analyst,1,19464,Very High,30,3,2,1,No,Travel_Rarely,18,High,Medium,Medium,Low,3,23,0,3,0,7,20,Married,No,2015-01-14
EMP11819,53,Female,Bachelor's,Human Resources,HR Specialist,2,21573,Very High,25,1,1,1,No,Travel_Rarely,7,Medium,High,High,Very High,3,10,3,4,1,2,14,Married,No,2021-11-10
EMP11820,29,Male,High School,Research & Development,Laboratory Technician,2,23187,Very High,5,2,1,1,No,Travel_Rarely,27,Medium,Very High,High,Low,3,14,0,6,4,8,18,Married,No,2010-08-17
EMP11821,54,Male,Bachelor's,Sales,Manager,1,22648,Very High,31,1,1,1,Yes,Travel_Rarely,3,Very High,High,Medium,High,3,18,1,1,0,9,13,Married,No,2023-09-18
EMP11822,30,Male,Bachelor's,Sales,Manager,4,14510,High,0,0,0,0,Yes,Travel_Rarely,22,Low,High,Medium,Medium,3,23,3,1,2,2,11,Divorced,Yes,2012-01-26
EMP11823,30,Female,Bachelor's,Human Resources,HR Specialist,1,20219,Very High,5,2,0,2,Yes,Travel_Rarely,16,High,High,High,Low,3,16,3,6,1,11,1,Single,No,2010-11-04
EMP11824,40,Male,Master's,It,Manager,3,11228,High,5,2,2,2,No,Travel_Rarely,8,Very High,High,High,Low,4,21,1,1,2,3,19,Married,No,2013-08-01
EMP11825,40,Male,Bachelor's,Human Resources,HR Specialist,2,25000,Very High,14,0,0,0,No,Travel_Frequently,5,High,Medium,Medium,Medium,3,21,1,4,4,11,0,Married,No,2019-01-03
EMP11826,41,Female,Bachelor's,Research & Development,Research Scientist,2,19213,Very High,20,3,0,3,No,Travel_Frequently,17,Very High,High,Very High,Low,3,10,1,5,4,5,2,Single,No,2013-09-14
EMP11827,26,Female,Master's,Sales,Sales Representative,1,17677,Very High,0,0,0,0,No,Travel_Rarely,26,High,High,Low,Very High,3,13,0,3,0,6,10,Married,No,2018-11-25
EMP11828,36,Male,Master's,Marketing,Marketing Specialist,2,25000,Very High,6,2,2,2,No,Travel_Frequently,30,Low,Medium,High,Medium,4,15,3,3,2,7,16,Married,Yes,2019-01-20
EMP11829,21,Female,Bachelor's,It,Software Engineer,2,12594,High,0,0,0,0,No,Travel_Rarely,28,High,Medium,Medium,Low,4,14,3,1,3,6,4,Single,No,2012-07-10
EMP11830,31,Male,Master's,Sales,Manager,1,13273,High,12,9,1,1,Yes,Travel_Rarely,19,Medium,High,High,High,4,11,2,2,3,2,16,Married,No,2024-08-19
EMP11831,37,Female,Master's,Marketing,Marketing Executive,1,13450,High,10,10,10,0,Yes,Travel_Rarely,27,Medium,Medium,High,High,3,10,2,0,2,10,17,Single,No,2012-01-06
EMP11832,30,Female,Master's,Human Resources,HR Specialist,1,21364,Very High,8,8,2,1,No,Travel_Rarely,18,Medium,Very High,High,Very High,3,20,3,0,4,10,2,Married,No,2019-04-26
EMP11833,35,Female,Bachelor's,Human Resources,HR Executive,1,25000,Very High,11,5,5,5,No,Travel_Rarely,22,Medium,High,High,Very High,3,13,0,1,1,1,14,Married,No,2021-04-17
EMP11834,37,Male,High School,Finance,Financial Analyst,1,25000,Very High,7,7,3,3,No,Non-Travel,30,Medium,Medium,Very High,Very High,3,21,0,1,2,10,15,Married,No,2020-07-31
EMP11835,54,Female,Master's,It,Software Engineer,1,25000,Very High,24,0,0,0,No,Travel_Rarely,5,Medium,Low,Low,High,3,19,2,3,0,1,14,Single,Yes,2025-12-31
EMP11836,45,Male,Master's,Finance,Financial Analyst,2,8004,High,23,3,0,3,No,Non-Travel,7,High,Low,High,Medium,3,25,2,6,3,11,16,Single,No,2016-01-06
EMP11837,35,Male,Master's,Sales,Sales Executive,1,25000,Very High,6,6,4,0,No,Travel_Rarely,18,High,Medium,Medium,High,4,14,2,3,0,8,17,Single,No,2021-03-23
EMP11838,25,Female,High School,Research & Development,Research Scientist,1,17142,Very High,2,2,2,2,Yes,Travel_Rarely,30,Medium,Low,High,High,3,24,2,2,1,6,7,Single,No,2019-03-18
EMP11839,31,Male,Master's,Marketing,Manager,1,16918,Very High,10,10,0,5,No,Travel_Rarely,13,Medium,Very High,High,High,3,13,2,3,3,6,20,Married,No,2017-06-23
EMP11840,32,Male,Master's,Sales,Sales Executive,2,16666,Very High,8,8,3,8,No,Travel_Rarely,22,High,Medium,Low,Medium,3,12,1,0,3,4,13,Single,No,2020-06-01
EMP11841,23,Female,Bachelor's,Research & Development,Research Scientist,1,14633,High,0,0,0,0,Yes,Travel_Rarely,11,High,Medium,High,Medium,3,19,3,6,3,5,3,Single,No,2021-06-10
EMP11842,58,Male,Bachelor's,Research & Development,Manager,2,25000,Very High,28,6,4,6,No,Travel_Rarely,5,Very High,Medium,Very High,High,3,24,3,0,0,6,9,Single,Yes,2013-03-23
EMP11843,21,Male,Master's,Research & Development,Research Scientist,3,25000,Very High,0,0,0,0,No,Travel_Rarely,22,Low,Very High,Low,Low,3,17,2,3,4,8,19,Single,No,2015-01-02
EMP11844,45,Female,Master's,Human Resources,HR Executive,2,22258,Very High,13,4,1,2,No,Travel_Rarely,15,Very High,High,High,Low,3,21,3,0,0,9,20,Single,No,2023-11-29
EMP11845,46,Female,High School,Marketing,Marketing Specialist,1,25000,Very High,14,13,10,2,No,Travel_Rarely,21,High,Medium,High,Medium,4,23,3,5,4,3,6,Married,No,2012-07-07
EMP11846,46,Female,Master's,Sales,Sales Executive,2,11152,High,21,9,7,3,No,Travel_Rarely,7,High,Medium,Medium,High,3,15,1,0,2,5,19,Divorced,No,2018-05-04
EMP11847,34,Male,Master's,Sales,Sales Executive,1,12103,High,5,5,1,5,No,Travel_Rarely,5,Low,Very High,High,Very High,4,20,1,0,3,0,0,Married,No,2011-04-21
EMP11848,27,Male,Master's,Sales,Sales Executive,4,8266,High,7,6,5,3,No,Travel_Frequently,30,Medium,Medium,Low,High,4,24,0,0,0,6,20,Single,No,2020-04-10
EMP11849,26,Male,Master's,It,Manager,3,16079,Very High,5,2,1,2,No,Non-Travel,29,Medium,High,Very High,Very High,3,23,0,4,1,3,6,Married,No,2010-11-27
EMP11850,59,Female,Master's,Human Resources,Manager,2,23689,Very High,33,0,0,0,No,Travel_Rarely,7,Medium,High,High,Low,3,21,2,1,1,1,11,Married,No,2010-12-15
EMP11851,31,Male,Bachelor's,Sales,Sales Executive,4,23070,Very High,6,6,1,2,No,Travel_Rarely,17,High,High,Very High,High,4,12,0,6,4,3,3,Married,No,2011-04-13
EMP11852,32,Female,Bachelor's,It,Manager,2,23558,Very High,2,2,0,2,Yes,Travel_Rarely,9,High,High,Medium,Medium,3,15,2,2,4,7,6,Married,Yes,2014-10-18
EMP11853,36,Male,Master's,It,Manager,1,11673,High,12,2,2,1,No,Non-Travel,6,High,Very High,Low,High,3,24,0,4,3,1,14,Married,No,2011-11-18
EMP11854,36,Male,High School,It,Manager,1,25000,Very High,4,1,1,1,No,Travel_Rarely,9,High,High,Medium,Very High,3,19,3,6,4,0,1,Single,No,2021-09-04
EMP11855,55,Female,Master's,Marketing,Marketing Specialist,2,24534,Very High,26,9,1,4,No,Travel_Rarely,17,High,Medium,High,Low,3,17,3,2,1,0,1,Single,No,2014-09-18
EMP11856,40,Female,Master's,Sales,Manager,3,25000,Very High,18,9,6,2,No,Travel_Rarely,2,Medium,Medium,Very High,High,3,16,0,4,0,6,4,Single,No,2014-11-13
EMP11857,27,Female,Bachelor's,It,IT Support,3,9398,High,1,1,1,1,No,Travel_Rarely,23,Very High,Low,Very High,High,3,24,3,4,0,6,2,Single,Yes,2018-12-02
EMP11858,24,Female,Master's,Research & Development,Manager,2,25000,Very High,0,0,0,0,No,Travel_Rarely,20,High,Very High,High,High,3,22,3,2,4,3,15,Divorced,No,2013-10-13
EMP11859,45,Female,Bachelor's,It,Data Analyst,2,12907,High,25,2,2,0,No,Travel_Frequently,30,Medium,Low,High,Low,3,10,2,1,4,11,3,Married,No,2024-11-24
EMP11860,35,Female,Bachelor's,Finance,Accountant,2,18420,Very High,11,2,2,2,No,Travel_Rarely,13,Medium,Low,Very High,Medium,3,25,3,6,1,4,14,Married,No,2010-09-11
EMP11861,55,Female,Bachelor's,It,Software Engineer,3,25000,Very High,23,0,0,0,No,Non-Travel,26,High,High,Very High,Low,4,15,0,3,2,11,16,Single,No,2021-08-27
EMP11862,47,Female,Master's,Finance,Financial Analyst,2,22948,Very High,17,9,4,9,No,Travel_Rarely,30,High,High,High,Low,3,10,3,4,0,4,10,Married,No,2023-07-13
EMP11863,48,Female,Bachelor's,Sales,Manager,2,15015,Very High,19,0,0,0,Yes,Non-Travel,17,Low,Medium,High,High,3,22,2,6,4,6,3,Single,No,2010-01-27
EMP11864,31,Male,Master's,Research & Development,Manager,2,22089,Very High,5,5,1,2,No,Travel_Frequently,21,High,High,High,High,3,13,0,6,3,11,3,Married,No,2017-03-03
EMP11865,56,Male,High School,Marketing,Marketing Executive,3,11057,High,31,4,4,0,No,Travel_Rarely,20,High,Very High,High,High,3,19,2,1,4,2,3,Single,No,2016-07-31
EMP11866,49,Male,High School,Marketing,Marketing Executive,3,25000,Very High,18,4,4,0,No,Travel_Frequently,6,High,High,High,Medium,3,25,3,3,4,4,18,Married,No,2012-09-13
EMP11867,42,Male,High School,Sales,Manager,1,20083,Very High,15,13,1,3,No,Travel_Rarely,29,Low,High,Medium,Low,3,12,3,6,0,6,1,Married,No,2014-06-02
EMP11868,35,Male,Master's,Sales,Manager,1,25000,Very High,8,0,0,0,No,Travel_Rarely,23,Medium,Low,High,High,3,16,3,2,4,11,15,Single,No,2019-09-05
EMP11869,33,Male,Bachelor's,Sales,Sales Representative,3,17380,Very High,12,7,6,4,No,Travel_Rarely,27,Very High,Medium,High,High,3,11,1,4,3,10,19,Divorced,No,2013-03-24
EMP11870,29,Female,Bachelor's,Finance,Accountant,3,17403,Very High,0,0,0,0,No,Travel_Rarely,19,Very High,High,High,Low,3,22,2,3,3,6,12,Married,No,2017-07-09
EMP11871,26,Female,Master's,It,IT Support,2,15617,Very High,0,0,0,0,No,Travel_Rarely,6,Medium,High,High,Very High,3,21,0,1,3,8,7,Single,No,2011-11-27
EMP11872,56,Male,Bachelor's,Sales,Sales Representative,2,25000,Very High,30,3,1,2,No,Travel_Rarely,2,Low,High,Medium,Medium,3,13,3,6,1,3,18,Married,No,2025-05-23
EMP11873,48,Male,Bachelor's,Research & Development,Research Scientist,4,16007,Very High,18,0,0,0,No,Travel_Frequently,28,Medium,High,High,High,3,24,1,3,3,0,1,Married,No,2022-02-10
EMP11874,22,Female,Bachelor's,It,Software Engineer,4,25000,Very High,0,0,0,0,No,Travel_Rarely,26,Medium,Medium,High,Low,3,25,1,2,0,4,16,Divorced,No,2025-11-11
EMP11875,34,Female,Bachelor's,Finance,Accountant,3,18544,Very High,9,4,3,0,No,Travel_Rarely,13,High,High,High,High,3,14,2,3,2,10,11,Single,No,2019-03-31
EMP11876,55,Female,Master's,Research & Development,Research Director,1,9053,High,24,0,0,0,Yes,Travel_Rarely,20,Very High,Medium,Very High,Very High,3,11,3,0,4,3,13,Married,No,2014-10-22
EMP11877,38,Female,Bachelor's,Human Resources,HR Specialist,3,17041,Very High,3,0,0,0,Yes,Travel_Rarely,30,Medium,Very High,High,Very High,3,25,2,4,4,2,11,Married,No,2023-03-17
EMP11878,32,Female,Bachelor's,Research & Development,Laboratory Technician,1,12957,High,12,5,5,5,No,Travel_Rarely,10,Low,Medium,Very High,Medium,3,18,3,1,4,6,12,Single,No,2011-10-19
EMP11879,40,Male,Master's,Sales,Sales Executive,4,22365,Very High,15,8,8,6,No,Travel_Rarely,29,Very High,Medium,Medium,Very High,3,11,3,5,3,8,9,Married,No,2022-04-01
EMP11880,56,Male,Master's,Research & Development,Research Director,1,12891,High,33,3,3,1,No,Travel_Frequently,9,Low,Medium,High,Medium,3,25,3,1,3,3,3,Single,No,2013-06-26
EMP11881,46,Female,Master's,Finance,Accountant,2,25000,Very High,19,4,3,1,No,Travel_Rarely,13,Very High,High,High,Very High,3,25,1,4,3,5,6,Single,No,2016-08-16
EMP11882,48,Male,Master's,It,Data Analyst,2,21142,Very High,24,8,1,3,Yes,Travel_Rarely,7,High,High,Medium,High,3,15,2,4,2,0,1,Married,Yes,2020-12-19
EMP11883,39,Female,Bachelor's,Human Resources,Manager,3,20335,Very High,18,5,0,5,No,Travel_Frequently,18,Very High,Medium,Medium,Medium,4,21,2,0,2,0,14,Married,No,2022-06-29
EMP11884,44,Male,Master's,It,Software Engineer,2,25000,Very High,17,1,0,1,No,Travel_Rarely,22,Medium,High,Medium,Very High,3,17,2,0,2,2,3,Single,No,2012-10-21
EMP11885,25,Female,Bachelor's,Sales,Sales Executive,1,25000,Very High,2,2,1,2,No,Travel_Rarely,14,Low,Medium,High,High,3,21,0,1,2,4,8,Married,No,2017-01-29
EMP11886,55,Male,Master's,Research & Development,Manager,3,21828,Very High,27,5,2,0,No,Travel_Rarely,4,Medium,Very High,Medium,Medium,3,16,0,5,2,5,5,Married,No,2014-09-28
EMP11887,21,Male,Bachelor's,Sales,Sales Representative,2,15568,Very High,0,0,0,0,No,Travel_Frequently,8,Medium,Low,High,Medium,3,23,1,3,4,8,16,Married,No,2011-09-20
EMP11888,41,Male,Bachelor's,Sales,Sales Executive,1,9914,High,17,5,2,3,No,Non-Travel,12,Medium,High,Medium,Very High,3,24,1,5,4,8,6,Married,No,2016-12-19
EMP11889,51,Female,Master's,Finance,Finance Manager,5,16176,Very High,29,17,2,0,Yes,Travel_Frequently,8,Very High,High,High,High,3,15,1,4,2,9,15,Married,No,2025-03-14
EMP11890,35,Male,Master's,Marketing,Marketing Executive,2,16685,Very High,16,1,1,1,No,Travel_Rarely,16,High,Medium,High,Medium,3,24,2,0,4,10,16,Married,No,2010-09-26
EMP11891,37,Female,Master's,Sales,Sales Executive,3,23114,Very High,5,5,1,1,No,Travel_Rarely,1,High,Very High,Medium,Medium,3,17,2,0,2,0,7,Married,No,2021-02-06
EMP11892,24,Female,Bachelor's,Research & Development,Research Director,2,18858,Very High,0,0,0,0,No,Travel_Frequently,24,Low,Medium,Medium,Medium,3,14,3,0,2,1,2,Married,No,2017-04-10
EMP11893,55,Female,Bachelor's,It,IT Support,3,25000,Very High,23,6,2,0,No,Travel_Rarely,10,High,Medium,Very High,Medium,3,19,2,3,2,10,20,Single,No,2013-12-03
EMP11894,49,Female,Bachelor's,Sales,Sales Representative,3,16717,Very High,22,1,1,1,Yes,Travel_Rarely,7,High,Medium,Very High,Low,3,18,1,6,4,11,19,Single,No,2010-02-24
EMP11895,38,Female,Bachelor's,Research & Development,Laboratory Technician,2,21468,Very High,15,2,2,2,No,Travel_Rarely,30,Medium,High,Medium,High,3,11,1,1,1,7,5,Single,Yes,2020-08-31
EMP11896,42,Male,Bachelor's,Finance,Financial Analyst,5,25000,Very High,16,7,3,0,No,Travel_Rarely,14,Very High,Very High,High,Low,3,15,3,5,1,4,17,Single,No,2019-12-12
EMP11897,53,Male,Bachelor's,Sales,Manager,2,25000,Very High,29,6,2,3,Yes,Travel_Rarely,17,Low,High,Very High,Low,3,21,0,6,1,2,10,Single,No,2016-09-23
EMP11898,32,Female,Bachelor's,Sales,Sales Executive,3,21439,Very High,5,0,0,0,No,Non-Travel,19,Medium,Very High,Very High,High,3,19,2,1,0,8,5,Single,No,2013-10-24
EMP11899,48,Female,Bachelor's,Research & Development,Manager,3,16800,Very High,20,4,4,1,No,Travel_Rarely,30,Low,Very High,Low,Low,3,21,2,0,1,1,12,Married,No,2022-07-22
EMP11900,55,Male,Master's,It,Manager,2,16565,Very High,34,0,0,0,No,Travel_Rarely,5,High,High,High,Very High,3,21,0,3,1,6,8,Married,No,2015-12-04
EMP11901,41,Female,Master's,Research & Development,Manager,2,15021,Very High,16,16,6,0,No,Travel_Rarely,19,High,High,High,Low,3,25,1,3,1,9,7,Married,No,2014-11-29
EMP11902,55,Male,High School,Sales,Manager,4,17267,Very High,26,11,10,3,Yes,Travel_Frequently,3,Medium,Medium,Medium,High,3,20,1,1,3,7,12,Married,No,2016-05-30
EMP11903,28,Male,Bachelor's,It,Software Engineer,1,25000,Very High,0,0,0,0,No,Travel_Rarely,1,Low,High,Very High,High,3,16,1,4,2,11,13,Single,No,2018-04-06
EMP11904,58,Male,High School,Sales,Sales Representative,1,19933,Very High,30,10,3,1,No,Travel_Rarely,8,Low,Low,High,Medium,4,25,2,0,4,1,0,Married,No,2011-04-12
EMP11905,38,Male,High School,Finance,Financial Analyst,2,11999,High,15,13,6,5,No,Travel_Frequently,9,Low,High,High,Very High,3,18,0,3,3,0,4,Married,No,2016-11-17
EMP11906,57,Male,Master's,Sales,Sales Representative,1,25000,Very High,39,2,1,2,No,Travel_Rarely,5,Medium,Very High,Medium,High,3,14,0,4,2,2,5,Single,No,2021-07-05
EMP11907,25,Male,Master's,Marketing,Manager,4,25000,Very High,0,0,0,0,No,Travel_Rarely,1,Medium,High,Medium,Medium,3,15,1,2,1,7,8,Single,Yes,2011-07-19
EMP11908,34,Female,Master's,Research & Development,Manager,1,11695,High,8,3,3,3,Yes,Travel_Rarely,17,Medium,High,Low,Very High,4,18,2,5,1,3,19,Married,No,2019-08-01
EMP11909,39,Male,Bachelor's,Research & Development,Manager,1,18055,Very High,15,5,2,1,No,Travel_Frequently,25,Very High,Very High,Very High,Very High,3,19,0,0,3,4,12,Single,No,2016-08-27
EMP11910,28,Male,Master's,Sales,Sales Representative,3,23153,Very High,3,2,2,2,No,Travel_Frequently,14,High,High,Medium,High,3,15,2,5,4,8,0,Married,No,2017-10-09
EMP11911,51,Male,Bachelor's,Research & Development,Manager,1,25000,Very High,30,2,2,0,No,Travel_Rarely,17,High,High,Medium,Medium,3,23,3,2,3,3,5,Married,Yes,2025-06-30
EMP11912,23,Male,Bachelor's,It,IT Support,2,13378,High,0,0,0,0,Unknown,Travel_Frequently,9,Low,High,Medium,High,3,20,1,1,3,11,6,Married,No,2024-12-19
EMP11913,37,Male,Bachelor's,Marketing,Marketing Specialist,3,25000,Very High,12,1,1,1,Yes,Travel_Frequently,3,Medium,Low,Medium,High,3,21,1,1,2,8,9,Single,No,2021-08-26
EMP11914,24,Male,Master's,Research & Development,Laboratory Technician,3,25000,Very High,2,2,2,2,Yes,Travel_Rarely,3,Medium,Medium,High,Medium,3,10,3,5,0,5,3,Married,No,2016-09-03
EMP11915,39,Male,Bachelor's,Research & Development,Research Director,3,16599,Very High,10,2,2,1,Yes,Travel_Rarely,13,Medium,High,High,High,3,13,0,1,4,11,17,Single,Yes,2014-11-30
EMP11916,42,Female,Bachelor's,Finance,Financial Analyst,1,19441,Very High,15,3,1,3,No,Travel_Rarely,20,Low,High,Very High,High,4,13,1,6,4,6,15,Divorced,No,2018-06-02
EMP11917,30,Male,Master's,It,Manager,1,13817,High,7,7,2,0,No,Non-Travel,5,Very High,High,High,High,3,12,0,5,3,7,18,Single,No,2021-04-21
EMP11918,56,Male,High School,Human Resources,HR Executive,1,20099,Very High,37,3,3,1,No,Travel_Rarely,6,Very High,Medium,High,High,3,23,1,3,3,9,10,Single,No,2018-02-27
EMP11919,41,Male,High School,Research & Development,Research Scientist,1,21667,Very High,13,4,4,1,Yes,Travel_Rarely,14,Low,High,High,Very High,3,17,3,3,1,9,16,Single,No,2012-04-11
EMP11920,23,Male,Bachelor's,Research & Development,Research Scientist,2,25000,Very High,0,0,0,0,Yes,Travel_Rarely,6,Medium,High,High,Very High,3,15,3,4,3,0,1,Single,No,2010-10-09
EMP11921,48,Female,High School,Finance,Finance Manager,2,25000,Very High,25,11,6,4,No,Travel_Rarely,26,Very High,Very High,High,High,3,16,0,2,2,8,6,Single,Yes,2018-11-22
EMP11922,53,Male,Master's,Sales,Manager,2,15730,Very High,24,1,1,1,No,Travel_Frequently,29,Low,Medium,High,Low,4,25,1,1,1,1,8,Married,No,2020-01-06
EMP11923,32,Male,Bachelor's,Human Resources,Manager,1,9088,High,4,3,3,3,No,Travel_Rarely,29,High,Medium,High,Very High,3,18,1,1,0,2,13,Married,No,2019-12-07
EMP11924,28,Male,Bachelor's,Research & Development,Research Scientist,2,21817,Very High,1,1,1,1,No,Non-Travel,25,Very High,High,Low,Low,3,17,2,3,2,0,16,Married,No,2010-05-19
EMP11925,50,Male,Bachelor's,It,Software Engineer,1,25000,Very High,20,2,1,0,No,Travel_Rarely,17,Very High,High,High,Medium,3,12,2,3,4,9,14,Divorced,No,2022-06-15
EMP11926,26,Male,Master's,Sales,Manager,1,24643,Very High,0,0,0,0,Yes,Travel_Rarely,9,Medium,High,Low,High,3,24,1,3,4,10,6,Single,No,2013-06-04
EMP11927,23,Female,Bachelor's,Human Resources,Manager,2,19015,Very High,3,1,1,1,Yes,Non-Travel,4,Low,Very High,Medium,High,3,13,0,0,2,2,6,Single,No,2016-07-25
EMP11928,38,Male,Master's,Research & Development,Laboratory Technician,2,23298,Very High,8,1,0,1,Yes,Travel_Rarely,23,Medium,Medium,Medium,High,3,10,3,2,3,1,13,Married,Yes,2011-06-15
EMP11929,49,Male,Bachelor's,Human Resources,Manager,3,25000,Very High,23,7,0,3,Yes,Travel_Rarely,15,Very High,Medium,High,High,3,23,1,2,3,6,8,Single,Yes,2014-09-30
EMP11930,50,Female,Bachelor's,Sales,Manager,3,25000,Very High,30,7,1,1,Yes,Non-Travel,22,Very High,Medium,Medium,Very High,4,13,2,0,3,6,8,Single,No,2013-08-28
EMP11931,54,Female,PhD,Human Resources,HR Specialist,3,18620,Very High,30,17,3,0,No,Travel_Rarely,25,High,Very High,Medium,Very High,3,21,3,1,4,5,16,Married,No,2020-02-20
EMP11932,40,Female,Bachelor's,Research & Development,Laboratory Technician,2,17587,Very High,9,7,6,0,No,Travel_Rarely,18,High,Low,Medium,High,4,18,0,5,2,9,20,Single,No,2010-04-19
EMP11933,50,Male,Bachelor's,Research & Development,Manager,1,20406,Very High,23,1,1,1,No,Travel_Rarely,15,High,Low,Medium,High,3,14,1,6,3,11,1,Married,No,2011-12-24
EMP11934,38,Male,Bachelor's,Human Resources,HR Specialist,1,25000,Very High,11,0,0,0,No,Travel_Rarely,27,High,Medium,Very High,High,3,12,1,6,1,10,11,Single,No,2011-05-14
EMP11935,50,Male,Bachelor's,Finance,Accountant,3,20283,Very High,24,21,1,0,No,Travel_Frequently,18,High,High,High,Medium,3,11,3,5,4,3,15,Divorced,No,2015-10-06
EMP11936,51,Female,Bachelor's,It,Manager,1,21831,Very High,19,2,1,2,No,Non-Travel,7,High,High,High,High,3,15,3,4,2,11,1,Single,No,2013-01-23
EMP11937,21,Female,PhD,Sales,Manager,2,17729,Very High,0,0,0,0,No,Travel_Rarely,15,High,Medium,High,Very High,3,13,2,4,2,2,14,Married,No,2022-12-13
EMP11938,29,Male,Master's,It,Manager,1,25000,Very High,8,8,2,7,No,Travel_Frequently,28,Medium,Medium,Very High,Very High,3,15,0,1,2,6,5,Married,No,2014-02-24
EMP11939,21,Female,Bachelor's,Research & Development,Manager,1,25000,Very High,0,0,0,0,No,Non-Travel,25,High,Medium,High,High,3,12,3,4,2,10,10,Single,No,2016-01-02
EMP11940,21,Female,Bachelor's,Sales,Manager,3,25000,Very High,0,0,0,0,No,Travel_Rarely,5,Medium,High,Medium,Very High,3,12,0,3,0,2,16,Single,No,2017-10-01
EMP11941,43,Male,Master's,Sales,Sales Representative,1,22862,Very High,15,11,6,11,Yes,Travel_Rarely,23,Medium,Medium,High,High,3,10,0,2,1,8,3,Married,No,2023-11-10
EMP11942,36,Female,Bachelor's,Research & Development,Research Director,2,22394,Very High,14,14,12,1,No,Travel_Rarely,11,High,High,High,Very High,4,18,1,5,0,9,18,Married,No,2019-08-19
EMP11943,51,Female,Master's,It,Data Analyst,1,7533,Medium,29,0,0,0,Yes,Non-Travel,24,Unknown,High,High,Very High,3,16,3,3,3,7,4,Married,No,2016-08-22
EMP11944,35,Male,Master's,Finance,Finance Manager,2,25000,Very High,9,9,0,1,No,Non-Travel,14,Very High,Very High,High,High,4,18,3,4,0,6,11,Married,No,2010-09-26
EMP11945,35,Female,Master's,It,Manager,3,23397,Very High,4,2,2,2,No,Travel_Rarely,8,Unknown,Medium,High,Medium,4,20,2,4,0,1,18,Divorced,No,2010-12-03
EMP11946,58,Male,Master's,Research & Development,Research Scientist,2,25000,Very High,36,4,1,0,Yes,Travel_Frequently,4,High,Medium,High,Very High,3,10,1,2,4,9,0,Married,No,2024-02-04
EMP11947,50,Female,Master's,Research & Development,Research Scientist,3,15992,Very High,22,12,1,0,Yes,Travel_Rarely,10,Medium,Medium,Medium,Medium,3,17,3,6,2,2,10,Single,No,2020-06-21
EMP11948,43,Female,PhD,Sales,Manager,1,18527,Very High,17,17,2,9,Yes,Travel_Rarely,7,Very High,High,Very High,High,3,11,3,5,0,7,5,Married,No,2024-06-11
EMP11949,20,Male,Bachelor's,Research & Development,Laboratory Technician,2,18307,Very High,0,0,0,0,No,Non-Travel,1,Low,High,Low,High,3,12,2,6,2,11,3,Single,No,2019-08-12
EMP11950,30,Male,Master's,Research & Development,Manager,3,25000,Very High,5,1,1,1,Unknown,Travel_Rarely,20,High,High,Very High,Medium,3,10,2,3,1,10,16,Married,No,2020-06-21
EMP11951,40,Female,High School,Sales,Sales Representative,4,18575,Very High,10,0,0,0,No,Travel_Rarely,12,High,Very High,High,Low,3,16,0,2,0,2,11,Single,No,2013-04-06
EMP11952,23,Male,Bachelor's,Sales,Manager,1,25000,Very High,0,0,0,0,Yes,Travel_Rarely,13,Medium,High,High,High,4,21,1,5,4,7,9,Married,No,2021-11-05
EMP11953,26,Male,High School,Human Resources,Manager,1,25000,Very High,1,0,0,0,No,Travel_Rarely,16,Very High,Medium,Medium,Very High,4,20,0,4,4,3,13,Married,No,2024-08-26
EMP11954,45,Male,Master's,Finance,Financial Analyst,1,12406,High,17,3,1,3,No,Travel_Rarely,14,Very High,High,Medium,Very High,3,14,2,6,3,4,6,Married,Yes,2010-12-19
EMP11955,31,Female,Bachelor's,Marketing,Marketing Specialist,1,20788,Very High,4,0,0,0,Yes,Travel_Rarely,13,Medium,Medium,High,High,4,22,3,5,0,8,10,Married,No,2017-01-05
EMP11956,50,Female,Master's,Marketing,Manager,1,16428,Very High,21,3,3,3,Yes,Non-Travel,5,Low,High,Medium,Very High,3,20,3,2,1,10,2,Married,No,2010-07-24
EMP11957,36,Male,Master's,Human Resources,HR Specialist,1,8205,High,4,0,0,0,No,Non-Travel,14,Medium,Very High,Medium,Very High,4,12,2,2,2,9,7,Divorced,No,2019-02-12
EMP11958,52,Female,High School,Research & Development,Research Director,2,25000,Very High,21,9,1,2,Yes,Travel_Rarely,26,Medium,High,Medium,Low,3,22,0,4,0,1,19,Married,No,2014-11-22
EMP11959,30,Male,Master's,Human Resources,HR Executive,4,25000,Very High,2,1,1,1,No,Travel_Rarely,13,Unknown,Very High,High,Medium,3,13,0,6,3,11,4,Married,No,2016-08-28
EMP11960,47,Female,Master's,It,Data Analyst,1,25000,Very High,26,2,0,2,Yes,Travel_Rarely,14,Very High,High,Medium,Medium,3,21,2,2,4,2,3,Single,No,2019-05-22
EMP11961,51,Female,Master's,Sales,Sales Executive,5,23728,Very High,20,10,9,7,No,Travel_Rarely,12,Low,Medium,High,Medium,3,21,3,3,0,11,12,Single,No,2016-06-30
EMP11962,20,Male,High School,Research & Development,Research Scientist,3,11826,High,0,0,0,0,No,Travel_Rarely,23,Medium,Very High,Very High,High,3,19,1,6,3,11,3,Single,Yes,2015-10-19
EMP11963,47,Male,Master's,It,Data Analyst,4,17719,Very High,24,1,1,1,No,Travel_Rarely,28,High,Medium,Very High,High,4,15,0,4,1,0,5,Married,No,2011-07-16
EMP11964,26,Male,Master's,Research & Development,Research Director,4,25000,Very High,7,0,0,0,No,Travel_Rarely,22,Low,Very High,Very High,Very High,3,15,1,2,2,7,1,Married,No,2015-03-03
EMP11965,21,Male,Bachelor's,Human Resources,HR Executive,3,13725,High,0,0,0,0,No,Travel_Rarely,20,Medium,Very High,High,High,3,24,3,1,1,11,4,Single,No,2021-09-11
EMP11966,43,Female,Bachelor's,Human Resources,HR Specialist,3,7049,Medium,22,2,2,0,Yes,Travel_Rarely,15,Unknown,High,Medium,High,3,11,2,3,1,10,14,Single,No,2011-12-22
EMP11967,23,Male,Bachelor's,Sales,Sales Representative,2,19887,Very High,2,2,0,2,No,Travel_Rarely,19,High,Low,Medium,Medium,3,16,0,3,2,8,7,Divorced,No,2011-01-28
EMP11968,38,Female,Master's,Research & Development,Research Scientist,2,20665,Very High,16,3,2,1,No,Travel_Frequently,11,High,Very High,Medium,High,3,21,0,3,0,9,1,Married,No,2010-09-02
EMP11969,45,Female,Bachelor's,Research & Development,Research Scientist,4,23412,Very High,17,2,0,2,No,Travel_Frequently,30,High,High,Medium,High,4,22,3,5,2,8,20,Single,No,2018-09-29
EMP11970,30,Female,Bachelor's,Sales,Manager,2,25000,Very High,0,0,0,0,No,Travel_Rarely,22,Low,High,High,Medium,3,11,2,0,3,2,4,Single,No,2018-11-14
EMP11971,59,Male,Master's,Sales,Manager,1,25000,Very High,24,7,3,7,Yes,Travel_Frequently,26,High,High,Very High,Very High,3,18,0,4,1,4,8,Single,No,2023-10-11
EMP11972,30,Female,High School,It,Software Engineer,3,24747,Very High,7,7,4,0,No,Travel_Rarely,15,High,High,High,High,3,23,3,0,2,8,7,Married,No,2010-05-10
EMP11973,22,Female,Master's,Sales,Sales Executive,2,25000,Very High,0,0,0,0,No,Travel_Rarely,30,Very High,Medium,Very High,Medium,3,11,0,2,4,4,13,Single,No,2020-11-17
EMP11974,31,Female,Bachelor's,Research & Development,Laboratory Technician,3,11120,High,12,4,4,4,No,Travel_Frequently,29,Medium,High,Medium,High,3,14,1,4,2,0,15,Married,No,2014-08-10
EMP11975,22,Female,Bachelor's,Sales,Sales Representative,1,25000,Very High,0,0,0,0,No,Travel_Rarely,28,Very High,Low,High,Medium,3,25,0,5,2,0,1,Single,No,2022-11-18
EMP11976,46,Male,Bachelor's,Marketing,Marketing Specialist,2,25000,Very High,24,3,2,3,Yes,Travel_Rarely,21,Very High,High,High,Very High,3,17,3,3,3,3,2,Married,No,2018-06-18
EMP11977,21,Male,Master's,Sales,Sales Executive,1,12609,High,0,0,0,0,No,Travel_Rarely,30,Medium,High,High,High,3,17,1,3,1,6,3,Married,No,2023-01-21
EMP11978,35,Female,Master's,Research & Development,Research Scientist,4,11200,High,14,2,2,2,No,Non-Travel,12,Medium,High,Medium,Very High,3,22,0,5,3,6,14,Married,No,2022-08-05
EMP11979,21,Female,Master's,It,IT Support,1,15746,Very High,0,0,0,0,No,Travel_Rarely,19,Very High,Medium,High,Medium,3,20,0,6,3,6,4,Married,No,2023-04-07
EMP11980,49,Female,Master's,It,IT Support,3,16355,Very High,18,5,1,2,No,Travel_Frequently,16,High,Low,High,Very High,4,22,2,3,4,5,14,Married,No,2015-01-27
EMP11981,39,Male,Bachelor's,Sales,Manager,1,25000,Very High,21,14,0,3,No,Non-Travel,4,Very High,High,Very High,High,3,24,2,3,3,0,17,Single,No,2017-02-02
EMP11982,57,Female,Bachelor's,It,Data Analyst,1,16705,Very High,26,7,2,1,Yes,Travel_Rarely,18,High,High,Medium,Low,3,13,0,2,3,10,12,Divorced,No,2024-05-03
EMP11983,47,Male,Bachelor's,Research & Development,Research Scientist,1,14983,High,25,1,1,1,No,Travel_Rarely,9,High,High,Very High,Medium,3,16,1,6,4,2,10,Single,No,2015-04-22
EMP11984,44,Male,Master's,Research & Development,Research Director,1,16727,Very High,22,1,0,1,No,Travel_Rarely,16,Low,High,Medium,Medium,3,17,2,6,0,4,9,Married,No,2023-09-03
EMP11985,51,Male,Master's,Sales,Sales Executive,2,25000,Very High,33,3,3,1,No,Travel_Rarely,7,Medium,High,Medium,High,3,25,2,1,3,11,3,Single,No,2012-06-20
EMP11986,29,Male,Bachelor's,Sales,Sales Executive,1,22156,Very High,10,1,1,1,No,Travel_Rarely,28,Very High,Very High,High,Medium,3,25,2,5,2,3,19,Single,No,2013-09-18
EMP11987,59,Male,Master's,Finance,Financial Analyst,2,20320,Very High,28,3,1,3,No,Travel_Frequently,30,Medium,Medium,High,High,3,17,3,4,3,10,4,Married,No,2013-09-25
EMP11988,52,Female,PhD,Research & Development,Manager,1,20963,Very High,29,3,1,3,Yes,Travel_Rarely,26,Low,Medium,Medium,High,3,14,0,6,1,3,0,Single,No,2012-06-13
EMP11989,32,Female,Bachelor's,Research & Development,Laboratory Technician,3,25000,Very High,3,3,3,0,Yes,Non-Travel,19,High,Medium,Very High,High,3,19,1,1,2,8,12,Married,No,2023-06-25
EMP11990,60,Female,Master's,Finance,Accountant,1,15723,Very High,31,3,3,1,No,Travel_Rarely,24,High,Low,High,High,3,11,1,5,2,6,13,Single,No,2019-07-19
EMP11991,56,Female,Bachelor's,It,Manager,2,25000,Very High,30,8,0,1,No,Travel_Frequently,24,Medium,Very High,Medium,High,4,11,0,4,0,8,15,Married,No,2019-12-24
EMP11992,35,Male,Master's,Sales,Manager,2,24215,Very High,7,7,2,1,No,Travel_Rarely,11,Medium,Very High,High,Medium,3,14,2,5,1,6,12,Single,No,2015-05-28
EMP11993,41,Female,Bachelor's,Human Resources,Manager,4,20492,Very High,17,10,3,1,No,Travel_Rarely,17,Medium,High,High,High,3,25,1,3,1,9,14,Single,No,2013-01-23
EMP11994,39,Female,Bachelor's,Sales,Manager,3,25000,Very High,16,1,1,1,No,Travel_Frequently,30,Low,Medium,Low,Medium,3,25,3,5,1,2,8,Single,No,2014-10-09
EMP11995,46,Female,High School,It,IT Support,4,13697,High,18,3,3,2,No,Travel_Rarely,21,High,Medium,High,High,3,13,3,6,3,10,2,Married,No,2021-11-15
EMP11996,60,Female,PhD,Finance,Accountant,1,18786,Very High,40,2,2,2,No,Travel_Rarely,5,Medium,High,Medium,High,3,23,1,0,3,9,1,Single,No,2018-06-16
EMP11997,35,Male,Master's,Marketing,Manager,3,12650,High,7,3,3,3,No,Travel_Rarely,12,Very High,High,Very High,Medium,3,13,3,6,2,3,11,Married,No,2017-08-28
EMP11998,53,Male,High School,Sales,Sales Representative,3,25000,Very High,29,2,1,0,No,Travel_Rarely,19,High,Very High,Medium,High,3,12,0,2,0,8,17,Married,No,2016-09-28
EMP11999,51,Male,PhD,Sales,Manager,4,25000,Very High,28,9,4,2,No,Travel_Frequently,2,High,Medium,High,Low,3,18,3,4,3,0,3,Single,No,2016-03-18
EMP12000,45,Female,Master's,Sales,Manager,1,25000,Very High,23,3,3,3,No,Non-Travel,1,Medium,Medium,High,High,3,17,3,3,3,2,19,Divorced,No,2023-03-04
EMP12001,44,Male,Master's,Sales,Sales Representative,4,25000,Very High,13,4,1,2,No,Travel_Rarely,29,High,Very High,Medium,High,3,25,1,0,0,10,14,Single,No,2024-02-16
EMP12002,21,Female,High School,Sales,Sales Representative,2,20152,Very High,0,0,0,0,Yes,Travel_Rarely,4,Medium,Very High,High,Medium,3,13,3,3,1,3,0,Married,No,2014-03-24
EMP12003,31,Male,Bachelor's,Marketing,Marketing Specialist,2,18688,Very High,0,0,0,0,No,Travel_Rarely,28,Medium,Very High,Medium,High,3,16,1,6,2,3,7,Married,No,2016-02-18
EMP12004,59,Female,Master's,Sales,Sales Representative,2,10384,High,37,3,1,1,No,Non-Travel,11,High,Medium,High,Very High,3,17,2,2,3,6,16,Single,No,2011-03-01
EMP12005,28,Male,Bachelor's,Sales,Sales Executive,2,25000,Very High,10,7,7,3,Yes,Non-Travel,26,Medium,Very High,High,Medium,3,23,2,6,0,10,4,Married,No,2016-11-08
EMP12006,31,Male,Bachelor's,It,IT Support,2,25000,Very High,11,1,0,1,No,Travel_Rarely,18,High,Medium,Medium,Medium,3,25,3,6,0,3,6,Married,No,2017-10-29
EMP12007,45,Male,Bachelor's,Research & Development,Research Director,2,17652,Very High,19,5,1,1,No,Travel_Rarely,21,Low,Medium,High,Medium,3,15,2,0,1,9,2,Single,No,2019-01-10
EMP12008,28,Female,Bachelor's,It,Data Analyst,3,25000,Very High,2,1,1,1,No,Travel_Rarely,28,Low,High,High,Medium,3,11,1,5,4,7,5,Single,No,2020-05-29
EMP12009,29,Male,Bachelor's,Sales,Manager,2,14218,High,7,7,2,7,No,Travel_Rarely,27,Very High,Very High,High,High,3,17,2,4,4,0,12,Married,No,2014-03-18
EMP12010,51,Female,PhD,Research & Development,Research Director,2,25000,Very High,29,2,2,2,Yes,Travel_Rarely,16,High,Low,Very High,High,3,12,0,5,4,2,15,Single,Yes,2019-04-11
EMP12011,53,Male,Bachelor's,Sales,Sales Executive,1,20380,Very High,31,2,1,2,No,Travel_Frequently,10,High,High,High,Low,3,23,2,4,4,9,16,Married,No,2013-04-15
EMP12012,39,Female,Bachelor's,Sales,Sales Executive,4,25000,Very High,9,5,0,1,No,Travel_Rarely,12,High,High,High,Low,3,13,2,6,3,9,5,Single,No,2013-07-18
EMP12013,58,Male,Bachelor's,Marketing,Marketing Executive,2,21405,Very High,33,1,1,0,Yes,Travel_Rarely,2,Medium,High,High,High,4,13,1,5,0,5,4,Married,No,2023-08-29
EMP12014,21,Female,Master's,Sales,Manager,1,11465,High,0,0,0,0,Yes,Travel_Rarely,1,High,Medium,High,High,3,16,2,4,2,2,17,Single,No,2011-03-10
EMP12015,20,Male,Master's,Research & Development,Manager,3,22788,Very High,0,0,0,0,No,Travel_Frequently,10,Low,Low,Medium,Low,3,17,3,4,3,7,3,Divorced,No,2017-08-27
EMP12016,55,Female,Master's,Research & Development,Manager,1,25000,Very High,34,2,2,1,Yes,Travel_Rarely,10,High,Very High,High,Medium,4,18,0,0,4,6,11,Married,Yes,2015-05-20
EMP12017,43,Male,High School,Research & Development,Research Director,1,21739,Very High,15,4,2,0,No,Travel_Rarely,28,High,High,Medium,High,3,10,2,2,2,4,15,Married,No,2025-06-04
EMP12018,46,Female,Bachelor's,It,IT Support,2,25000,Very High,15,5,1,2,No,Travel_Rarely,26,Very High,High,Medium,High,3,10,2,0,2,1,10,Single,No,2011-10-31
EMP12019,21,Female,Master's,Sales,Sales Representative,2,13760,High,0,0,0,0,No,Travel_Frequently,10,High,Medium,High,Low,3,21,3,4,4,10,10,Married,No,2015-03-29
EMP12020,50,Male,Master's,Finance,Accountant,1,21768,Very High,29,5,0,5,No,Travel_Rarely,25,Low,Low,Medium,Very High,4,23,0,2,2,4,5,Single,No,2022-03-25
EMP12021,33,Male,Master's,Marketing,Marketing Specialist,1,16630,Very High,11,2,1,2,No,Travel_Frequently,2,High,Medium,Low,High,3,16,0,1,3,8,15,Single,Yes,2013-01-23
EMP12022,21,Female,High School,Research & Development,Laboratory Technician,4,25000,Very High,0,0,0,0,Yes,Travel_Rarely,26,Low,Low,Medium,High,3,13,2,1,1,10,5,Single,No,2024-07-14
EMP12023,48,Female,Bachelor's,Marketing,Manager,1,22341,Very High,21,7,1,1,No,Travel_Rarely,20,Medium,Low,Very High,Very High,3,19,1,6,3,4,8,Divorced,No,2023-08-01
EMP12024,34,Male,High School,Sales,Sales Executive,1,25000,Very High,7,7,2,2,No,Non-Travel,3,Low,Medium,Low,Low,3,17,0,5,3,11,17,Married,No,2021-07-19
EMP12025,31,Male,Master's,Research & Development,Manager,5,25000,Very High,4,1,1,1,No,Travel_Rarely,1,High,High,Medium,High,3,14,0,0,1,2,0,Single,No,2023-07-01
EMP12026,56,Male,High School,Sales,Manager,1,25000,Very High,38,3,2,3,No,Travel_Rarely,24,Low,High,High,High,4,10,1,4,4,6,17,Married,No,2018-07-13
EMP12027,47,Male,Bachelor's,Finance,Accountant,2,24907,Very High,24,3,1,2,No,Travel_Rarely,18,Medium,High,Very High,Low,3,11,0,5,4,11,18,Married,No,2016-04-26
EMP12028,39,Male,Bachelor's,Marketing,Marketing Specialist,1,14056,High,8,4,4,2,Yes,Non-Travel,11,Very High,Very High,High,High,3,19,0,1,1,2,8,Married,No,2017-10-25
EMP12029,58,Female,Bachelor's,Sales,Sales Representative,2,21999,Very High,30,5,1,5,No,Travel_Rarely,24,High,High,Very High,Medium,4,23,1,1,3,7,13,Married,No,2021-01-16
EMP12030,43,Male,Bachelor's,Finance,Accountant,2,17329,Very High,17,0,0,0,No,Travel_Rarely,12,Low,Low,Very High,High,3,12,2,6,0,4,11,Single,No,2022-09-27
EMP12031,40,Female,Bachelor's,Sales,Sales Executive,4,18867,Very High,16,6,6,3,No,Travel_Rarely,1,Medium,Medium,High,Medium,3,11,1,3,2,4,9,Single,No,2013-07-11
EMP12032,29,Female,Master's,Research & Development,Research Director,2,18610,Very High,0,0,0,0,Yes,Travel_Rarely,6,High,Low,Medium,High,3,18,3,3,2,5,8,Married,No,2015-01-16
EMP12033,33,Male,Bachelor's,Research & Development,Research Scientist,2,14172,High,13,3,3,0,Yes,Travel_Rarely,16,Very High,High,High,Very High,3,22,3,5,2,10,11,Divorced,No,2022-09-18
EMP12034,56,Female,Bachelor's,Marketing,Marketing Executive,4,9129,High,28,9,3,2,Yes,Travel_Rarely,20,Low,Low,High,Very High,3,16,2,6,0,9,4,Married,No,2015-02-05
EMP12035,37,Female,Bachelor's,Human Resources,Manager,5,16307,Very High,16,3,2,3,No,Travel_Rarely,3,High,Low,Low,High,3,25,3,5,3,5,18,Single,No,2018-03-04
EMP12036,43,Male,Bachelor's,Research & Development,Research Director,1,24029,Very High,18,1,1,1,No,Travel_Rarely,17,High,Low,Very High,Medium,3,11,3,2,4,2,9,Married,No,2024-01-17
EMP12037,33,Male,Master's,Sales,Manager,3,12008,High,14,14,0,1,No,Travel_Frequently,26,High,Very High,High,Very High,3,16,0,2,1,10,1,Single,No,2012-03-14
EMP12038,53,Female,Bachelor's,Sales,Unknown,2,22182,Very High,29,11,6,3,No,Travel_Frequently,16,Very High,High,Very High,High,3,21,0,4,2,6,5,Single,No,2015-02-03
EMP12039,31,Female,Master's,Sales,Sales Representative,2,25000,Very High,1,1,1,1,Yes,Non-Travel,11,High,Medium,High,High,3,21,2,1,0,8,4,Single,No,2021-06-30
EMP12040,41,Male,Bachelor's,Sales,Sales Executive,2,25000,Very High,12,3,3,2,No,Travel_Rarely,16,Very High,Medium,Medium,High,4,19,3,0,1,11,0,Single,No,2018-02-05
EMP12041,25,Male,Master's,It,Software Engineer,2,25000,Very High,7,1,0,1,No,Travel_Rarely,12,Medium,Low,Very High,Medium,3,10,3,0,3,0,17,Single,No,2024-04-27
EMP12042,55,Male,Bachelor's,Research & Development,Unknown,1,25000,Very High,28,14,6,3,No,Travel_Frequently,1,High,Medium,High,High,3,23,1,3,0,3,14,Married,No,2022-09-03
EMP12043,55,Male,Bachelor's,Research & Development,Manager,2,25000,Very High,29,4,0,3,No,Travel_Rarely,11,High,Medium,High,Medium,3,23,0,6,0,3,1,Single,No,2011-05-16
EMP12044,41,Male,Master's,Sales,Sales Representative,2,15902,Very High,15,10,4,2,No,Travel_Rarely,23,Medium,Medium,Very High,Medium,3,14,1,6,1,0,20,Single,No,2013-05-13
EMP12045,33,Female,Bachelor's,It,Software Engineer,1,16482,Very High,8,2,2,1,No,Travel_Frequently,6,High,High,Medium,High,3,14,3,6,1,5,14,Single,Yes,2010-04-07
EMP12046,72,Female,Bachelor's,Finance,Financial Analyst,2,6421,Medium,18,2,2,1,Yes,Travel_Rarely,19,Medium,Medium,High,Very High,3,18,2,2,2,1,10,Married,No,2023-06-19
EMP12047,55,Male,Master's,Sales,Unknown,5,25000,Very High,26,21,3,1,No,Travel_Rarely,12,Low,Very High,Low,High,3,13,3,4,3,10,12,Married,Yes,2020-08-20
EMP12048,44,Female,High School,Finance,Finance Manager,3,25000,Very High,14,4,1,2,Yes,Travel_Rarely,28,Medium,Medium,Very High,Medium,3,13,2,6,1,10,19,Married,No,2019-12-18
EMP12049,51,Male,Bachelor's,Research & Development,Research Scientist,2,17173,Very High,28,1,1,1,No,Travel_Frequently,2,High,Very High,High,Low,3,15,2,3,2,5,14,Divorced,No,2022-10-02
EMP12050,52,Male,Master's,Sales,Sales Representative,4,19648,Very High,26,1,1,1,Yes,Travel_Rarely,10,Very High,High,Medium,High,4,24,1,3,2,0,9,Married,No,2016-12-18
EMP12051,55,Male,PhD,Research & Development,Laboratory Technician,2,15690,Very High,29,3,2,3,No,Travel_Frequently,19,Medium,Very High,Low,High,3,23,3,4,1,9,16,Single,Yes,2013-10-19
EMP12052,39,Male,Master's,Research & Development,Research Director,1,25000,Very High,12,0,0,0,No,Travel_Rarely,15,High,High,Medium,Low,3,20,1,4,0,4,4,Married,No,2020-12-21
EMP12053,37,Male,Bachelor's,Sales,Manager,2,25000,Very High,6,3,0,0,No,Travel_Rarely,15,Low,High,High,High,3,11,3,5,0,5,0,Single,No,2016-04-23
EMP12054,57,Female,Bachelor's,Marketing,Manager,1,21729,High,34,3,2,0,No,Travel_Rarely,8,Very High,High,Medium,Medium,3,23,2,1,0,9,18,Single,No,2021-10-10
EMP12055,22,Male,High School,It,IT Support,3,25000,Very High,0,0,0,0,Yes,Travel_Rarely,11,High,Medium,Very High,High,3,19,0,6,2,1,11,Married,Yes,2013-09-27
EMP12056,42,Female,Bachelor's,Finance,Accountant,4,19448,Very High,21,2,1,1,No,Travel_Rarely,23,High,Medium,Very High,Very High,3,25,3,4,0,0,6,Single,No,2016-12-21
EMP12057,51,Male,Master's,Research & Development,Research Director,2,23180,Very High,20,20,9,0,No,Travel_Rarely,16,High,Medium,High,Medium,3,15,2,4,3,6,1,Married,No,2010-07-11
EMP12058,35,Male,Bachelor's,Research & Development,Research Director,2,25000,Very High,5,1,1,1,No,Non-Travel,13,Medium,Medium,Medium,Medium,3,16,0,3,0,0,20,Single,No,2015-01-01
EMP12059,24,Male,Bachelor's,Finance,Finance Manager,2,20238,Very High,0,0,0,0,No,Travel_Rarely,30,High,Low,Very High,Medium,3,13,3,3,0,6,14,Single,Yes,2024-05-10
EMP12060,23,Female,PhD,Research & Development,Research Scientist,1,21023,Very High,0,0,0,0,No,Travel_Rarely,28,Very High,Medium,High,Low,3,19,0,0,2,0,19,Single,Yes,2024-09-11
EMP12061,40,Male,Master's,Sales,Manager,3,20005,Very High,22,7,2,6,No,Travel_Rarely,13,Low,Very High,Low,Very High,3,18,3,5,4,8,12,Married,No,2010-08-13
EMP12062,59,Female,Master's,Research & Development,Research Director,2,25000,Very High,31,26,1,0,Yes,Travel_Frequently,23,High,Very High,High,Very High,3,25,3,0,3,4,6,Single,No,2012-02-12
EMP12063,33,Female,Master's,It,Data Analyst,1,25000,Very High,4,4,1,0,Yes,Travel_Rarely,5,Very High,High,Very High,High,3,14,0,0,2,5,13,Married,No,2013-05-30
EMP12064,58,Female,Master's,Research & Development,Manager,3,21729,Very High,31,4,0,0,Yes,Travel_Rarely,12,Medium,Medium,High,Very High,3,23,1,4,3,6,19,Married,No,2018-04-01
EMP12065,50,Male,Bachelor's,Sales,Manager,1,12433,High,29,3,3,3,No,Travel_Frequently,10,Very High,Medium,Very High,Medium,3,12,0,1,3,0,15,Single,No,2017-04-20
EMP12066,33,Female,Bachelor's,It,IT Support,5,18576,Very High,10,9,3,1,No,Travel_Rarely,19,Very High,Medium,Very High,Medium,3,18,0,3,0,7,8,Single,No,2014-06-13
EMP12067,25,Male,Bachelor's,Sales,Sales Executive,2,25000,Very High,4,4,0,2,No,Travel_Rarely,17,High,High,Medium,Low,3,10,2,2,3,5,18,Married,No,2019-07-07
EMP12068,31,Female,Bachelor's,Sales,Sales Executive,2,22403,Very High,7,7,3,2,No,Travel_Rarely,1,Medium,Very High,Very High,High,3,17,0,6,0,11,4,Married,No,2015-06-19
EMP12069,35,Male,Master's,Sales,Manager,1,25000,Very High,8,3,3,3,No,Travel_Rarely,22,Medium,Low,Medium,High,4,10,3,6,3,1,9,Married,No,2021-05-15
EMP12070,36,Male,Bachelor's,Research & Development,Manager,1,25000,Very High,10,10,10,1,No,Travel_Rarely,15,Low,High,Medium,High,3,19,3,1,4,0,7,Married,No,2011-06-04
EMP12071,42,Male,High School,It,Software Engineer,3,25000,Very High,22,1,1,1,Yes,Travel_Rarely,16,High,High,Medium,High,3,17,0,5,3,0,13,Married,No,2019-08-31
EMP12072,33,Male,Bachelor's,Research & Development,Research Director,2,22969,Very High,6,1,1,1,Yes,Travel_Frequently,20,High,Medium,High,Medium,3,14,2,6,1,3,10,Divorced,Yes,2013-11-26
EMP12073,26,Male,Bachelor's,Sales,Manager,4,17502,Very High,4,0,0,0,No,Travel_Rarely,23,High,Very High,Medium,High,3,16,3,2,0,2,0,Single,No,2012-05-22
EMP12074,51,Female,Master's,It,Manager,2,6981,Medium,24,2,1,2,No,Travel_Frequently,10,Medium,Medium,Medium,High,4,17,1,5,4,10,9,Married,No,2012-08-15
EMP12075,34,Female,Master's,It,Software Engineer,4,20419,Very High,5,5,2,2,No,Travel_Rarely,10,Low,Very High,Low,Very High,3,24,0,6,0,5,1,Single,No,2021-08-24
EMP12076,36,Male,Bachelor's,It,Software Engineer,5,19021,Very High,9,9,3,5,No,Travel_Rarely,26,High,High,High,High,3,20,1,4,4,9,6,Single,No,2019-10-29
EMP12077,60,Male,Bachelor's,Sales,Sales Representative,2,25000,Very High,35,8,6,1,No,Travel_Rarely,17,High,Low,Very High,Low,3,21,2,5,0,7,16,Divorced,No,2018-04-20
EMP12078,53,Male,Master's,Research & Development,Research Director,2,20553,Very High,28,5,1,1,No,Travel_Rarely,29,Very High,Medium,High,Very High,3,10,1,6,1,0,4,Single,No,2010-08-25
EMP12079,24,Male,Master's,Marketing,Marketing Executive,3,19069,Very High,3,3,2,3,No,Travel_Rarely,22,High,Low,High,Very High,3,10,0,2,1,11,9,Single,No,2022-02-15
EMP12080,46,Female,Bachelor's,It,IT Support,1,9890,High,22,6,3,2,No,Travel_Rarely,23,High,Medium,Medium,High,3,16,1,5,4,6,4,Married,No,2022-12-04
EMP12081,42,Female,PhD,Sales,Sales Executive,3,14429,High,12,2,2,2,Yes,Travel_Rarely,17,High,Very High,Medium,Low,3,10,3,5,2,7,4,Married,No,2018-11-01
EMP12082,59,Male,PhD,Sales,Sales Executive,2,25000,Very High,27,9,2,3,Yes,Non-Travel,2,High,High,Low,Low,3,13,1,0,0,4,8,Married,Yes,2014-04-17
EMP12083,33,Male,PhD,Research & Development,Research Director,3,25000,Very High,8,6,1,2,Yes,Travel_Rarely,9,Medium,High,Medium,Medium,3,24,2,5,2,7,10,Married,No,2012-06-28
EMP12084,34,Female,Master's,Marketing,Marketing Specialist,1,21081,Very High,9,6,6,0,No,Travel_Frequently,25,Very High,High,High,High,3,15,2,3,3,10,14,Married,No,2015-05-15
EMP12085,52,Female,PhD,Research & Development,Research Director,3,25000,Very High,31,4,2,4,No,Non-Travel,22,High,Medium,High,Medium,3,11,2,1,1,0,4,Married,No,2024-11-24
EMP12086,50,Female,Bachelor's,Research & Development,Manager,1,25000,Very High,20,11,2,3,Yes,Non-Travel,27,Medium,Medium,Low,Low,3,19,3,0,0,1,16,Married,No,2019-10-28
EMP12087,54,Male,Master's,Sales,Sales Executive,3,15292,Very High,31,1,1,1,No,Travel_Frequently,4,Low,Low,Low,Very High,4,14,2,3,1,3,18,Married,No,2019-02-21
EMP12088,36,Male,Master's,Finance,Finance Manager,2,25000,Very High,9,2,2,1,No,Travel_Rarely,7,Medium,Medium,Medium,Very High,4,19,3,6,3,0,13,Married,No,2013-10-17
EMP12089,47,Male,Master's,It,Data Analyst,1,15784,Very High,18,8,1,8,No,Non-Travel,5,High,Medium,High,Medium,3,19,2,5,4,4,20,Married,No,2012-03-26
EMP12090,38,Male,Master's,Research & Development,Laboratory Technician,4,25000,Very High,15,3,1,1,No,Travel_Frequently,19,Medium,High,Low,Low,3,20,2,6,0,9,1,Single,Yes,2024-08-24
EMP12091,42,Male,Bachelor's,It,Manager,3,23579,Very High,11,11,1,0,No,Travel_Frequently,4,Medium,Medium,High,Medium,3,25,2,0,0,2,13,Single,No,2016-10-04
EMP12092,51,Female,Bachelor's,Marketing,Marketing Executive,5,25000,Very High,25,2,0,2,No,Travel_Rarely,18,High,Very High,Medium,High,3,20,3,1,0,1,19,Single,No,2025-02-07
EMP12093,59,Male,Bachelor's,Sales,Sales Representative,2,15488,Very High,39,2,2,2,No,Non-Travel,30,Low,Low,Very High,High,3,24,2,4,4,6,3,Married,Yes,2020-05-12
EMP12094,32,Female,Master's,Sales,Manager,2,25000,Very High,4,4,1,2,No,Travel_Frequently,22,High,Low,High,Medium,3,19,3,2,1,1,2,Married,No,2012-03-20
EMP12095,39,Female,Bachelor's,Sales,Sales Executive,2,25000,Very High,13,3,3,3,Yes,Travel_Frequently,3,Medium,High,Low,Medium,3,20,3,4,4,8,14,Single,No,2010-11-18
EMP12096,54,Male,Bachelor's,It,Data Analyst,2,13995,High,36,4,0,0,No,Travel_Rarely,23,High,High,High,Low,3,15,3,5,1,5,15,Divorced,No,2022-01-16
EMP12097,24,Male,Bachelor's,Human Resources,HR Executive,1,18904,Very High,0,0,0,0,Yes,Travel_Rarely,4,Low,Very High,High,Medium,3,14,1,5,0,7,9,Married,Yes,2012-04-23
EMP12098,28,Male,Master's,Human Resources,HR Executive,1,24446,Very High,1,1,1,1,No,Non-Travel,14,Medium,High,Very High,High,4,19,2,6,4,2,17,Single,Yes,2017-01-15
EMP12099,48,Female,PhD,It,IT Support,4,25000,Very High,20,5,0,1,No,Travel_Rarely,24,Medium,Medium,High,High,3,17,3,2,3,4,18,Single,No,2011-02-15
EMP12100,25,Male,Master's,Research & Development,Laboratory Technician,2,17123,Very High,5,1,0,1,No,Travel_Rarely,27,High,Very High,High,Medium,3,20,1,2,4,2,1,Single,No,2019-10-11
EMP12101,44,Male,Master's,Marketing,Manager,4,6156,Medium,19,11,1,6,No,Travel_Frequently,14,High,Very High,High,Very High,3,13,0,6,1,8,9,Single,No,2024-05-13
EMP12102,50,Female,Master's,Research & Development,Manager,1,25000,Very High,33,8,5,1,Yes,Travel_Rarely,17,Medium,Very High,High,High,3,17,3,5,0,0,1,Single,No,2012-04-03
EMP12103,41,Male,Master's,Sales,Sales Representative,5,25000,Very High,12,1,1,1,No,Travel_Rarely,9,High,Very High,High,High,3,20,3,1,1,7,15,Single,No,2016-11-05
EMP12104,21,Male,Bachelor's,Finance,Accountant,2,10053,High,0,0,0,0,No,Travel_Rarely,19,Medium,Low,Low,High,3,12,2,1,2,5,4,Married,No,2017-09-10
EMP12105,24,Male,Bachelor's,It,Software Engineer,3,16757,Very High,0,0,0,0,No,Travel_Rarely,3,Very High,Very High,High,Medium,3,16,3,4,0,6,3,Married,No,2016-07-14
EMP12106,46,Male,Master's,Research & Development,Manager,2,25000,Very High,22,1,1,1,No,Travel_Rarely,15,Very High,Very High,High,Low,3,21,0,3,3,1,16,Married,No,2015-02-19
EMP12107,44,Male,Master's,It,Software Engineer,4,25000,Very High,20,2,2,2,Yes,Travel_Rarely,21,High,High,High,Medium,3,14,3,3,3,6,12,Married,Yes,2021-05-17
EMP12108,27,Male,Master's,Marketing,Marketing Specialist,2,25000,Very High,0,0,0,0,Yes,Travel_Rarely,26,High,High,Medium,Low,3,21,3,4,2,0,11,Single,No,2022-08-08
EMP12109,20,Female,Bachelor's,Sales,Sales Executive,2,20348,Very High,0,0,0,0,No,Travel_Rarely,1,High,High,Low,Medium,3,14,2,6,1,6,16,Single,No,2019-02-22
EMP12110,39,Female,Bachelor's,Marketing,Marketing Executive,1,22865,Very High,16,5,1,1,Yes,Non-Travel,30,High,Medium,High,High,3,15,3,2,3,10,8,Married,Yes,2016-12-02
EMP12111,42,Male,Bachelor's,Sales,Manager,2,20766,Very High,13,4,1,2,Yes,Travel_Rarely,19,High,High,High,High,3,24,0,6,1,7,19,Single,No,2011-10-31
EMP12112,51,Male,Bachelor's,Sales,Sales Representative,3,25000,Very High,18,7,1,3,No,Travel_Rarely,4,Very High,Very High,Medium,High,3,21,1,1,0,1,0,Married,No,2019-10-29
EMP12113,30,Male,Bachelor's,Sales,Manager,1,14852,High,11,2,4,0,No,Travel_Rarely,14,High,High,Low,High,3,14,2,4,4,9,0,Married,No,2018-05-30
EMP12114,58,Female,Bachelor's,It,Software Engineer,3,15327,Very High,35,5,3,2,No,Travel_Frequently,18,High,High,High,Very High,3,22,1,3,0,1,1,Single,No,2018-01-09
EMP12115,43,Male,Bachelor's,Finance,Financial Analyst,1,25000,Very High,18,8,2,5,No,Non-Travel,12,High,High,Medium,High,3,10,0,2,1,2,13,Single,No,2025-07-15
EMP12116,30,Female,Master's,Sales,Sales Executive,4,21591,Very High,4,2,2,2,No,Travel_Rarely,6,High,Medium,Very High,Medium,3,24,3,3,2,9,4,Married,No,2014-05-21
EMP12117,48,Female,PhD,Research & Development,Laboratory Technician,5,25000,Very High,20,11,3,1,Yes,Travel_Rarely,10,High,High,Medium,High,3,18,1,2,0,3,0,Single,No,2024-05-20
EMP12118,45,Male,Master's,Human Resources,HR Executive,2,16282,Very High,21,5,4,5,No,Travel_Rarely,4,Medium,High,Low,Medium,3,20,2,3,3,7,0,Single,No,2010-08-01
EMP12119,35,Female,Master's,Sales,Sales Executive,1,21490,Very High,11,9,1,1,No,Travel_Frequently,16,Medium,Medium,Medium,High,3,13,1,5,0,11,14,Single,No,2015-11-17
EMP12120,54,Male,Bachelor's,It,Data Analyst,2,14544,High,24,4,2,4,Yes,Travel_Rarely,1,Low,Very High,Medium,High,3,14,3,0,0,2,0,Married,Yes,2019-02-25
EMP12121,39,Male,Master's,It,IT Support,1,22100,Very High,20,1,0,1,No,Travel_Rarely,3,High,Very High,High,Medium,4,10,1,2,0,5,20,Single,No,2012-12-08
EMP12122,22,Male,High School,Research & Development,Research Scientist,2,11324,High,0,0,0,0,No,Travel_Rarely,7,Medium,Low,Medium,Medium,3,12,0,2,2,9,15,Single,No,2016-02-01
EMP12123,20,Male,Bachelor's,Marketing,Manager,1,17687,Very High,0,0,0,0,No,Non-Travel,30,Very High,High,Medium,High,3,12,3,6,1,10,9,Single,No,2025-06-04
EMP12124,20,Female,Bachelor's,Research & Development,Research Scientist,2,11541,High,0,0,0,0,Yes,Travel_Rarely,3,High,Medium,Very High,High,4,17,3,2,2,7,4,Married,No,2023-09-06
EMP12125,36,Male,Bachelor's,Marketing,Manager,1,25000,Very High,9,3,3,2,No,Non-Travel,29,High,High,Medium,High,3,20,3,0,3,9,1,Married,No,2023-06-02
EMP12126,21,Male,Master's,Finance,Financial Analyst,1,25000,Very High,0,0,0,0,No,Travel_Rarely,22,Medium,Medium,Low,Low,3,25,0,0,1,1,13,Married,No,2012-10-26
EMP12127,48,Female,Bachelor's,Human Resources,HR Specialist,1,10111,High,20,6,3,2,No,Travel_Frequently,27,High,High,Medium,Very High,3,17,2,6,3,3,10,Single,No,2017-02-14
EMP12128,39,Male,Master's,Sales,Sales Representative,2,25000,Very High,16,6,1,2,No,Travel_Rarely,15,High,Medium,Medium,Low,3,18,0,3,1,0,18,Married,No,2021-03-14
EMP12129,25,Male,PhD,It,Data Analyst,2,25000,Very High,0,0,0,0,No,Travel_Rarely,6,High,Low,High,Very High,3,23,3,1,1,10,18,Single,No,2019-04-02
EMP12130,27,Male,Bachelor's,Research & Development,Research Scientist,1,22487,Very High,2,2,1,2,No,Travel_Rarely,16,Medium,Medium,Very High,High,4,19,3,6,0,7,18,Single,No,2019-09-09
EMP12131,48,Female,Bachelor's,Sales,Sales Representative,2,16506,Very High,17,9,3,6,No,Travel_Rarely,17,High,High,High,Low,3,24,1,5,0,0,2,Married,No,2011-06-12
EMP12132,52,Female,Master's,Sales,Sales Executive,4,25000,Very High,27,8,4,7,Yes,Travel_Rarely,2,High,Low,High,Medium,3,16,0,3,2,11,10,Married,No,2025-12-23
EMP12133,22,Male,Bachelor's,Research & Development,Laboratory Technician,1,12167,High,0,0,0,0,Yes,Travel_Rarely,10,High,Medium,Very High,Medium,4,15,2,2,1,8,19,Single,No,2011-12-29
EMP12134,54,Female,Bachelor's,Research & Development,Research Director,3,22227,Very High,27,4,2,1,No,Travel_Rarely,11,Very High,Low,High,Very High,3,25,3,2,3,5,15,Married,No,2015-10-22
EMP12135,24,Male,Master's,Finance,Finance Manager,2,23881,Very High,0,0,0,0,No,Travel_Rarely,28,Very High,Medium,Medium,Very High,3,23,0,5,0,11,16,Married,No,2015-10-16
EMP12136,46,Male,PhD,It,Software Engineer,1,25000,Very High,20,4,2,4,No,Non-Travel,27,Very High,Low,High,Low,3,25,3,6,3,11,19,Single,Yes,2011-08-16
EMP12137,31,Male,Master's,Sales,Sales Executive,2,25000,Very High,12,1,1,0,No,Travel_Rarely,6,High,Medium,High,High,3,17,2,3,0,2,3,Married,No,2025-07-02
EMP12138,39,Female,Bachelor's,Finance,Financial Analyst,2,17599,Very High,16,4,3,2,Yes,Travel_Rarely,18,Very High,Very High,Medium,Medium,4,12,2,4,1,7,14,Married,No,2019-07-30
EMP12139,39,Male,Unknown,Sales,Manager,3,14357,High,21,5,5,2,Yes,Travel_Rarely,15,High,High,Medium,Medium,3,24,1,1,3,1,10,Single,No,2022-05-27
EMP12140,28,Female,Bachelor's,It,Data Analyst,1,18886,Very High,12,2,0,1,No,Travel_Rarely,16,Medium,High,High,Very High,3,24,1,0,2,10,15,Single,No,2025-10-24
EMP12141,58,Male,Bachelor's,It,Manager,5,14001,High,31,3,2,1,No,Travel_Rarely,30,Medium,High,Medium,Very High,3,19,1,1,2,2,19,Divorced,No,2010-09-24
EMP12142,23,Male,Bachelor's,Research & Development,Research Scientist,2,22506,Very High,0,0,0,0,No,Travel_Rarely,13,Medium,Very High,High,High,4,19,2,4,2,6,20,Single,No,2019-06-27
EMP12143,38,Male,Bachelor's,Finance,Financial Analyst,2,17088,Very High,8,1,0,1,No,Travel_Rarely,16,Low,High,Medium,Medium,3,19,0,3,0,10,3,Single,No,2020-08-19
EMP12144,57,Female,Master's,Research & Development,Laboratory Technician,1,11245,High,27,8,2,1,No,Travel_Rarely,2,Medium,Low,High,High,3,17,0,6,0,0,4,Single,No,2025-07-07
EMP12145,46,Male,Master's,Research & Development,Laboratory Technician,1,25000,Very High,20,1,1,1,Yes,Travel_Frequently,20,Low,Very High,Medium,Medium,3,12,2,3,2,8,18,Married,No,2020-01-16
EMP12146,32,Male,Master's,It,IT Support,2,17607,Very High,11,0,0,0,No,Travel_Rarely,12,High,Low,Medium,Very High,3,22,2,2,3,9,15,Married,Yes,2013-04-17
EMP12147,32,Male,PhD,Research & Development,Research Scientist,2,12448,High,3,1,1,1,No,Travel_Rarely,29,Medium,Very High,High,High,3,11,0,5,0,8,18,Single,Yes,2020-07-14
EMP12148,41,Female,Bachelor's,Research & Development,Laboratory Technician,3,20420,Very High,17,7,0,7,No,Travel_Rarely,14,Medium,Medium,Very High,Medium,3,18,3,3,2,2,15,Married,No,2014-05-26
EMP12149,47,Female,High School,Research & Development,Research Scientist,3,22715,Very High,22,3,0,2,Yes,Travel_Frequently,8,High,Low,High,Low,3,10,0,4,0,3,0,Married,Yes,2019-09-10
EMP12150,41,Female,Master's,It,Manager,1,10038,High,20,10,3,4,No,Travel_Rarely,6,High,Very High,High,Very High,3,19,2,3,4,1,2,Divorced,No,2024-10-10
EMP12151,38,Male,PhD,Research & Development,Research Director,2,25000,Very High,10,4,0,2,No,Non-Travel,14,Very High,Low,Very High,High,3,19,0,6,3,9,1,Married,No,2011-04-13
EMP12152,27,Female,Bachelor's,Sales,Sales Representative,1,13750,High,0,0,0,0,Yes,Travel_Rarely,24,High,Medium,Medium,High,3,11,0,3,1,10,9,Married,No,2025-06-07
EMP12153,27,Female,High School,Finance,Financial Analyst,2,21729,Very High,0,0,0,0,No,Travel_Rarely,15,Medium,Medium,Medium,Medium,3,16,2,4,3,0,5,Single,No,2015-09-02
EMP12154,45,Male,Master's,It,Software Engineer,3,25000,Very High,25,1,1,1,No,Travel_Frequently,20,Medium,High,Medium,Low,3,10,3,0,1,10,7,Single,No,2023-02-14
EMP12155,45,Male,High School,Sales,Manager,2,18399,Very High,12,8,6,3,Yes,Travel_Frequently,27,Medium,Low,Medium,Medium,3,21,2,1,2,7,5,Married,No,2022-02-09
EMP12156,42,Male,Bachelor's,Sales,Manager,3,15751,Very High,14,1,0,1,No,Travel_Rarely,3,Medium,High,Very High,Low,3,14,1,6,0,10,19,Single,No,2011-10-21
EMP12157,32,Male,Bachelor's,Sales,Manager,5,21010,Very High,7,2,1,2,No,Travel_Rarely,7,Medium,High,High,High,4,21,1,3,2,8,18,Married,No,2020-11-23
EMP12158,47,Female,Master's,Research & Development,Manager,2,25000,Very High,15,7,5,5,No,Travel_Rarely,16,Very High,Low,High,High,4,18,0,1,1,8,15,Married,No,2011-06-21
EMP12159,28,Female,Bachelor's,Research & Development,Research Director,1,21775,Very High,9,9,4,6,No,Non-Travel,23,Low,High,High,High,3,18,2,1,4,9,3,Married,No,2016-08-24
EMP12160,39,Female,Master's,Finance,Finance Manager,2,19976,Very High,18,2,2,1,No,Travel_Rarely,2,Medium,Very High,Very High,Medium,3,20,3,2,1,4,15,Married,Yes,2012-04-29
EMP12161,38,Male,Bachelor's,Finance,Accountant,1,22613,Very High,15,9,9,2,Yes,Travel_Rarely,17,Medium,Very High,Medium,Low,3,13,0,0,0,4,8,Single,No,2015-12-14
EMP12162,58,Female,Bachelor's,Human Resources,HR Executive,2,16785,Very High,38,1,1,1,Yes,Travel_Rarely,11,High,Medium,High,High,3,19,2,1,4,4,8,Single,No,2025-11-08
EMP12163,31,Male,PhD,Research & Development,Research Scientist,3,18874,Very High,7,7,2,2,Yes,Travel_Rarely,24,Medium,High,Medium,High,3,23,0,2,0,5,7,Single,No,2022-06-04
EMP12164,34,Male,Bachelor's,It,Software Engineer,2,8616,High,5,5,1,5,No,Travel_Rarely,3,Medium,Very High,High,Very High,3,24,0,4,4,3,4,Divorced,No,2023-06-26
EMP12165,50,Female,Bachelor's,Research & Development,Manager,3,25000,Very High,20,1,1,0,No,Travel_Rarely,22,Low,Very High,High,High,3,11,2,4,0,1,20,Married,No,2015-09-23
EMP12166,33,Male,Bachelor's,Marketing,Marketing Executive,3,25000,Very High,0,0,0,0,Yes,Travel_Rarely,23,Medium,Medium,Very High,High,3,18,3,4,1,1,16,Married,No,2017-06-01
EMP12167,30,Female,Master's,Human Resources,HR Executive,3,15552,Very High,2,1,1,1,No,Travel_Rarely,8,Low,Medium,High,High,3,20,3,5,1,11,15,Single,No,2013-10-14
EMP12168,45,Female,Bachelor's,Sales,Manager,1,25000,Very High,18,2,2,0,No,Travel_Rarely,22,High,Low,Medium,High,3,13,1,5,1,5,17,Married,No,2021-10-04
EMP12169,46,Female,Bachelor's,Finance,Financial Analyst,3,22906,Very High,21,1,0,1,Yes,Travel_Rarely,23,Low,Medium,Very High,Low,3,12,3,6,1,4,5,Married,Yes,2014-08-04
EMP12170,30,Male,Master's,Research & Development,Research Director,2,13818,High,7,5,5,1,No,Travel_Rarely,21,High,Low,Very High,Very High,3,22,1,4,4,3,9,Single,No,2025-12-31
EMP12171,57,Female,Bachelor's,Finance,Accountant,1,25000,Very High,36,26,0,4,No,Travel_Rarely,19,High,High,Medium,High,3,12,2,4,3,5,19,Married,Yes,2011-10-15
EMP12172,53,Female,High School,Sales,Manager,5,25000,Very High,37,0,0,0,No,Travel_Rarely,18,High,Low,Medium,Very High,3,22,0,2,3,3,15,Single,No,2022-01-21
EMP12173,38,Female,Master's,Sales,Manager,4,25000,Very High,12,4,4,4,No,Travel_Rarely,7,Medium,High,Medium,Very High,3,16,0,0,2,9,18,Single,No,2018-08-27
EMP12174,25,Female,Bachelor's,It,Manager,2,18186,Very High,2,2,0,1,No,Travel_Frequently,16,Medium,Low,High,Medium,3,21,3,0,3,3,7,Single,Yes,2020-04-17
EMP12175,57,Female,High School,Sales,Sales Representative,3,25000,Very High,25,12,2,6,No,Travel_Rarely,24,Low,High,Very High,High,3,25,0,2,2,5,17,Married,No,2022-07-06
EMP12176,47,Male,Master's,It,IT Support,1,19579,Very High,20,4,1,1,No,Travel_Rarely,14,High,Medium,Medium,High,3,11,2,2,1,10,4,Single,No,2016-03-22
EMP12177,20,Female,Master's,Sales,Sales Representative,2,25000,Very High,0,0,0,0,No,Travel_Rarely,8,High,High,High,High,3,14,3,5,0,3,12,Married,No,2022-03-14
EMP12178,54,Female,Bachelor's,Human Resources,HR Specialist,1,9347,High,23,3,3,2,No,Travel_Rarely,13,Medium,High,Medium,Low,3,11,3,3,3,8,14,Single,Yes,2016-10-07
EMP12179,59,Female,Master's,Finance,Finance Manager,2,18120,Very High,29,2,2,0,Yes,Travel_Rarely,3,High,High,Medium,Very High,3,16,1,1,3,6,5,Married,Yes,2023-12-29
EMP12180,27,Female,Master's,Research & Development,Research Scientist,2,25000,Very High,10,0,0,0,No,Travel_Rarely,2,High,Low,Medium,Very High,3,16,2,5,1,11,1,Single,Yes,2018-07-23
EMP12181,26,Male,High School,Sales,Laboratory Technician,1,15597,Very High,0,0,0,0,No,Travel_Rarely,13,High,Low,High,High,3,12,1,6,1,5,14,Married,No,2023-01-15
EMP12182,30,Male,High School,Sales,Sales Executive,2,16786,Very High,1,0,0,0,Yes,Travel_Rarely,25,Low,High,Very High,Medium,3,12,3,5,3,2,10,Married,No,2016-07-10
EMP12183,58,Male,Bachelor's,Sales,Sales Executive,1,18005,Very High,30,4,1,4,No,Travel_Rarely,22,High,Medium,High,High,3,17,1,4,1,10,4,Married,No,2023-09-04
EMP12184,23,Male,Master's,Research & Development,Research Director,1,12751,High,3,2,2,1,Yes,Travel_Frequently,26,Low,Low,High,High,4,16,2,5,3,11,9,Married,No,2010-11-11
EMP12185,44,Male,Bachelor's,Finance,Accountant,2,8154,High,18,4,3,4,No,Travel_Frequently,3,High,Medium,Low,High,3,13,1,5,0,3,19,Single,No,2011-05-03
EMP12186,31,Male,Master's,Marketing,Manager,2,19855,Very High,9,1,1,1,Yes,Non-Travel,21,Medium,High,Low,Medium,3,11,3,1,0,1,19,Single,No,2025-01-16
EMP12187,45,Male,Master's,It,IT Support,1,23415,Very High,17,13,1,1,Yes,Travel_Rarely,1,Low,High,Medium,Medium,3,21,1,3,2,2,17,Single,No,2018-01-14
EMP12188,57,Female,Bachelor's,It,Manager,1,21512,Very High,25,11,0,2,No,Travel_Frequently,2,Very High,Medium,Low,High,3,25,3,6,3,10,11,Married,No,2024-01-25
EMP12189,31,Male,Bachelor's,It,Software Engineer,1,20636,Very High,1,1,1,1,No,Travel_Frequently,25,High,Low,High,Medium,4,22,3,0,0,0,16,Single,No,2017-05-08
EMP12190,56,Male,PhD,Finance,Finance Manager,1,22457,Very High,22,2,1,2,Yes,Non-Travel,10,Medium,Medium,High,High,4,12,1,6,0,8,16,Single,No,2020-08-19
EMP12191,43,Male,Bachelor's,Sales,Manager,2,25000,Very High,15,5,4,5,No,Travel_Rarely,11,Low,Medium,Low,Medium,3,20,0,4,4,9,3,Married,No,2011-11-18
EMP12192,35,Male,Bachelor's,Marketing,Manager,4,20217,Very High,9,1,1,1,Yes,Travel_Frequently,26,High,High,Medium,Very High,3,20,2,5,0,2,18,Single,Yes,2015-06-15
EMP12193,32,Male,Master's,Finance,Financial Analyst,1,17012,Very High,0,0,0,0,No,Travel_Rarely,3,Very High,Very High,Medium,Very High,3,23,3,5,2,7,17,Single,No,2018-01-06
EMP12194,44,Male,Bachelor's,Research & Development,Research Scientist,2,19409,Very High,25,1,0,1,No,Travel_Rarely,24,High,Medium,Very High,Medium,3,20,0,0,0,3,19,Married,No,2013-12-15
EMP12195,23,Female,High School,Sales,Manager,1,25000,Very High,0,0,0,0,Yes,Travel_Rarely,26,Very High,High,High,Low,4,24,2,2,1,10,20,Single,No,2021-04-25
EMP12196,30,Male,High School,Research & Development,Laboratory Technician,2,25000,Very High,2,2,0,2,No,Travel_Frequently,8,Low,High,High,High,3,12,0,6,4,7,9,Single,No,2015-05-19
EMP12197,51,Female,Bachelor's,Research & Development,Laboratory Technician,1,16603,Very High,29,4,1,4,Yes,Travel_Frequently,15,High,Medium,High,High,4,14,1,1,3,6,13,Married,Yes,2020-03-30
EMP12198,26,Female,High School,It,Software Engineer,4,23029,Very High,1,1,1,1,Yes,Travel_Rarely,5,High,Low,Medium,Medium,3,25,3,0,2,3,19,Single,No,2018-04-08
EMP12199,30,Female,Master's,Research & Development,Research Director,2,25000,Very High,0,0,0,0,No,Travel_Rarely,8,High,High,High,High,3,22,0,3,0,6,12,Married,No,2020-11-08
EMP12200,47,Male,PhD,Research & Development,Laboratory Technician,2,14092,High,20,13,0,10,No,Travel_Rarely,18,Low,Medium,Very High,Very High,3,16,0,0,3,11,13,Married,No,2014-02-21
EMP12201,60,Male,High School,Marketing,Marketing Executive,2,22230,Very High,38,17,0,8,No,Travel_Rarely,18,High,High,High,Low,3,13,2,4,0,7,3,Married,No,2012-10-20
EMP12202,42,Male,Bachelor's,Sales,Sales Executive,1,11389,High,18,1,1,0,No,Travel_Rarely,12,High,Low,Medium,Medium,4,10,2,4,4,9,3,Married,No,2015-05-05
EMP12203,42,Male,High School,Research & Development,Manager,4,9936,High,22,1,1,0,No,Travel_Rarely,4,High,High,High,High,3,12,3,1,3,2,3,Single,No,2016-05-07
EMP12204,47,Male,Bachelor's,Sales,Sales Executive,1,25000,Very High,22,6,2,2,No,Travel_Frequently,8,High,High,High,High,3,12,0,2,1,4,10,Divorced,No,2014-09-29
EMP12205,45,Female,Bachelor's,Finance,Finance Manager,1,18532,Very High,21,4,3,4,No,Travel_Rarely,2,High,Medium,Very High,Low,3,10,3,5,1,10,0,Married,No,2011-09-23
EMP12206,44,Male,Bachelor's,Marketing,Marketing Executive,1,24126,Very High,17,0,0,0,No,Travel_Rarely,20,High,Medium,Medium,High,3,17,2,4,3,2,5,Married,No,2017-03-06
EMP12207,48,Male,PhD,Sales,Sales Representative,1,21850,Very High,19,0,0,0,No,Travel_Frequently,24,Medium,High,Low,Medium,3,13,3,3,1,6,4,Married,No,2016-05-17
EMP12208,38,Male,Bachelor's,It,Software Engineer,1,14195,High,16,11,0,2,No,Non-Travel,3,Medium,Very High,High,Very High,4,14,1,6,2,5,4,Married,Yes,2018-06-11
EMP12209,52,Female,Bachelor's,Sales,Sales Representative,2,21582,Very High,26,10,7,1,No,Travel_Frequently,8,High,High,Very High,High,3,12,3,1,4,0,11,Married,No,2019-02-19
EMP12210,55,Female,Bachelor's,Marketing,Manager,1,12646,High,34,2,0,1,No,Travel_Rarely,12,Very High,Low,Very High,High,3,13,1,4,2,9,14,Married,No,
EMP12211,33,Male,High School,It,IT Support,2,25000,Very High,13,11,11,3,No,Travel_Frequently,2,Low,Medium,High,Very High,3,10,3,3,3,4,5,Married,No,2014-09-15
EMP12212,33,Male,Master's,It,Manager,1,11966,High,9,5,1,5,No,Travel_Rarely,30,High,Very High,Medium,High,3,22,3,5,2,3,11,Single,No,2011-03-31
EMP12213,54,Male,High School,Sales,Manager,5,20169,Very High,21,8,3,2,Unknown,Non-Travel,17,Medium,High,High,High,3,22,1,0,4,1,13,Married,No,2024-04-11
EMP12214,49,Female,PhD,Marketing,Marketing Executive,1,13780,High,19,3,3,3,No,Travel_Rarely,14,Medium,Low,Low,Medium,3,13,2,5,4,0,10,Single,No,2019-01-21
EMP12215,47,Female,Bachelor's,Finance,Finance Manager,2,25000,Very High,19,1,1,1,No,Travel_Frequently,14,High,High,High,High,3,11,3,3,3,11,7,Single,Yes,2021-03-26
EMP12216,36,Female,Master's,Research & Development,Research Scientist,3,18975,Very High,11,3,3,2,No,Travel_Rarely,30,High,Medium,Medium,Medium,3,19,2,5,2,11,19,Married,No,2015-05-26
EMP12217,22,Male,PhD,It,Data Analyst,1,17441,Very High,0,0,0,0,No,Travel_Rarely,6,Low,High,Very High,Very High,4,23,0,1,4,11,6,Single,No,2023-01-25
EMP12218,35,Female,Bachelor's,Sales,Sales Executive,1,25000,Very High,18,4,1,1,No,Travel_Frequently,8,High,Medium,Medium,High,4,15,2,4,3,6,5,Married,Yes,2024-10-25
EMP12219,49,Female,Bachelor's,It,Manager,1,22320,Very High,18,1,1,1,No,Travel_Frequently,25,High,High,High,Very High,3,11,0,2,4,6,12,Single,No,2012-09-13
EMP12220,48,Female,Master's,Sales,Sales Executive,1,25000,Very High,23,23,5,7,No,Travel_Rarely,10,Very High,Medium,Low,Medium,3,24,2,2,0,5,5,Single,No,2011-05-28
EMP12221,34,Female,High School,Finance,Financial Analyst,1,14163,High,15,1,1,1,No,Non-Travel,24,Medium,Medium,High,Medium,4,18,2,3,0,4,19,Married,No,2014-03-10
EMP12222,44,Male,Master's,Research & Development,Research Director,2,11706,High,19,1,1,1,Yes,Travel_Rarely,18,High,High,Medium,High,3,11,0,3,4,8,1,Married,No,2011-12-19
EMP12223,57,Male,High School,Sales,Manager,2,23115,Very High,26,4,4,4,Yes,Travel_Rarely,1,Medium,High,Very High,Low,4,13,1,3,3,1,10,Married,No,2022-07-08
EMP12224,57,Male,Bachelor's,Sales,Sales Representative,2,19082,Very High,37,4,1,4,No,Travel_Rarely,7,Medium,Medium,High,Medium,3,22,2,4,0,10,7,Divorced,No,2017-10-27
EMP12225,42,Female,Bachelor's,Sales,Sales Representative,1,25000,Very High,17,3,2,3,No,Travel_Rarely,7,High,Medium,Medium,Very High,3,13,0,2,4,10,3,Married,No,2019-08-22
EMP12226,44,Female,Master's,Research & Development,Laboratory Technician,3,21248,Very High,18,7,7,1,No,Travel_Rarely,13,High,Low,Medium,Medium,3,25,2,2,1,2,6,Divorced,No,2012-06-22
EMP12227,26,Male,Bachelor's,Research & Development,Laboratory Technician,1,24156,Very High,6,4,1,4,Yes,Travel_Frequently,16,Low,High,High,Medium,3,21,2,1,2,8,14,Married,No,2012-10-01
EMP12228,41,Male,High School,Human Resources,HR Executive,2,10609,High,11,5,1,3,Unknown,Travel_Rarely,12,Very High,Medium,Medium,Very High,4,20,2,1,4,11,18,Single,No,2010-02-10
EMP12229,36,Male,Master's,Sales,Manager,1,25000,Very High,13,6,5,4,No,Travel_Rarely,29,High,Low,Medium,Low,3,25,2,0,0,1,9,Married,No,2020-10-04
EMP12230,37,Female,Bachelor's,Sales,Manager,1,20457,Very High,4,0,0,0,No,Travel_Frequently,19,High,Medium,High,High,3,10,3,4,4,2,2,Divorced,No,2018-09-11
EMP12231,60,Male,Bachelor's,Finance,Financial Analyst,2,25000,Very High,39,4,1,4,No,Travel_Frequently,6,High,Very High,High,High,3,22,2,3,3,5,9,Married,No,2024-09-04
EMP12232,29,Male,Bachelor's,Sales,Sales Representative,2,15120,Very High,0,0,0,0,No,Travel_Rarely,7,Medium,Very High,Medium,Very High,3,20,0,1,0,9,18,Single,No,2019-02-14
EMP12233,29,Male,Master's,Marketing,Manager,2,25000,Very High,1,0,0,0,No,Travel_Rarely,30,High,Medium,High,High,3,16,2,0,3,6,2,Single,No,2021-12-02
EMP12234,26,Male,Master's,It,Manager,2,12255,High,0,0,0,0,No,Travel_Rarely,25,Medium,Medium,High,Very High,3,10,0,0,3,1,17,Married,No,2012-09-16
EMP12235,57,Female,Unknown,Finance,Financial Analyst,4,25000,Very High,39,13,1,1,No,Travel_Rarely,17,Very High,Medium,Very High,Low,3,22,0,2,3,7,4,Married,No,2023-09-21
EMP12236,46,Female,Bachelor's,Human Resources,HR Executive,2,18766,Very High,21,2,1,1,No,Travel_Rarely,29,Low,Low,High,Low,3,17,1,4,4,8,0,Single,No,2021-04-18
EMP12237,52,Male,Master's,It,Manager,2,22318,Very High,30,3,1,3,No,Travel_Rarely,19,Medium,High,High,High,3,25,0,4,0,0,5,Divorced,No,2013-01-10
EMP12238,20,Female,Master's,Sales,Sales Representative,1,25000,Very High,0,0,0,0,Yes,Travel_Frequently,5,High,High,Very High,High,3,12,0,5,3,5,6,Married,Yes,2010-12-21
EMP12239,53,Male,Bachelor's,Sales,Sales Representative,1,12649,High,29,1,1,1,No,Travel_Rarely,3,Medium,Very High,High,High,3,23,1,3,1,3,1,Married,No,2013-08-30
EMP12240,23,Female,High School,Sales,Manager,2,16187,Very High,0,0,0,0,No,Travel_Rarely,24,Medium,Very High,Medium,High,3,17,2,4,2,9,16,Married,No,2015-02-02
EMP12241,36,Male,Bachelor's,It,Manager,1,25000,Very High,3,3,2,3,No,Non-Travel,26,Medium,Very High,Medium,Very High,4,17,3,5,4,10,2,Single,No,2011-06-19
EMP12242,23,Male,Master's,Sales,Manager,2,25000,Very High,0,0,0,0,No,Travel_Rarely,22,Very High,Low,High,High,3,19,1,3,1,9,1,Married,No,2018-05-25
EMP12243,45,Male,PhD,Human Resources,HR Specialist,1,20699,Very High,25,3,1,2,Yes,Travel_Rarely,18,High,Very High,Very High,Very High,3,21,3,4,0,4,17,Single,No,2023-10-16
EMP12244,23,Male,High School,Marketing,Manager,3,25000,Very High,4,4,1,4,No,Non-Travel,17,Medium,Medium,Very High,High,3,23,2,2,2,5,13,Married,No,2025-02-16
EMP12245,20,Male,Bachelor's,It,Manager,5,20991,Very High,0,0,0,0,No,Non-Travel,26,Medium,Very High,High,High,3,19,2,5,3,5,15,Single,No,2010-09-10
EMP12246,26,Female,High School,Research & Development,Manager,1,25000,Very High,8,7,3,1,No,Travel_Rarely,21,Medium,Medium,High,High,3,14,3,0,1,6,11,Single,No,2015-05-22
EMP12247,49,Female,Bachelor's,Sales,Sales Representative,3,10034,High,29,2,2,0,No,Travel_Rarely,11,High,Medium,Medium,High,3,23,3,4,1,8,17,Married,No,2025-08-04
EMP12248,28,Male,Bachelor's,It,Software Engineer,3,22985,Very High,0,0,0,0,No,Non-Travel,25,High,Low,Low,High,4,23,0,6,3,11,7,Single,No,2023-06-13
EMP12249,54,Female,Master's,Human Resources,HR Executive,5,10599,High,31,3,3,3,No,Travel_Rarely,26,Low,Low,High,High,3,12,2,4,3,3,0,Married,No,2019-12-14
EMP12250,27,Male,High School,Sales,Sales Executive,1,7130,Medium,0,0,0,0,No,Travel_Rarely,9,Medium,High,High,High,3,20,1,2,1,8,2,Married,No,2017-08-31
EMP12251,43,Female,Master's,Sales,Manager,3,25000,Very High,21,11,0,2,Yes,Travel_Rarely,17,Medium,Very High,Medium,High,3,20,1,1,0,0,6,Married,Yes,2023-08-29
EMP12252,38,Female,Bachelor's,Marketing,Marketing Specialist,1,23453,Very High,15,15,2,0,No,Travel_Rarely,19,Medium,Medium,High,Very High,3,21,2,3,4,8,1,Married,No,2023-01-15
EMP12253,55,Female,Master's,Finance,Financial Analyst,2,19377,Very High,27,11,4,0,Yes,Travel_Frequently,13,Medium,Low,High,High,3,20,3,1,0,11,15,Married,No,2022-07-12
EMP12254,46,Male,Bachelor's,It,Software Engineer,3,20999,Very High,21,4,0,3,Yes,Travel_Rarely,6,High,Medium,Very High,Medium,3,18,3,0,0,7,8,Married,No,2017-04-11
EMP12255,51,Male,High School,It,Data Analyst,3,25000,Very High,25,3,3,3,No,Travel_Frequently,150,Medium,Medium,Medium,High,3,10,1,1,4,1,2,Married,No,2018-11-16
EMP12256,33,Male,PhD,Human Resources,Manager,1,19611,Very High,4,4,4,3,No,Travel_Frequently,4,High,Medium,High,Medium,3,10,3,6,0,6,18,Single,No,2023-05-08
EMP12257,37,Male,High School,Research & Development,Research Scientist,3,25000,Very High,14,7,0,0,No,Travel_Frequently,29,High,Low,Medium,High,3,25,1,6,2,6,13,Single,No,2014-01-29
EMP12258,47,Female,Master's,Research & Development,Manager,2,16445,Very High,21,4,4,1,Yes,Travel_Frequently,18,Medium,Medium,Medium,High,3,23,0,0,3,1,14,Single,No,2023-07-17
EMP12259,48,Male,Master's,Research & Development,Manager,1,25000,Very High,28,0,0,0,No,Travel_Frequently,12,High,Very High,Medium,High,3,11,0,3,1,7,15,Single,Yes,2022-10-12
EMP12260,35,Male,High School,Research & Development,Research Director,2,19787,Very High,7,7,0,1,No,Travel_Rarely,28,High,Very High,Medium,High,3,22,0,2,4,5,18,Single,No,2012-02-11
EMP12261,54,Male,Bachelor's,It,Data Analyst,3,18311,Very High,27,3,2,3,Yes,Travel_Rarely,28,Medium,Medium,High,High,3,19,2,6,0,5,14,Single,No,2025-05-03
EMP12262,50,Male,Master's,Human Resources,Manager,4,25000,Very High,27,2,0,0,No,Travel_Frequently,4,High,Very High,High,High,3,15,3,6,1,11,13,Married,No,2019-07-27
EMP12263,23,Female,PhD,It,Data Analyst,3,25000,Very High,0,0,0,0,No,Travel_Rarely,5,Medium,Medium,Very High,High,3,11,0,0,2,10,4,Married,No,2015-03-14
EMP12264,56,Male,Master's,Research & Development,Manager,1,23424,Very High,28,6,0,2,Yes,Travel_Rarely,12,Very High,High,High,Very High,3,13,1,3,0,4,6,Married,No,2024-03-08
EMP12265,36,Female,Bachelor's,Human Resources,HR Specialist,1,7810,Medium,17,1,1,1,No,Travel_Rarely,18,High,High,Medium,High,3,15,0,5,0,11,2,Married,No,2021-11-18
EMP12266,58,Male,Master's,Human Resources,Manager,1,18724,Very High,30,9,2,1,No,Travel_Rarely,26,High,Low,Very High,Medium,3,11,3,2,0,10,1,Divorced,No,2016-09-28
EMP12267,45,Female,Master's,Human Resources,Manager,1,25000,Very High,24,2,2,2,No,Travel_Frequently,17,Very High,Medium,Very High,High,3,13,1,1,2,7,15,Married,Yes,2017-06-11
EMP12268,58,Female,Master's,Finance,Finance Manager,2,19855,Very High,36,1,1,1,Yes,Travel_Rarely,23,High,Very High,High,Low,3,16,0,1,3,9,1,Single,No,2017-02-14
EMP12269,60,Female,Master's,Sales,Manager,1,25000,Very High,37,3,1,0,No,Travel_Rarely,23,High,Low,Low,Very High,3,10,3,0,1,8,2,Married,No,2018-06-19
EMP12270,23,Female,High School,Research & Development,Research Director,1,25000,Very High,0,0,0,0,No,Travel_Frequently,24,High,Medium,Medium,Medium,3,25,1,4,0,4,11,Married,No,2013-02-09
EMP12271,49,Male,Bachelor's,Sales,Sales Executive,4,24307,Very High,19,17,4,8,No,Travel_Rarely,10,Medium,Very High,High,High,3,25,0,5,0,0,0,Single,No,2011-12-25
EMP12272,49,Female,Master's,Research & Development,Research Scientist,2,15081,Very High,24,8,1,1,Yes,Travel_Frequently,6,High,Low,High,High,3,18,0,4,2,10,14,Single,No,2017-04-09
EMP12273,41,Female,PhD,Research & Development,Research Scientist,3,7362,Medium,17,14,3,4,No,Travel_Rarely,17,Low,Medium,Medium,Medium,4,19,3,5,2,5,0,Single,No,2019-11-13
EMP12274,30,Female,Bachelor's,Finance,Finance Manager,2,25000,Very High,0,0,0,0,No,Travel_Frequently,8,Low,Very High,Medium,Very High,3,19,0,2,1,11,0,Married,No,2012-11-05
EMP12275,21,Female,PhD,Marketing,Unknown,2,15266,Very High,0,0,0,0,Yes,Travel_Rarely,2,High,Very High,Medium,High,3,25,3,1,1,11,14,Single,No,2016-12-29
EMP12276,31,Female,PhD,Human Resources,HR Specialist,1,23844,Very High,0,0,0,0,No,Travel_Rarely,12,Low,Very High,Very High,Medium,3,16,0,3,0,0,2,Married,No,2018-07-26
EMP12277,49,Male,Master's,Finance,Unknown,2,12551,High,26,2,2,1,No,Travel_Frequently,3,Low,High,Very High,Very High,4,18,1,5,0,4,13,Married,No,2019-03-01
EMP12278,55,Male,Master's,Research & Development,Research Director,2,19548,Very High,34,9,3,1,Yes,Travel_Rarely,24,High,Low,Medium,High,4,16,0,2,0,5,9,Divorced,Yes,2018-06-12
EMP12279,37,Male,Master's,Human Resources,Manager,2,22363,Very High,16,6,2,0,No,Non-Travel,20,Low,High,Medium,High,3,25,2,0,0,2,2,Married,No,2019-11-13
EMP12280,45,Female,Master's,Sales,Sales Executive,3,24856,Very High,16,16,5,3,No,Travel_Rarely,21,Medium,High,Medium,Very High,3,20,0,5,0,11,19,Married,No,2016-08-07
EMP12281,26,Male,Master's,Sales,Manager,4,13337,High,0,0,0,0,Yes,Travel_Rarely,25,High,High,Medium,Medium,3,25,3,0,2,0,17,Single,No,2019-04-27
EMP12282,20,Female,High School,Research & Development,Laboratory Technician,2,25000,Very High,0,0,0,0,No,Travel_Rarely,27,High,Very High,Medium,High,3,10,0,2,3,1,3,Married,No,2019-08-06
EMP12283,45,Male,Bachelor's,Research & Development,Research Scientist,1,16838,Very High,18,3,3,3,No,Travel_Rarely,23,High,Very High,High,High,3,16,2,3,1,11,16,Married,No,2013-06-16
EMP12284,42,Male,Bachelor's,Sales,Sales Representative,4,10368,High,19,1,1,0,No,Travel_Rarely,26,High,High,Medium,Very High,3,20,1,1,2,11,19,Single,Yes,2025-02-20
EMP12285,45,Female,High School,Sales,Manager,3,20972,Very High,23,4,2,1,No,Non-Travel,28,High,Low,High,High,3,18,2,1,4,10,3,Single,No,2017-02-07
EMP12286,25,Female,Bachelor's,Sales,Sales Executive,2,22370,Very High,2,2,0,1,No,Travel_Rarely,7,High,Low,Low,Very High,3,22,1,3,4,11,14,Married,No,2024-06-24
EMP12287,25,Female,Master's,Marketing,Manager,3,23677,Very High,4,3,3,1,No,Travel_Frequently,1,Medium,Medium,Medium,High,3,17,2,1,4,2,10,Single,No,2022-02-14
EMP12288,27,Male,Master's,Research & Development,Research Scientist,1,25000,Very High,6,2,1,0,No,Travel_Rarely,17,High,Medium,Low,Low,3,25,2,5,1,2,2,Married,No,2023-12-28
EMP12289,43,Male,Bachelor's,Research & Development,Research Scientist,1,19803,Very High,16,0,0,0,No,Travel_Rarely,8,Very High,Low,High,Low,4,25,2,4,0,1,6,Single,No,2024-10-13
EMP12290,41,Male,Master's,Sales,Sales Executive,1,20872,Very High,16,4,3,4,No,Travel_Rarely,10,Medium,High,Medium,High,3,21,1,4,4,5,9,Single,No,2012-10-12
EMP12291,38,Male,Bachelor's,Human Resources,Manager,1,13407,High,17,2,2,2,No,Travel_Rarely,17,Medium,High,Very High,High,3,13,0,3,4,6,18,Married,No,2023-07-04
EMP12292,56,Male,Bachelor's,Sales,Sales Executive,2,25000,Very High,28,0,0,0,No,Non-Travel,16,Low,High,Medium,Medium,3,14,3,6,3,4,19,Single,No,2014-01-01
EMP12293,37,Male,Master's,Sales,Sales Executive,1,23931,Very High,10,2,2,2,No,Travel_Rarely,10,High,Medium,High,Very High,3,12,0,4,2,6,7,Married,No,2019-04-09
EMP12294,50,Male,Bachelor's,Research & Development,Research Director,3,18233,Very High,29,2,0,2,No,Travel_Rarely,15,Low,Medium,Very High,High,3,19,2,5,1,11,14,Married,No,2015-11-16
EMP12295,56,Female,Master's,Sales,Sales Representative,2,9348,High,28,2,1,1,No,Travel_Rarely,16,High,Medium,High,Low,3,19,1,2,1,2,12,Divorced,No,2025-08-14
EMP12296,49,Male,Bachelor's,Sales,Manager,2,25000,Very High,21,1,1,0,No,Travel_Rarely,18,High,High,High,Very High,3,21,1,1,3,10,2,Married,No,2022-06-01
EMP12297,52,Male,Bachelor's,Sales,Manager,1,12677,High,31,4,2,4,Yes,Travel_Rarely,4,High,High,Low,High,3,11,0,5,4,4,20,Married,No,2016-10-14
EMP12298,29,Male,Master's,Sales,Sales Executive,2,16881,Very High,4,4,4,3,No,Travel_Rarely,25,Medium,High,Very High,High,3,12,1,2,3,2,20,Single,No,2018-04-24
EMP12299,56,Female,Bachelor's,Sales,Manager,1,25000,Very High,36,5,0,5,No,Travel_Rarely,7,High,Medium,High,Medium,4,16,1,3,0,3,14,Single,No,2011-03-21
EMP12300,31,Male,PhD,Research & Development,Research Director,3,12856,High,0,0,0,0,No,Non-Travel,29,Medium,Medium,Low,Medium,3,17,2,5,4,5,20,Single,Yes,2014-10-10
EMP12301,49,Male,High School,It,Manager,3,11248,High,22,3,2,2,No,Travel_Frequently,29,High,Very High,Medium,High,3,11,1,5,1,11,20,Married,No,2025-08-15
EMP12302,46,Male,Bachelor's,Human Resources,Manager,2,8469,High,21,4,2,1,Yes,Travel_Rarely,12,High,Low,High,Very High,3,18,1,6,2,3,9,Married,No,2010-02-03
EMP12303,58,Female,Master's,Research & Development,Research Scientist,1,25000,Very High,32,8,1,8,No,Travel_Rarely,23,Low,High,Low,Low,4,22,2,4,3,3,20,Single,No,2010-03-03
EMP12304,28,Female,PhD,Sales,Manager,3,17234,Very High,3,3,2,1,No,Travel_Frequently,12,Very High,Low,High,High,3,13,0,2,3,6,14,Married,No,2013-01-07
EMP12305,40,Female,Bachelor's,Marketing,Marketing Executive,1,25000,Very High,15,6,0,0,No,Non-Travel,26,Medium,Medium,Medium,High,3,24,3,2,1,5,13,Divorced,No,2018-04-14
EMP12306,31,Male,Bachelor's,Research & Development,Manager,1,14080,High,5,3,0,2,Yes,Non-Travel,23,Very High,Medium,High,High,3,11,3,6,4,11,8,Married,No,2024-06-28
EMP12307,48,Female,Master's,Sales,Manager,2,14550,High,24,3,0,1,No,Travel_Frequently,21,Low,Very High,Medium,Very High,3,16,3,0,4,11,14,Divorced,No,2019-10-29
EMP12308,52,Female,High School,Human Resources,HR Executive,4,17078,Very High,20,7,3,1,No,Travel_Rarely,1,Medium,Low,High,Low,4,25,0,2,4,0,13,Married,No,2010-12-19
EMP12309,34,Male,Bachelor's,Sales,Sales Executive,1,24573,Very High,10,1,1,1,Yes,Non-Travel,21,Medium,Very High,Medium,Very High,3,20,1,4,2,7,14,Married,No,2012-12-17
EMP12310,21,Female,Master's,Research & Development,Manager,4,17826,Very High,0,0,0,0,No,Travel_Frequently,24,Low,High,High,Very High,3,11,2,1,2,0,13,Married,No,2015-12-11
EMP12311,58,Male,Bachelor's,Research & Development,Research Director,1,25000,Very High,35,1,0,1,No,Travel_Rarely,28,High,High,Very High,Medium,3,16,0,6,4,11,9,Married,No,2014-06-17
EMP12312,37,Male,Bachelor's,It,IT Support,1,14181,High,15,2,2,0,No,Travel_Rarely,12,High,Medium,High,High,3,17,3,1,2,8,11,Married,No,2021-03-22
EMP12313,22,Female,Bachelor's,Research & Development,Manager,2,11829,High,0,0,0,0,No,Travel_Rarely,23,High,Very High,Medium,Low,3,22,1,1,3,3,19,Married,No,2024-09-29
EMP12314,26,Female,Master's,Finance,Accountant,1,9807,High,4,4,0,0,No,Travel_Rarely,7,Medium,High,High,High,3,18,3,4,4,6,13,Single,No,2012-03-25
EMP12315,37,Male,Master's,Marketing,Marketing Specialist,1,8098,High,14,8,1,1,No,Travel_Rarely,15,Medium,Medium,High,High,3,23,3,1,2,4,14,Married,No,2020-08-07
EMP12316,57,Male,Master's,Sales,Sales Executive,1,17446,Very High,24,8,1,4,Yes,Travel_Rarely,2,High,High,Very High,Very High,3,21,3,5,3,11,11,Divorced,No,2020-11-04
EMP12317,56,Female,Bachelor's,Sales,Sales Representative,1,19236,Very High,34,2,0,1,Yes,Travel_Rarely,1,Medium,Medium,High,Medium,3,21,0,6,3,9,1,Married,No,2018-07-17
EMP12318,52,Male,Bachelor's,Research & Development,Laboratory Technician,1,16578,Very High,23,22,3,1,Yes,Travel_Rarely,4,High,Medium,Low,High,3,20,1,5,2,2,18,Divorced,No,2015-05-01
EMP12319,50,Male,Bachelor's,Research & Development,Research Scientist,3,25000,Very High,20,5,5,3,Yes,Travel_Rarely,8,High,Very High,Medium,High,4,10,3,6,4,7,16,Divorced,No,2010-09-10
EMP12320,30,Male,Bachelor's,Research & Development,Laboratory Technician,3,25000,Very High,0,0,0,0,No,Travel_Frequently,30,Low,High,High,High,3,11,0,1,4,9,14,Married,No,2019-11-29
EMP12321,23,Female,Bachelor's,Marketing,Manager,4,18946,Very High,0,0,0,0,No,Travel_Rarely,17,High,High,Medium,Medium,3,11,2,3,2,1,9,Single,No,2024-04-04
EMP12322,37,Female,Bachelor's,Finance,Finance Manager,3,9825,High,4,4,2,3,Yes,Non-Travel,29,High,Medium,Very High,Medium,3,23,2,3,2,10,10,Married,No,2022-01-23
EMP12323,23,Male,Master's,Human Resources,HR Executive,2,17068,Very High,0,0,0,0,Yes,Travel_Frequently,18,High,High,Very High,Medium,3,16,0,0,0,9,13,Single,Yes,2011-06-16
EMP12324,53,Male,Master's,Research & Development,Laboratory Technician,2,16816,Very High,27,1,1,1,No,Non-Travel,23,Low,High,High,Medium,4,25,2,5,3,2,8,Single,No,2014-07-25
EMP12325,48,Male,Bachelor's,It,Software Engineer,4,16388,Very High,17,3,0,2,Yes,Travel_Frequently,5,Medium,Medium,Low,Medium,4,15,3,0,4,11,2,Single,No,2010-07-16
EMP12326,43,Male,Master's,Marketing,Marketing Executive,1,16091,Very High,12,10,4,2,No,Travel_Rarely,6,Medium,High,High,High,3,24,0,2,1,4,0,Single,No,2025-01-28
EMP12327,41,Female,Master's,It,Manager,1,16415,Very High,17,4,1,4,Yes,Travel_Rarely,12,Medium,Medium,Medium,Low,3,23,0,2,3,4,5,Married,Yes,2012-07-24
EMP12328,21,Male,High School,Sales,Manager,3,18510,Very High,0,0,0,0,No,Travel_Rarely,24,Medium,Medium,High,Very High,4,20,2,5,4,4,5,Married,No,2019-02-05
EMP12329,25,Male,High School,Human Resources,HR Executive,1,16548,Very High,0,0,0,0,No,Non-Travel,28,High,Very High,Medium,Medium,3,18,1,5,0,6,4,Married,Yes,2020-09-04
EMP12330,44,Female,Master's,Sales,Sales Representative,4,24191,Very High,12,9,1,3,No,Travel_Rarely,16,High,Very High,Medium,High,3,12,2,6,3,7,3,Single,No,2015-06-13
EMP12331,40,Male,Bachelor's,Sales,Manager,2,25000,Very High,15,2,2,2,No,Travel_Rarely,9,High,Medium,Low,High,4,17,3,2,3,7,2,Married,No,2011-04-08
EMP12332,35,Male,Bachelor's,Sales,Manager,1,14621,High,13,4,1,4,No,Travel_Frequently,15,Medium,High,Medium,Medium,3,14,1,6,4,10,12,Married,No,2013-11-03
EMP12333,50,Male,High School,Human Resources,HR Specialist,3,25000,Very High,22,1,1,1,Yes,Non-Travel,8,Very High,High,Very High,Medium,3,14,1,0,1,2,3,Single,Yes,2014-09-30
EMP12334,33,Female,Bachelor's,Finance,Finance Manager,1,14171,High,4,4,1,1,No,Travel_Frequently,12,Medium,High,Very High,Medium,3,19,3,1,2,7,6,Married,No,
EMP12335,58,Male,PhD,Sales,Manager,4,10636,High,29,7,2,7,No,Travel_Rarely,14,High,Low,High,High,3,22,1,6,1,9,18,Married,No,2017-07-10
EMP12336,47,Male,Master's,Research & Development,Research Scientist,5,25000,Very High,19,0,0,0,No,Travel_Rarely,17,Very High,Medium,Very High,High,3,20,0,2,0,1,10,Single,No,2014-12-27
EMP12337,51,Male,Bachelor's,Research & Development,Research Director,2,15247,Very High,25,6,5,3,No,Travel_Rarely,14,High,Medium,Medium,Very High,4,21,1,1,3,3,9,Married,No,2018-11-13
EMP12338,47,Female,PhD,Research & Development,Research Director,1,25000,Very High,24,3,3,0,No,Travel_Rarely,27,Very High,Very High,High,Low,3,14,1,1,4,1,18,Married,No,2018-11-14
EMP12339,28,Male,Master's,Sales,Manager,1,7468,Medium,0,0,0,0,No,Travel_Frequently,20,High,High,High,Very High,3,17,2,0,3,4,18,Single,No,2014-05-03
EMP12340,41,Female,Master's,Research & Development,Research Scientist,2,25000,Very High,10,3,1,0,No,Travel_Rarely,5,Medium,Low,High,High,3,16,0,6,2,2,4,Married,No,2013-05-21
EMP12341,51,Female,Bachelor's,It,IT Support,3,25000,Very High,19,1,1,1,No,Travel_Rarely,13,Medium,Very High,Medium,Medium,4,20,3,3,1,9,0,Married,No,2012-03-23
EMP12342,24,Female,Master's,Sales,Sales Representative,1,11213,High,0,0,0,0,Yes,Non-Travel,25,Medium,Very High,Very High,Medium,3,21,0,5,1,9,10,Divorced,No,2021-04-25
EMP12343,42,Male,Bachelor's,Sales,Sales Representative,1,11323,High,11,2,2,2,No,Travel_Rarely,6,Low,Medium,High,Medium,3,16,1,3,0,10,12,Married,No,2011-02-10
EMP12344,24,Male,Bachelor's,Research & Development,Research Scientist,1,25000,Very High,0,0,0,0,No,Travel_Frequently,14,High,High,High,High,3,13,2,4,4,2,7,Married,No,2018-07-21
EMP12345,51,Male,High School,Marketing,Marketing Executive,2,15807,Very High,25,7,4,6,Yes,Travel_Frequently,6,Medium,High,High,Very High,3,23,3,3,2,4,15,Single,No,2012-11-03
EMP12346,29,Male,Bachelor's,Finance,Finance Manager,4,15133,Very High,8,5,5,3,Yes,Travel_Frequently,30,High,High,Medium,Medium,4,24,3,2,2,3,8,Married,No,2011-06-14
EMP12347,58,Female,High School,Finance,Finance Manager,1,21729,Medium,30,0,0,0,Yes,Travel_Rarely,3,Medium,High,Low,High,3,15,1,0,4,5,3,Married,No,2013-04-16
EMP12348,34,Male,Bachelor's,Research & Development,Manager,1,18810,Very High,5,5,2,1,No,Travel_Rarely,16,Medium,High,Very High,Medium,3,22,0,1,0,4,18,Married,No,2023-05-11
EMP12349,26,Male,Master's,Human Resources,HR Specialist,2,19881,Very High,5,5,3,3,No,Travel_Frequently,12,Very High,Very High,High,Medium,3,10,2,0,2,9,6,Married,No,2022-04-09
EMP12350,48,Male,Bachelor's,Sales,Sales Representative,3,25000,Very High,25,0,0,0,Yes,Travel_Frequently,14,Medium,High,High,Very High,3,15,0,6,0,4,11,Single,No,2010-04-29
EMP12351,22,Female,Master's,Human Resources,HR Executive,3,11736,High,0,0,0,0,No,Travel_Rarely,2,High,Low,Medium,Medium,3,14,0,5,4,2,8,Single,No,2015-03-14
EMP12352,38,Male,Master's,Marketing,Marketing Specialist,3,11113,High,14,1,1,1,No,Travel_Rarely,18,High,Low,Very High,Medium,3,22,3,6,4,3,12,Single,No,2020-09-28
EMP12353,29,Male,Bachelor's,Human Resources,Manager,1,25000,Very High,6,4,0,0,No,Travel_Rarely,7,Medium,Low,Very High,Very High,3,10,0,4,4,11,11,Married,Yes,2024-12-02
EMP12354,47,Male,Bachelor's,It,IT Support,2,25000,Very High,18,3,3,0,Yes,Non-Travel,5,High,Medium,Medium,Medium,3,22,0,4,2,2,8,Married,No,2020-01-01
EMP12355,48,Female,Master's,Finance,Financial Analyst,5,10862,High,20,3,3,1,No,Travel_Rarely,12,Medium,Medium,Medium,Low,3,20,3,4,4,2,11,Married,Yes,2015-09-11
EMP12356,34,Male,High School,Sales,Manager,5,25000,Very High,8,8,1,2,No,Travel_Rarely,26,High,Very High,Medium,High,3,10,3,1,2,9,15,Divorced,No,2021-01-16
EMP12357,54,Male,Master's,Marketing,Manager,2,22402,Very High,21,3,1,1,No,Travel_Rarely,17,High,Very High,Low,High,3,12,0,4,0,8,12,Married,No,2023-04-06
EMP12358,25,Male,Master's,Sales,Manager,3,25000,Very High,0,0,0,0,No,Travel_Rarely,12,Medium,Very High,High,High,3,13,3,5,3,9,2,Single,No,2024-11-15
EMP12359,31,Female,Bachelor's,Research & Development,Research Scientist,4,21341,Very High,2,2,2,1,No,Non-Travel,21,High,Very High,Medium,High,3,10,2,4,0,5,5,Divorced,No,2016-04-12
EMP12360,57,Female,Bachelor's,Sales,Sales Representative,2,7080,Medium,26,13,1,2,No,Travel_Rarely,11,Medium,Medium,Very High,Medium,4,21,2,4,2,9,13,Single,No,2017-09-21
EMP12361,32,Female,Bachelor's,Sales,Sales Executive,1,20571,Very High,11,6,2,1,Yes,Travel_Rarely,1,High,Medium,Very High,Low,3,23,0,5,1,1,1,Married,No,2023-07-20
EMP12362,48,Female,Master's,Research & Development,Research Scientist,2,25000,Very High,20,3,3,3,Yes,Travel_Rarely,9,Very High,Medium,High,Very High,3,19,1,5,1,0,20,Single,No,2023-06-13
EMP12363,38,Male,Master's,Sales,Manager,4,14733,High,15,0,0,0,No,Travel_Rarely,8,Very High,Low,Medium,Medium,3,16,3,1,3,2,19,Single,No,2022-01-09
EMP12364,22,Female,PhD,Research & Development,Research Director,2,18498,Very High,0,0,0,0,Yes,Travel_Rarely,14,High,Very High,Low,Very High,3,11,1,6,4,2,2,Single,No,2015-10-17
EMP12365,27,Male,Bachelor's,Human Resources,HR Executive,3,20348,Very High,4,0,0,0,Yes,Travel_Rarely,4,Medium,High,High,Medium,3,20,3,4,0,3,15,Single,Yes,2012-05-13
EMP12366,27,Male,Bachelor's,Sales,Manager,2,5974,Medium,0,0,0,0,No,Travel_Rarely,11,Very High,Low,Very High,Very High,4,13,3,2,0,3,7,Single,No,2021-02-19
EMP12367,39,Male,High School,Sales,Sales Executive,1,25000,Very High,10,4,4,1,Yes,Travel_Frequently,17,Medium,Medium,Medium,High,4,21,0,0,2,4,5,Single,Yes,2010-02-25
EMP12368,23,Male,PhD,Research & Development,Research Director,1,14682,High,0,0,0,0,No,Travel_Rarely,27,High,High,Medium,High,3,18,2,4,3,3,2,Married,No,2020-11-15
EMP12369,40,Male,Bachelor's,Research & Development,Laboratory Technician,5,25000,Very High,13,0,0,0,No,Non-Travel,8,Low,Low,Medium,High,3,17,1,4,4,11,4,Married,No,2017-05-08
EMP12370,22,Male,Bachelor's,Finance,Finance Manager,2,21184,Very High,0,0,0,0,No,Travel_Rarely,21,Very High,Medium,Very High,High,3,11,2,0,3,1,3,Single,No,2013-12-11
EMP12371,27,Female,Master's,Finance,Finance Manager,1,25000,Very High,0,0,0,0,Yes,Travel_Rarely,1,High,High,High,High,3,20,2,6,1,10,5,Married,No,2023-11-26
EMP12372,42,Female,Bachelor's,It,Data Analyst,4,25000,Very High,14,1,1,0,Yes,Travel_Rarely,18,High,Very High,Medium,High,3,20,1,4,3,11,1,Married,No,2014-12-15
EMP12373,35,Male,Bachelor's,Finance,Accountant,2,19817,Very High,15,0,0,0,Yes,Travel_Rarely,5,Low,Very High,High,High,3,18,3,6,4,0,2,Single,No,2025-02-21
EMP12374,32,Male,Bachelor's,Research & Development,Manager,3,14734,High,2,1,1,0,Yes,Travel_Rarely,29,High,High,Low,High,3,10,1,5,4,9,7,Divorced,No,2021-07-25
EMP12375,22,Female,Bachelor's,Finance,Finance Manager,2,25000,Very High,0,0,0,0,Yes,Travel_Rarely,30,High,Medium,High,Medium,4,15,2,6,0,6,14,Married,Yes,2025-03-27
EMP12376,28,Female,Master's,Sales,Sales Executive,1,9480,High,7,7,1,1,No,Travel_Rarely,25,High,Very High,High,Low,3,12,1,4,0,8,9,Single,No,2010-03-02
EMP12377,33,Female,Bachelor's,Research & Development,Research Scientist,2,25000,Very High,8,3,3,2,No,Travel_Rarely,26,Medium,High,High,Medium,3,10,0,2,4,8,14,Married,No,2019-05-01
EMP12378,32,Male,Bachelor's,It,IT Support,5,13432,High,0,0,0,0,No,Travel_Rarely,8,Medium,High,High,High,3,17,3,6,0,10,5,Married,No,2011-01-23
EMP12379,26,Male,High School,Research & Development,Manager,1,25000,Very High,2,0,0,0,No,Travel_Rarely,27,Low,Very High,Medium,Very High,3,15,3,5,0,0,11,Single,No,2023-01-19
EMP12380,34,Male,Bachelor's,It,Data Analyst,3,23685,Very High,11,0,0,0,No,Travel_Rarely,26,Medium,High,High,High,3,13,1,3,0,8,7,Married,No,2023-05-28
EMP12381,26,Female,Bachelor's,It,Manager,1,25000,Very High,0,0,0,0,No,Travel_Frequently,8,Medium,Low,Very High,High,3,12,3,1,4,0,5,Married,No,2011-10-26
EMP12382,57,Male,High School,It,Software Engineer,2,22854,Very High,35,4,0,1,Yes,Travel_Rarely,29,Medium,Very High,High,High,3,22,3,1,0,0,15,Married,No,2014-06-16
EMP12383,53,Male,Master's,Marketing,Marketing Executive,2,10011,High,26,7,7,2,No,Travel_Frequently,9,Low,High,Medium,Medium,3,19,2,0,1,1,14,Single,No,2013-05-11
EMP12384,60,Male,Bachelor's,Research & Development,Research Scientist,4,14953,High,33,5,1,1,No,Travel_Rarely,18,Medium,High,Medium,Very High,3,11,2,2,4,9,19,Married,No,2016-02-26
EMP12385,41,Female,Master's,Research & Development,Manager,2,25000,Very High,18,2,2,1,Yes,Non-Travel,7,Low,Medium,Medium,High,3,22,3,6,3,10,14,Divorced,No,2017-07-15
EMP12386,43,Male,High School,Human Resources,Manager,2,23742,Very High,13,1,1,0,No,Travel_Rarely,10,Very High,Low,Low,Very High,3,14,3,1,2,10,7,Married,No,2015-03-25
EMP12387,56,Female,Master's,Research & Development,Research Scientist,3,25000,Very High,22,8,1,7,No,Non-Travel,21,High,Medium,Low,Medium,3,24,2,0,2,5,18,Single,No,2018-01-24
EMP12388,20,Female,Bachelor's,Human Resources,HR Executive,1,25000,Very High,0,0,0,0,Yes,Travel_Rarely,16,Medium,Low,Medium,High,3,17,3,0,1,8,13,Single,No,2017-05-07
EMP12389,29,Female,Bachelor's,Finance,Finance Manager,1,14257,High,0,0,0,0,No,Travel_Rarely,3,High,Low,Very High,High,3,21,3,0,4,4,20,Married,Yes,2015-06-26
EMP12390,35,Male,PhD,Finance,Accountant,1,15395,Very High,7,4,4,4,No,Travel_Rarely,10,High,Medium,High,High,3,17,2,1,3,8,15,Married,Yes,2025-11-19
EMP12391,27,Female,Bachelor's,Research & Development,Laboratory Technician,2,23071,Very High,3,3,0,3,No,Travel_Rarely,30,Very High,High,Medium,High,3,12,2,3,4,8,11,Married,No,2014-03-05
EMP12392,44,Male,Bachelor's,Sales,Sales Executive,2,7775,Medium,24,12,3,1,No,Non-Travel,8,Low,Very High,Low,Medium,3,18,2,0,3,7,2,Single,No,2020-02-28
EMP12393,31,Male,Bachelor's,Research & Development,Research Director,3,25000,Very High,5,5,3,0,No,Travel_Rarely,18,Medium,Very High,Very High,Medium,3,19,0,4,3,10,19,Single,No,2016-09-22
EMP12394,44,Female,Bachelor's,Sales,Manager,2,25000,Very High,24,4,2,4,No,Travel_Rarely,4,Very High,Low,High,High,3,25,2,3,4,11,4,Married,No,2011-07-19
EMP12395,36,Male,Unknown,It,IT Support,1,25000,Very High,15,4,3,0,Yes,Travel_Rarely,29,Medium,Very High,Very High,Medium,3,14,3,3,0,6,12,Married,No,2013-11-17
EMP12396,45,Male,High School,Research & Development,Laboratory Technician,3,10815,High,21,2,2,2,No,Travel_Rarely,12,Low,High,High,Medium,4,25,2,4,2,2,14,Married,No,2021-09-05
EMP12397,33,Male,Master's,Sales,Manager,1,25000,Very High,9,9,4,6,No,Travel_Rarely,21,Low,High,Low,Very High,3,16,0,1,0,9,7,Single,No,2010-09-01
EMP12398,60,Male,Master's,Sales,Manager,4,25000,Very High,37,3,3,0,Yes,Travel_Rarely,5,Low,Low,Very High,High,4,20,2,1,2,2,13,Single,No,2020-08-03
EMP12399,55,Male,Master's,Human Resources,HR Specialist,1,12156,High,29,1,1,1,No,Travel_Rarely,4,Very High,Medium,High,Very High,4,18,2,6,0,3,14,Married,Yes,2020-12-18
EMP12400,42,Male,High School,Human Resources,HR Executive,1,25000,Very High,15,3,2,3,No,Travel_Rarely,19,Medium,Very High,High,High,4,16,0,2,4,8,18,Married,No,2024-03-08
EMP12401,25,Male,Bachelor's,Research & Development,Manager,2,22037,Very High,0,0,0,0,Yes,Travel_Rarely,19,Very High,Medium,High,High,3,19,1,6,4,11,7,Single,No,2018-03-04
EMP12402,24,Female,Master's,Sales,Manager,1,10993,High,0,0,0,0,No,Travel_Rarely,5,Very High,Low,High,Low,4,12,1,1,3,2,9,Married,No,2015-10-24
EMP12403,44,Male,Bachelor's,Research & Development,Research Scientist,1,25000,Very High,21,4,0,4,Yes,Travel_Rarely,15,High,Medium,High,Very High,3,11,2,2,1,7,12,Single,Yes,2014-03-09
EMP12404,37,Male,Master's,Research & Development,Laboratory Technician,2,25000,Very High,17,2,1,2,No,Travel_Rarely,12,Low,Medium,High,High,3,21,1,0,4,7,3,Single,No,2011-01-05
EMP12405,32,Male,High School,Finance,Accountant,1,16806,Very High,0,0,0,0,No,Travel_Rarely,26,Low,High,High,High,3,16,1,1,2,5,10,Married,No,2018-12-29
EMP12406,33,Female,Bachelor's,Human Resources,HR Specialist,1,25000,Very High,5,5,1,3,Yes,Non-Travel,13,Medium,Very High,High,Medium,3,19,3,1,3,1,1,Single,No,2015-12-14
EMP12407,47,Female,Master's,Research & Development,Research Director,1,10404,High,20,7,7,0,Unknown,Travel_Frequently,6,Medium,High,Very High,High,3,17,3,6,2,5,18,Single,No,2013-03-21
EMP12408,37,Female,Master's,Sales,Manager,2,11241,High,15,9,1,1,No,Non-Travel,29,High,Very High,High,High,4,21,3,4,0,3,20,Married,No,2019-12-28
EMP12409,47,Male,Master's,Marketing,Marketing Specialist,2,23423,Very High,26,2,2,0,No,Travel_Rarely,17,Medium,High,Low,High,4,21,0,0,1,6,17,Married,No,2015-12-04
EMP12410,46,Male,Master's,Research & Development,Laboratory Technician,1,22280,Very High,23,7,2,0,Yes,Travel_Frequently,27,Very High,Low,High,Very High,4,13,1,5,4,10,20,Married,No,2019-11-03
EMP12411,51,Male,Master's,Finance,Financial Analyst,2,15955,Very High,30,3,3,0,Yes,Travel_Rarely,20,High,Low,Medium,High,4,10,2,5,0,0,5,Single,Yes,2025-05-01
EMP12412,28,Male,Bachelor's,Sales,Sales Representative,3,25000,Very High,6,1,1,1,No,Travel_Rarely,10,High,Medium,Low,High,3,15,0,2,3,2,13,Single,No,2023-07-27
EMP12413,59,Male,PhD,Research & Development,Laboratory Technician,2,25000,Very High,34,1,1,1,No,Travel_Rarely,14,Very High,Low,Medium,Low,3,18,1,0,2,7,17,Single,No,2025-09-07
EMP12414,51,Female,Master's,Sales,Sales Executive,2,25000,Very High,24,2,2,2,No,Travel_Frequently,15,Low,High,Medium,Medium,4,13,2,5,1,0,10,Married,No,2017-03-07
EMP12415,39,Male,Master's,Research & Development,Manager,1,20839,Very High,15,1,1,1,No,Non-Travel,10,Medium,Low,Low,Very High,3,12,0,3,4,9,6,Married,No,2014-06-10
EMP12416,47,Female,Bachelor's,Marketing,Marketing Specialist,2,25000,Very High,20,20,1,3,No,Travel_Rarely,6,Low,Medium,Medium,Medium,3,15,3,4,2,11,14,Single,No,2021-09-28
EMP12417,52,Male,Master's,Research & Development,Research Scientist,4,18024,Very High,29,0,0,0,Yes,Travel_Rarely,29,Low,Medium,High,High,3,15,2,3,4,2,0,Married,No,2010-12-21
EMP12418,23,Female,Bachelor's,Sales,Sales Executive,2,25000,Very High,2,2,1,1,Yes,Travel_Rarely,16,High,High,Medium,Very High,4,13,3,5,4,2,9,Divorced,No,2010-02-27
EMP12419,53,Male,High School,Sales,Sales Representative,1,15281,Very High,27,3,1,2,No,Non-Travel,2,Medium,High,Medium,Medium,3,16,1,2,2,11,20,Single,No,2024-07-29
EMP12420,22,Female,Bachelor's,Research & Development,Research Scientist,1,25000,Very High,0,0,0,0,No,Travel_Frequently,10,Medium,Very High,Very High,Medium,3,20,2,1,4,7,8,Married,Yes,2019-03-28
EMP12421,45,Male,Bachelor's,Sales,Sales Executive,4,22375,Very High,27,4,1,4,No,Travel_Rarely,5,Very High,Medium,Very High,High,3,11,3,1,3,0,15,Married,No,2019-03-10
EMP12422,27,Female,Bachelor's,Sales,Sales Executive,3,11861,High,1,1,1,0,No,Travel_Rarely,27,Low,High,Medium,Medium,3,10,3,1,1,9,15,Married,No,2021-07-17
EMP12423,25,Male,Master's,It,IT Support,1,-500,Very High,5,5,5,4,No,Travel_Rarely,9,High,Low,Very High,Low,3,20,1,2,0,4,16,Married,No,2025-04-16
EMP12424,35,Male,Master's,Research & Development,Laboratory Technician,1,23310,Very High,13,2,1,2,No,Travel_Frequently,19,Low,Low,High,High,3,15,1,3,1,6,11,Married,Yes,2016-03-05
EMP12425,43,Male,Bachelor's,Sales,Sales Executive,4,25000,Very High,9,4,2,2,Yes,Travel_Frequently,19,Medium,Low,Medium,High,3,12,1,2,0,3,6,Married,No,2012-04-06
EMP12426,58,Male,Master's,Marketing,Marketing Specialist,1,25000,Very High,28,6,1,1,No,Travel_Rarely,9,High,Medium,High,High,3,25,1,2,3,9,1,Divorced,No,2012-02-11
EMP12427,49,Female,Bachelor's,Sales,Manager,2,25000,Very High,21,11,1,2,No,Travel_Rarely,16,Very High,High,Very High,Very High,4,12,1,3,1,2,2,Divorced,No,2025-09-21
EMP12428,32,Female,Bachelor's,Marketing,Marketing Executive,3,16873,Very High,4,4,4,2,No,Non-Travel,29,Medium,Low,High,Medium,3,22,0,5,3,9,5,Single,No,2025-10-04
EMP12429,24,Female,Bachelor's,Research & Development,Research Director,2,25000,Very High,1,1,1,1,No,Travel_Rarely,19,Low,Medium,Medium,Low,3,10,3,1,2,5,18,Married,No,2011-11-12
EMP12430,44,Female,Master's,It,IT Support,1,22034,Very High,17,2,1,2,No,Non-Travel,20,Medium,Low,Low,Low,3,22,1,4,0,4,7,Married,No,2011-07-26
EMP12431,39,Male,Bachelor's,Human Resources,Manager,1,25000,Very High,18,3,1,0,No,Travel_Rarely,28,Low,High,Medium,High,3,11,3,2,2,1,3,Single,Yes,2013-09-03
EMP12432,37,Female,High School,It,IT Support,4,8357,High,6,6,5,1,Yes,Travel_Frequently,25,Medium,High,Medium,Very High,3,12,0,2,2,5,6,Single,No,2019-11-04
EMP12433,37,Male,Bachelor's,Marketing,Marketing Specialist,2,25000,Very High,12,11,3,0,No,Travel_Frequently,4,High,High,Medium,Very High,3,10,2,3,1,10,3,Single,No,2017-01-23
EMP12434,21,Female,Master's,Sales,Sales Executive,3,16525,Very High,1,1,1,1,No,Travel_Rarely,5,Low,High,High,Medium,3,17,3,5,4,2,17,Single,Yes,2021-08-01
EMP12435,29,Male,Master's,Marketing,Manager,2,25000,Very High,1,1,1,1,Yes,Non-Travel,18,Medium,High,High,Medium,3,25,3,6,4,8,6,Married,No,2010-12-17
EMP12436,31,Female,Bachelor's,Research & Development,Research Scientist,4,25000,Very High,3,3,0,1,Yes,Travel_Rarely,8,High,Medium,High,Medium,4,25,3,4,3,2,0,Married,No,2022-10-14
EMP12437,32,Male,Bachelor's,Research & Development,Manager,4,24537,Very High,10,3,0,1,No,Travel_Frequently,13,Medium,Low,Medium,High,3,15,2,6,1,8,4,Married,No,2025-09-29
EMP12438,30,Male,Master's,Research & Development,Research Director,2,25000,Very High,7,2,2,2,Yes,Non-Travel,9,Low,High,Low,High,3,18,0,2,2,5,9,Married,No,2017-05-15
EMP12439,38,Male,Master's,Research & Development,Laboratory Technician,1,14055,High,11,3,2,3,No,Travel_Rarely,10,Very High,High,Medium,High,3,10,3,6,3,7,13,Married,No,2021-10-05
EMP12440,54,Male,Bachelor's,Sales,Sales Representative,2,25000,Very High,23,5,2,1,No,Travel_Rarely,4,Medium,Very High,Very High,Very High,3,20,0,0,2,8,0,Married,No,2024-05-28
EMP12441,58,Male,Master's,Research & Development,Manager,2,25000,Very High,38,30,0,1,No,Travel_Rarely,19,High,Very High,High,Very High,3,23,3,4,3,7,11,Married,No,2019-02-03
EMP12442,45,Male,PhD,Research & Development,Research Scientist,2,25000,Very High,14,3,0,3,No,Travel_Frequently,4,Medium,Very High,High,High,3,21,3,2,0,10,18,Married,Yes,2017-12-11
EMP12443,33,Female,Bachelor's,It,Data Analyst,3,25000,Very High,1,1,0,1,No,Travel_Frequently,29,Medium,Very High,Low,Low,3,24,3,4,3,1,1,Single,Yes,2015-02-24
EMP12444,43,Male,Bachelor's,It,Data Analyst,1,17050,Very High,19,1,1,1,No,Travel_Rarely,13,Medium,High,Medium,Medium,3,13,2,5,3,2,13,Married,No,2012-10-09
EMP12445,60,Female,High School,Research & Development,Laboratory Technician,1,15387,Very High,34,0,0,0,No,Travel_Frequently,23,Medium,Low,High,High,3,13,0,6,2,7,2,Single,No,2025-05-18
EMP12446,20,Male,Master's,Research & Development,Manager,2,22436,Very High,0,0,0,0,No,Travel_Rarely,17,Low,Low,High,High,3,14,0,0,4,4,18,Single,No,2015-11-08
EMP12447,41,Male,Bachelor's,Sales,Sales Executive,1,25000,Very High,9,4,1,3,Yes,Travel_Rarely,27,Medium,High,Low,Medium,4,20,1,0,2,9,2,Single,No,2014-12-21
EMP12448,42,Male,Bachelor's,Sales,Sales Representative,2,18448,Very High,13,1,0,1,Yes,Travel_Rarely,11,Very High,Medium,Low,Medium,4,11,3,4,1,3,12,Married,No,2024-01-28
EMP12449,38,Male,Master's,Sales,Sales Representative,4,25000,Very High,17,6,6,1,Yes,Travel_Rarely,2,High,Low,Medium,Medium,4,25,2,1,2,5,16,Married,Yes,2022-01-16
EMP12450,37,Male,Master's,Research & Development,Research Scientist,2,25000,Very High,9,7,7,7,No,Travel_Rarely,26,Low,High,Medium,Medium,3,22,3,4,4,11,2,Married,No,2022-02-07
EMP12451,31,Male,Bachelor's,Sales,Manager,4,14055,High,5,1,1,1,No,Travel_Rarely,5,High,Medium,Very High,Very High,3,10,0,3,1,11,13,Married,No,2023-05-11
EMP12452,47,Male,High School,Marketing,Manager,3,25000,Very High,19,2,1,2,No,Travel_Rarely,25,Very High,High,Low,High,3,21,0,1,4,5,1,Married,No,2015-05-05
EMP12453,47,Female,Bachelor's,Research & Development,Manager,3,25000,Very High,26,23,1,2,No,Travel_Frequently,13,High,High,Very High,High,4,18,3,5,1,6,12,Single,No,2014-10-20
EMP12454,52,Male,Master's,Research & Development,Laboratory Technician,2,23793,Very High,33,2,2,2,No,Travel_Rarely,22,Low,High,High,Low,3,14,0,0,2,4,8,Married,No,2020-03-04
EMP12455,38,Male,Master's,Human Resources,Manager,1,25000,Very High,6,6,3,0,No,Travel_Rarely,3,Very High,High,Medium,Very High,3,17,3,1,4,0,9,Married,No,2013-04-10
EMP12456,47,Female,Bachelor's,Sales,Sales Executive,2,12736,High,20,3,2,3,No,Travel_Rarely,19,Medium,Medium,High,High,3,23,3,0,4,7,7,Married,No,2011-09-18
EMP12457,56,Female,Master's,Research & Development,Research Director,1,25000,Very High,33,8,8,4,No,Non-Travel,29,Medium,Low,Medium,High,3,21,1,0,0,0,6,Single,No,2011-03-21
EMP12458,45,Male,Master's,Human Resources,Manager,5,13009,High,24,7,0,2,No,Travel_Rarely,23,High,Very High,High,Low,3,12,2,0,0,3,0,Married,No,2010-03-24
EMP12459,54,Female,Bachelor's,Research & Development,Laboratory Technician,1,13342,High,32,6,5,0,Yes,Travel_Frequently,19,Very High,Medium,Medium,High,3,13,2,3,3,2,7,Single,No,2010-06-03
EMP12460,53,Female,Master's,Research & Development,Research Director,1,16582,Very High,28,10,1,1,No,Non-Travel,16,Very High,High,Medium,Very High,3,13,0,3,0,2,7,Married,No,2011-03-10
EMP12461,54,Male,Bachelor's,Marketing,Marketing Executive,2,14416,High,23,14,1,3,No,Travel_Rarely,16,Very High,High,High,Very High,3,15,0,2,4,5,5,Married,No,2022-05-10
EMP12462,59,Male,Master's,It,IT Support,2,17213,Very High,34,4,4,4,No,Travel_Rarely,26,Low,Medium,Low,High,3,13,1,5,3,7,17,Married,No,2020-04-26
EMP12463,35,Female,Bachelor's,Human Resources,HR Executive,1,20003,Very High,16,1,1,1,Yes,Travel_Frequently,3,Very High,Medium,Medium,High,3,25,0,3,2,4,3,Married,No,2015-02-23
EMP12464,57,Male,Bachelor's,Research & Development,Manager,1,25000,Very High,33,3,3,2,No,Travel_Frequently,26,Low,Medium,Very High,Low,3,14,0,5,3,5,10,Single,No,2021-08-28
EMP12465,32,Male,Bachelor's,Human Resources,Manager,3,19063,Very High,8,7,4,1,No,Travel_Rarely,28,Medium,Medium,Very High,Medium,3,21,3,0,1,11,19,Single,No,2011-10-04
EMP12466,42,Male,Master's,Sales,Manager,2,10791,High,17,5,4,2,No,Travel_Rarely,23,High,Low,Very High,Medium,3,23,1,5,3,5,15,Married,No,2022-01-12
EMP12467,41,Female,Bachelor's,Research & Development,Laboratory Technician,1,25000,Very High,19,1,1,1,Yes,Travel_Frequently,25,Medium,Very High,High,Low,4,14,3,4,0,11,11,Single,No,2016-07-03
EMP12468,35,Female,Bachelor's,Sales,Sales Executive,2,15113,Very High,10,0,0,0,No,Non-Travel,9,High,High,Low,Medium,3,17,3,5,2,0,3,Divorced,No,2013-12-27
EMP12469,47,Female,PhD,Research & Development,Research Director,1,21452,Very High,21,6,5,6,No,Non-Travel,19,Medium,Low,Medium,Very High,3,18,0,1,1,6,8,Married,Yes,2011-06-17
EMP12470,54,Female,Master's,Research & Development,Research Director,1,25000,Very High,33,1,1,1,Yes,Travel_Rarely,24,Very High,High,Very High,High,3,20,3,4,3,0,0,Married,No,2019-10-20
EMP12471,27,Male,PhD,Sales,Sales Representative,4,24097,Very High,0,0,0,0,No,Travel_Rarely,1,Medium,Medium,Very High,High,3,17,2,0,2,11,5,Married,No,2024-12-31
EMP12472,41,Male,Bachelor's,Marketing,Manager,2,25000,Very High,12,7,4,3,Yes,Travel_Rarely,14,Medium,Medium,Medium,Medium,3,21,2,4,0,6,0,Married,Yes,2019-12-12
EMP12473,40,Female,Master's,Marketing,Manager,1,25000,Very High,10,4,4,0,No,Travel_Rarely,28,Unknown,High,High,Medium,3,14,2,1,2,7,19,Single,Yes,2015-12-12
EMP12474,45,Female,Bachelor's,Finance,Accountant,5,14949,High,20,0,0,0,No,Travel_Frequently,24,Low,Very High,Very High,Medium,3,21,1,2,2,3,7,Single,Yes,2012-01-07
EMP12475,59,Male,High School,Research & Development,Research Scientist,3,25000,Very High,36,1,1,1,No,Travel_Rarely,11,High,High,High,High,3,21,1,2,1,7,12,Single,No,2015-07-20
EMP12476,40,Male,Bachelor's,It,Software Engineer,1,24039,Very High,13,1,1,1,No,Travel_Rarely,18,High,Very High,Very High,Medium,4,15,2,5,4,5,18,Single,No,2017-01-12
EMP12477,44,Male,Bachelor's,Sales,Sales Executive,2,20613,Very High,21,1,1,1,No,Travel_Rarely,20,High,Very High,Medium,Medium,3,13,2,5,0,5,19,Single,No,2023-03-28
EMP12478,60,Male,Bachelor's,It,Data Analyst,3,25000,Very High,36,4,4,2,Yes,Travel_Frequently,7,High,High,High,Low,3,11,3,3,1,10,3,Married,No,2020-03-28
EMP12479,20,Male,Bachelor's,Sales,Sales Representative,2,24643,Very High,0,0,0,0,No,Travel_Rarely,6,Low,Very High,High,High,3,20,1,4,1,10,6,Married,No,2013-12-12
EMP12480,25,Male,Master's,It,IT Support,2,25000,Very High,0,0,0,0,Yes,Travel_Rarely,12,Very High,High,High,High,3,20,0,3,1,8,17,Married,No,2016-01-17
EMP12481,42,Female,Bachelor's,Sales,Sales Representative,2,25000,Very High,12,0,0,0,No,Travel_Rarely,25,Low,Low,Very High,Medium,3,14,0,3,4,5,9,Single,No,2013-02-16
EMP12482,42,Male,Bachelor's,It,Software Engineer,2,19462,Very High,19,1,1,1,Yes,Travel_Rarely,30,Medium,High,Very High,High,3,10,1,4,4,11,14,Married,No,2012-08-18
EMP12483,42,Female,Bachelor's,Marketing,Marketing Executive,2,19092,Very High,16,16,0,1,Yes,Non-Travel,24,Low,Low,Low,High,3,10,3,4,3,10,12,Single,No,2012-05-20
EMP12484,51,Male,Master's,Sales,Sales Executive,2,23213,Very High,21,3,3,3,No,Travel_Frequently,2,High,Medium,Medium,Medium,4,10,2,1,3,4,19,Married,No,2010-03-30
EMP12485,49,Male,High School,Research & Development,Manager,1,25000,Very High,22,10,2,1,No,Travel_Rarely,13,High,Medium,High,High,3,13,3,4,0,9,17,Divorced,No,2023-02-09
EMP12486,32,Female,Bachelor's,Marketing,Marketing Executive,3,11182,High,3,3,3,3,No,Travel_Frequently,20,Very High,High,Medium,Medium,3,23,3,4,0,9,11,Married,No,2019-04-25
EMP12487,37,Female,Bachelor's,Sales,Manager,1,9095,High,10,4,4,1,No,Travel_Rarely,1,High,Low,Medium,Very High,3,14,1,5,4,5,14,Married,No,2016-11-02
EMP12488,42,Male,Master's,It,Manager,2,16912,Very High,18,6,6,1,No,Travel_Frequently,23,High,Medium,High,High,3,24,2,3,4,11,7,Divorced,No,2015-12-20
EMP12489,34,Female,High School,Human Resources,Manager,2,10559,High,4,1,1,0,No,Travel_Rarely,0,Very High,Medium,High,High,3,13,1,2,4,7,10,Single,No,2014-06-04
EMP12490,52,Female,Bachelor's,Research & Development,Laboratory Technician,3,18194,Very High,25,6,6,6,Yes,Travel_Frequently,20,Medium,High,High,Medium,3,15,1,0,1,8,2,Single,No,2015-10-12
EMP12491,40,Male,Bachelor's,Sales,Sales Representative,2,25000,Very High,11,2,1,0,No,Travel_Rarely,8,High,Medium,Medium,High,3,11,3,2,4,9,13,Married,No,2015-01-06
EMP12492,58,Male,Master's,Sales,Sales Executive,3,14752,High,35,9,1,9,No,Travel_Rarely,18,High,High,Medium,High,3,14,1,4,1,9,7,Single,No,2010-04-18
EMP12493,42,Female,Bachelor's,It,IT Support,1,11590,High,26,0,0,0,No,Travel_Rarely,15,Medium,Very High,Medium,High,3,22,1,0,1,10,20,Married,No,2014-09-16
EMP12494,46,Male,Master's,Research & Development,Manager,2,22725,Very High,15,7,4,1,No,Travel_Rarely,8,High,Low,High,High,3,15,1,4,0,7,5,Married,No,2020-03-23
EMP12495,37,Male,Bachelor's,Research & Development,Laboratory Technician,3,25000,Very High,11,1,1,1,No,Travel_Frequently,2,Medium,Very High,High,Medium,3,24,1,5,2,7,20,Married,No,2014-06-08
EMP12496,43,Male,PhD,Research & Development,Research Scientist,4,10273,High,21,11,1,0,No,Travel_Rarely,11,High,Medium,Medium,Medium,3,14,3,1,3,6,0,Single,No,2025-01-28
EMP12497,59,Male,Master's,Human Resources,HR Executive,2,25000,Very High,37,2,2,0,Yes,Travel_Rarely,8,High,High,Medium,High,3,15,2,4,3,0,9,Single,No,2019-06-18
EMP12498,26,Female,Master's,It,Manager,1,25000,Very High,0,0,0,0,Yes,Travel_Rarely,29,Very High,High,Medium,Medium,3,17,2,0,0,3,1,Married,No,2012-10-02
EMP12499,39,Male,Bachelor's,Marketing,Marketing Executive,1,25000,Very High,8,3,3,2,Yes,Travel_Rarely,13,Very High,Very High,High,Low,3,11,3,5,0,3,7,Married,No,2010-11-03
EMP12500,46,Male,Bachelor's,Research & Development,Unknown,1,25000,Very High,20,2,0,2,Yes,Travel_Frequently,1,High,Low,Medium,High,3,22,0,1,4,11,13,Single,No,2021-12-25
EMP10171,36,Male,Bachelor's,Finance,Finance Manager,3,24996,Very High,16,3,0,3,No,Travel_Rarely,22,High,Low,Medium,Medium,3,25,3,6,1,8,13,Married,No,2010-07-27
EMP12226,44,Female,Master's,Research & Development,Laboratory Technician,3,21248,Very High,18,7,7,1,No,Travel_Rarely,13,High,Low,Medium,Medium,3,25,2,2,1,2,6,Divorced,No,2023-06-06
EMP12451,31,Male,Bachelor's,Sales,Manager,4,14055,High,5,1,1,1,No,Travel_Rarely,5,High,Medium,Very High,Very High,3,10,0,3,1,11,13,Married,No,2012-01-10
EMP10998,38,Male,Bachelor's,Sales,Sales Executive,1,25000,Very High,15,2,0,2,Yes,Travel_Rarely,12,High,Medium,High,High,3,22,3,5,1,2,15,Married,No,2025-10-14
EMP10241,40,Male,Bachelor's,Marketing,Marketing Specialist,2,13778,High,25,6,1,2,No,Travel_Rarely,22,Low,High,Medium,High,3,13,3,2,1,11,3,Married,No,2020-01-08
EMP10433,21,Female,Bachelor's,Human Resources,Manager,1,25000,Very High,0,0,0,0,No,Travel_Rarely,5,Medium,Medium,Medium,Medium,3,19,2,2,3,5,16,Married,No,2012-07-07
EMP10475,30,Female,Bachelor's,Research & Development,Laboratory Technician,2,17741,Very High,2,0,0,0,No,Travel_Rarely,12,High,High,Medium,Very High,3,20,0,5,3,5,7,Single,No,2017-04-23
EMP10922,36,Female,Master's,Research & Development,Manager,2,25000,Very High,12,5,3,2,No,Non-Travel,4,Low,Medium,Very High,High,4,24,3,4,0,0,20,Married,Yes,2021-09-01
EMP10064,49,Male,Bachelor's,Research & Development,Laboratory Technician,1,15430,Very High,22,3,3,3,Yes,Travel_Rarely,30,Medium,High,Medium,High,3,15,3,0,1,11,4,Married,No,2018-01-27
EMP12219,49,Female,Bachelor's,It,Manager,1,22320,Very High,18,1,1,1,No,Travel_Frequently,25,High,High,High,Very High,3,11,0,2,4,6,12,Single,No,2024-03-08
EMP11969,45,Female,Bachelor's,Research & Development,Research Scientist,4,23412,Very High,17,2,0,2,No,Travel_Frequently,30,High,High,Medium,High,4,22,3,5,2,8,20,Single,No,2017-05-13
EMP11043,27,Female,Bachelor's,Research & Development,Research Director,3,20237,Very High,4,4,1,4,Yes,Travel_Rarely,14,Very High,High,High,High,4,14,1,5,3,8,0,Married,Yes,2015-08-13
EMP10563,40,Male,Master's,Sales,Manager,3,21414,Very High,11,1,1,1,Yes,Travel_Rarely,10,High,Medium,Medium,Low,3,21,3,5,1,7,10,Single,No,2011-10-09
EMP10122,34,Male,Bachelor's,It,Data Analyst,2,25000,Very High,1,1,1,1,Yes,Travel_Rarely,15,Very High,High,High,Low,3,11,1,4,4,3,5,Married,No,2014-01-23
EMP10491,45,Female,Bachelor's,Research & Development,Laboratory Technician,2,13121,High,25,4,1,4,No,Travel_Rarely,9,Low,Medium,Medium,High,4,25,1,5,3,10,19,Married,No,2016-10-17
EMP10834,28,Female,Bachelor's,Sales,Sales Executive,5,25000,Very High,0,0,0,0,Yes,Non-Travel,24,Medium,High,High,High,3,22,1,3,4,6,12,Married,No,2012-08-13
EMP10691,33,Male,High School,Research & Development,Manager,1,16733,Very High,0,0,0,0,No,Travel_Frequently,14,Medium,High,Very High,High,3,25,2,3,3,0,3,Single,No,2023-11-05
EMP11225,20,Male,Bachelor's,Research & Development,Manager,2,12934,High,0,0,0,0,No,Travel_Rarely,27,Low,Very High,Medium,Medium,3,12,0,3,2,6,3,Single,Yes,2011-12-06
EMP12358,25,Male,Master's,Sales,Manager,3,25000,Very High,0,0,0,0,No,Travel_Rarely,12,Medium,Very High,High,High,3,13,3,5,3,9,2,Single,No,2019-01-30
EMP12236,46,Female,Bachelor's,Human Resources,HR Executive,2,18766,Very High,21,2,1,1,No,Travel_Rarely,29,Low,Low,High,Low,3,17,1,4,4,8,0,Single,No,2011-05-23
