EmployeeID,Age,Gender,Education,Department,JobRole,JobLevel,MonthlyIncome,SalarySlab,TotalWorkingYears,YearsAtCompany,YearsInCurrentRole,YearsWithCurrentManager,OverTime,BusinessTravel,DistanceFromHome,JobSatisfaction,EnvironmentSatisfaction,WorkLifeBalance,JobInvolvement,PerformanceRating,PercentSalaryHike,StockOptionLevel,TrainingTimesLastYear,NumCompaniesWorked,SickLeaveDays,AbsentDays,MaritalStatus,Attrition,JoiningDate,EmployeeNumber
EMP10001,23,Male,Bachelor's,Research & Development,Laboratory Technician,1,25000.0,Very High,0,0.0,0,0,No,Travel_Frequently,22.0,High,Medium,High,Medium,3,18,3,5,0,1,18,Single,No,03-12-2013,528084
EMP10002,26,Female,Master's,Marketing,Marketing Executive,2,13564.0,High,0,0.0,0,0,NO,Travel_Rarely,15.0,Very High,Low,Low,Low,3,16,2,4,1,9,3,Married,No,06-02-2014,842920
EMP10003,54,Female,Master's,Finance,Finance Manager,2,0.0,Very High,27,0.0,0,0,No,Travel_Frequently,20.0,Low,Low,High,Very High,3,18,1,4,3,4,1,Married,No,01-04-2015,834848
EMP10004,28,Female,PhD,Human Resources,HR Executive,2,25000.0,Very High,3,2.0,2,1,No,Travel_Rarely,27.0,Very High,Medium,High,Medium,3,24,1,1,0,9,18,Single,No,26-03-2010,579630
EMP10005,27,Female,Master's,Sales,Sales Executive,2,25000.0,Very High,1,1.0,0,1,No,Travel_Rarely,28.0,High,Medium,Medium,Low,3,17,1,1,3,8,18,Married,No,04-10-2017,179704
EMP10006,36,Female,Bachelor's,Sales,Manager,2,25000.0,Very High,14,4.0,2,0,No,Travel_Frequently,22.0,High,Low,High,Low,3,19,3,0,3,4,9,Single,No,23-04-2025,342467
EMP10007,36,Male,Bachelor's,Sales,Manager,1,13357.0,High,15,5.0,5,3,Yes,Travel_Rarely,9.0,Medium,Very High,Medium,Medium,3,11,0,4,4,11,16,Single,No,05-07-2014,159785
EMP10008,52,Female,Bachelor's,IT,Data Analyst,2,21674.0,Very High,32,6.0,1,1,No,Travel_Rarely,24.0,Medium,Medium,High,High,3,10,1,1,2,3,19,Married,No,,128022
EMP10009,51,Female,Master's,Human Resources,Manager,2,17341.0,Very High,20,1.0,1,0,No,Travel_Frequently,30.0,Very High,Low,High,High,4,14,3,5,1,7,7,Married,No,14-12-2014,466129
EMP10010,27,Male,Master's,Finance,Finance Manager,3,10878.0,High,1,0.0,0,0,No,Travel_Rarely,23.0,Medium,Very High,High,High,3,16,1,5,0,5,8,Married,No,30-05-2018,672830
EMP10011,38,Female,PhD,Sales,Sales Executive,2,25000.0,Very High,10,0.0,0,0,No,Travel_Rarely,5.0,High,High,Low,Very High,3,11,0,6,3,1,17,Married,No,24-01-2022,983186
EMP10012,57,Male,Master's,Marketing,Marketing Executive,2,25000.0,Very High,31,3.0,3,3,No,Travel_Frequently,13.0,Low,Low,Medium,High,3,13,3,3,4,7,1,Married,No,06-11-2010,512123
EMP10013,22,Male,Bachelor's,IT,IT Support,5,9624.0,High,1,1.0,1,1,No,Travel_Rarely,7.0,Low,Low,Very High,Medium,3,16,2,4,0,11,17,Married,No,09-12-2020,505601
EMP10014,24,Female,High School,Sales,Sales Representative,1,21709.0,Very High,3,1.0,1,1,No,Travel_Rarely,17.0,High,Low,Very High,Medium,4,22,1,3,4,4,7,Married,No,12-09-2018,199942
EMP10015,32,Female,High School,Sales,Sales Executive,1,25000.0,Very High,4,1.0,1,1,No,Travel_Rarely,8.0,High,High,High,High,4,23,0,0,0,6,1,Married,No,29-05-2018,845487
EMP10016,50,Female,Bachelor's,Sales,Manager,1,23281.0,Very High,29,1.0,1,1,No,Travel_Frequently,5.0,High,Low,High,High,3,18,2,0,4,3,15,Married,No,18-12-2013,154350
EMP10017,35,Female,High School,Research & Development,Research Director,1,20933.0,Very High,7,5.0,5,2,No,Travel_Rarely,23.0,Low,High,High,Very High,4,15,0,6,4,8,4,Married,No,26-11-2021,845192
EMP10018,51,Male,Bachelor's,Research & Development,Research Director,2,12275.0,High,22,6.0,6,0,No,Travel_Rarely,7.0,Medium,High,Medium,Very High,3,16,2,4,2,1,9,Married,No,24-04-2025,273798
EMP10019,41,Female,Bachelor's,Research & Development,Laboratory Technician,1,24459.0,Very High,20,5.0,1,4,No,Travel_Rarely,8.0,Medium,Low,Medium,High,3,17,0,5,3,11,8,Single,No,14-06-2023,647225
EMP10020,48,Male,Master's,Sales,Sales Executive,1,15669.0,Very High,21,10.0,7,2,No,Non-Travel,7.0,Medium,High,High,Low,4,21,2,2,1,9,1,Married,No,23-10-2021,721825
EMP10021,41,Male,Bachelor's,Human Resources,HR Specialist,1,8222.0,High,16,3.0,0,3,No,Travel_Rarely,22.0,Very High,Very High,Low,Low,3,21,3,4,1,8,15,Married,No,21-09-2024,585314
EMP10022,22, female ,Master's,Sales,Sales Executive,2,25000.0,Very High,0,0.0,0,0,Yes,Travel_Frequently,12.0,High,Very High,Very High,Very High,3,25,2,3,0,3,15,Single,No,11-06-2017,428914
EMP10023,29,Female,Bachelor's,Sales,Manager,3,25000.0,Very High,0,0.0,0,0,No,Travel_Rarely,6.0,Low,High,High,High,3,17,0,2,0,5,16,Single,No,17-03-2010,526167
EMP10024,40,Male,Bachelor's,Research & Development,Research Director,3,22545.0,Very High,21,5.0,1,5,No,Travel_Rarely,21.0,Very High,High,High,High,3,22,1,6,2,4,1,Single,No,25-07-2020,151095
EMP10025,35,Female,PhD,Research & Development,Research Director,1,24418.0,Very High,7,5.0,2,5,No,Travel_Frequently,21.0,Medium,Medium,High,High,3,18,2,3,0,2,4,Single,No,22-02-2020,671586
EMP10026,31,Female,High School,IT,Software Engineer,2,25000.0,Very High,13,4.0,3,1,Yes,Non-Travel,4.0,High,High,Medium,High,3,21,0,3,1,6,7,Single,No,23-12-2010,149191
EMP10027,21,Male,PhD,Sales,Manager,1,24366.0,Very High,0,0.0,0,0,No,Travel_Rarely,23.0,Low,High,High,High,4,23,1,3,3,3,1,Married,No,06-08-2025,172132
EMP10028,60,Female,Bachelor's,Research & Development,Research Scientist,1,25000.0,Very High,33,5.0,1,5,Yes,Travel_Rarely,29.0,High,High,High,Medium,3,24,3,1,2,0,11,Single,No,17-06-2015,594559
EMP10029,43,Male,Bachelor's,Human Resources,HR Specialist,3,19267.0,Very High,21,11.0,2,5,No,Non-Travel,28.0,Medium,High,Low,High,3,23,3,2,0,7,12,Single,No,23-03-2018,697835
EMP10030,54,Male,Bachelor's,Sales,Manager,2,25000.0,Very High,33,4.0,1,1,No,Travel_Rarely,27.0,Medium,Very High,High,Low,4,19,1,1,2,2,15,Single,No,23-06-2016,292234
EMP10031,49,Female,High School,Human Resources,HR Specialist,1,25000.0,Very High,28,8.0,0,4,No,Travel_Rarely,30.0,Low,High,Medium,High,3,25,0,1,2,5,4,Single,No,26-01-2013,413379
EMP10032,49,Male,Bachelor's,Sales,Sales Representative,2,24036.0,Very High,22,1.0,0,1,No,Travel_Rarely,3.0,Low,High,High,Medium,3,11,0,3,2,11,11,Married,No,02-10-2017,944318
EMP10033,54,Female,Master's,Sales,Sales Executive,1,12438.0,High,34,6.0,5,0,No,Travel_Frequently,5.0,Low,Medium,Low,High,3,22,2,0,0,1,14,Single,No,15-04-2010,910720
EMP10034,38,Female,Bachelor's,Marketing,Marketing Specialist,2,25000.0,Very High,9,9.0,7,2,Yes,Travel_Frequently,19.0,Medium,Medium,High,Very High,3,24,3,5,4,8,1,Married,No,02-11-2014,613146
EMP10035,27,Male,Bachelor's,Marketing,Marketing Executive,2,15148.0,Very High,5,2.0,0,2,No,Non-Travel,8.0,Low,Medium,Medium,High,3,24,3,4,0,3,11,Single,No,27-04-2018,200614
EMP10036,45,Female,Bachelor's,IT,Software Engineer,1,16527.0,Very High,19,8.0,1,2,No,Travel_Rarely,5.0,High,High,High,Medium,3,16,3,0,0,6,9,Married,No,24-07-2017,847642
EMP10037,59, female ,Bachelor's,Research & Development,Laboratory Technician,4,15261.0,Very High,37,6.0,3,5,No,Travel_Rarely,27.0,Low,Low,High,Medium,3,11,3,3,0,8,7,Married,No,13-09-2023,921465
EMP10038,26,Male,Master's,Sales,Sales Executive,2,13632.0,High,0,0.0,0,0,No,Travel_Rarely,13.0,High,High,High,Medium,3,16,0,4,0,10,20,Married,No,30-04-2018,302073
EMP10039,49,Male,Master's,Finance,Financial Analyst,3,25000.0,Very High,17,4.0,1,4,No,Travel_Rarely,10.0,Low,Very High,High,Very High,3,20,3,5,0,2,10,Single,No,13-11-2022,485299
EMP10040,26,Male,Bachelor's,Research & Development,Research Scientist,3,25000.0,Very High,8,,1,1,No,Travel_Rarely,6.0,Very High,Very High,Medium,High,3,18,1,4,2,2,11,Single,No,12-03-2021,279297
EMP10041,22,Male,Bachelor's,Sales,Sales Representative,2,25000.0,Very High,0,0.0,0,0,No,Travel_Rarely,1.0,Very High,Very High,Very High,High,3,13,0,5,2,2,16,Divorced,Yes,27-03-2014,858688
EMP10042,20,Female,Bachelor's,Research & Development,Manager,2,12704.0,High,0,0.0,0,0,No,Travel_Rarely,30.0,Medium,Medium,Low,Medium,3,21,1,3,0,4,6,Married,No,26-01-2014,930930
EMP10043,55,Male,PhD,Sales,Sales Executive,1,22744.0,Very High,27,1.0,0,1,No,Travel_Rarely,11.0,High,Medium,High,High,3,14,1,1,3,9,14,Single,Yes,03-10-2022,801328
EMP10044,44,Female,Bachelor's,Marketing,Manager,2,,High,22,1.0,1,1,Yes,Travel_Rarely,20.0,Low,Medium,Medium,Medium,3,14,0,4,3,5,18,Single,Yes,01-06-2011,968330
EMP10045,56,Male,Master's,Sales,Sales Representative,2,16106.0,Very High,27,5.0,2,1,No,Travel_Frequently,9.0,Very High,Medium,High,Medium,3,21,1,5,4,2,1,Single,Yes,17-01-2022,220292
EMP10046,20,Male,Bachelor's,Finance,Finance Manager,1,14572.0,High,0,0.0,0,0,No,Travel_Rarely,16.0,High,High,High,Medium,3,11,1,4,3,9,5,Single,No,17-04-2018,192165
EMP10047,34,Male,PhD,Research & Development,Research Scientist,2,25000.0,Very High,6,0.0,0,0,Yes,Travel_Rarely,15.0,Low,Low,Very High,Medium,3,22,2,4,1,8,1,Married,No,27-05-2023,483098
EMP10048,56,Female,Bachelor's,Research & Development,Laboratory Technician,3,18429.0,Very High,31,4.0,2,2,Yes,Travel_Rarely,5.0,Medium,Medium,Medium,Medium,3,12,3,4,1,0,13,Married,No,14-04-2022,716165
EMP10049,32,Male,Bachelor's,Research & Development,Research Director,4,25000.0,Very High,11,2.0,2,2,Yes,Travel_Frequently,15.0,Low,Medium,Medium,High,3,22,1,2,3,6,7,Divorced,Yes,24-12-2017,504560
EMP10050,59,Male,Master's,Sales,Sales Representative,2,25000.0,Very High,34,1.0,1,1,No,Travel_Rarely,1.0,Medium,High,High,Medium,3,19,2,1,0,10,15,Single,No,23-10-2010,526345
EMP10051,27,Female,PhD,Marketing,Marketing Specialist,2,25000.0,Very High,0,0.0,0,0,No,Travel_Rarely,15.0,High,High,Very High,Low,3,10,2,2,3,8,18,Married,No,12-06-2015,664649
EMP10052,24,Female,PhD,IT,IT Support,3,11319.0,High,5,5.0,2,3,No,Travel_Rarely,4.0,Medium,Very High,Medium,Medium,4,12,3,2,1,4,17,Single,No,02-07-2019,536926
EMP10053,28,Male,Master's,Marketing,Marketing Executive,1,25000.0,Very High,0,0.0,0,0,Yes,Travel_Rarely,28.0,Medium,Very High,Very High,High,4,14,2,5,3,2,12,Married,Yes,14-07-2022,206238
EMP10054,20,Female,Master's,IT,Data Analyst,1,25000.0,Very High,0,0.0,0,0,No,Travel_Frequently,16.0,Low,Medium,High,Low,3,18,2,3,2,9,5,Married,No,17-07-2023,236921
EMP10055,55, female ,Bachelor's,Human Resources,Manager,1,14214.0,High,30,1.0,0,1,No,Travel_Rarely,22.0,Medium,Very High,High,High,3,10,1,1,4,3,3,Married,No,24-08-2020,269307
EMP10056,54,Female,Master's,Marketing,Manager,4,25000.0,Very High,26,2.0,2,2,Yes,Travel_Rarely,7.0,Low,High,High,Low,3,25,3,0,2,7,20,Married,Yes,25-05-2010,218897
EMP10057,21,Male,Master's,Sales,Sales Representative,1,25000.0,Very High,2,1.0,1,1,No,Travel_Rarely,23.0,High,High,High,High,3,25,3,6,2,11,9,Single,No,25-05-2020,400908
EMP10058,59,Male,Bachelor's,Sales,Manager,1,19883.0,Very High,40,7.0,3,1,No,Travel_Rarely,8.0,Low,Very High,Very High,Very High,3,15,1,1,4,2,14,Divorced,No,04/21/2018,761703
EMP10059,42,Male,Master's,Sales,Sales Executive,2,15203.0,Very High,19,15.0,5,2,No,Travel_Rarely,21.0,High,Low,Medium,Very High,4,21,0,0,0,4,11,Married,No,05-03-2016,575114
EMP10060,28,Female,Bachelor's,Research & Development,Laboratory Technician,3,15937.0,Very High,10,6.0,6,1,No,Travel_Rarely,22.0,Medium,Very High,Medium,High,4,11,2,5,4,11,19,Single,No,22-03-2011,375590
EMP10061,53,Male,Bachelor's,Research & Development,Research Scientist,4,25000.0,Very High,25,11.0,4,1,Yes,Travel_Rarely,27.0,Medium,High,Very High,High,3,21,1,5,0,2,11,Married,No,07-05-2022,802662
EMP10062,33,Female,Master's,Sales,Sales Representative,2,22033.0,Very High,12,5.0,4,5,No,Travel_Frequently,27.0,High,Medium,Medium,High,3,15,2,4,1,11,6,Divorced,Yes,10-11-2017,649020
EMP10063,23,Male,Bachelor's,IT,Software Engineer,4,25000.0,Very High,0,,0,0,Yes,Travel_Frequently,2.0,Medium,Medium,Medium,Very High,3,19,3,5,3,5,5,Married,No,29-06-2011,793570
EMP10064,49,Male,Bachelor's,Research & Development,Laboratory Technician,1,15430.0,Very High,22,3.0,3,3,Yes,Travel_Rarely,30.0,Medium,High,Medium,High,3,15,3,0,1,11,4,Married,No,05-03-2020,351791
EMP10065,50,Male,Bachelor's,Sales,Sales Executive,1,15507.0,Very High,25,0.0,0,0,No,Travel_Rarely,12.0,,High,High,High,3,10,2,6,1,0,18,Married,No,18-02-2024,493036
EMP10066,57,Male,Bachelor's, sales ,Research Director,4,25000.0,Very High,33,0.0,0,0,No,Travel_Rarely,26.0,Medium,High,Medium,High,3,14,3,0,1,6,13,Single,No,28-02-2013,607185
EMP10067,30,Female,Bachelor's,Sales,,2,12000.0,High,3,3.0,1,3,Yes,Travel_Rarely,28.0,Medium,Medium,Medium,Medium,3,19,3,5,3,10,0,Single,No,20-02-2023,870897
EMP10068,54,Female,Master's,IT,Manager,1,18273.0,Very High,32,3.0,2,3,Yes,Travel_Rarely,2.0,High,Medium,High,High,3,11,0,6,0,5,10,Divorced,No,19-12-2020,407243
EMP10069,27,Female,Master's,Sales,Sales Representative,2,22366.0,Very High,3,3.0,3,1,No,Non-Travel,14.0,High,High,Medium,High,3,10,3,6,4,11,3,Married,No,19-07-2020,327020
EMP10070,22,Female,Master's,Marketing,Marketing Executive,3,23159.0,Very High,0,0.0,0,0,No,Travel_Rarely,19.0,Low,Medium,High,High,3,20,3,0,0,5,20,Single,No,14-04-2023,898494
EMP10071,33,Male,Bachelor's,IT,Software Engineer,3,20321.0,Very High,8,2.0,0,2,No,Non-Travel,20.0,Medium,Medium,Low,High,3,18,2,4,0,2,13,Married,No,10-06-2017,679906
EMP10072,32,Female,Master's,Sales,Sales Executive,3,25000.0,Very High,8,3.0,1,3,No,Travel_Rarely,6.0,Low,Medium,Very High,High,3,15,1,4,2,0,20,Single,No,05-11-2017,550781
EMP10073,51,Male,Master's,SALES,Sales Representative,2,25000.0,Very High,21,3.0,3,3,Yes,Travel_Rarely,22.0,Medium,Low,High,Very High,3,10,3,2,3,10,17,Single,No,16-03-2024,962466
EMP10074,53,Female,High School,IT,Software Engineer,3,25000.0,Very High,31,2.0,2,0,No,Travel_Rarely,19.0,High,Medium,High,Very High,4,25,3,0,0,0,5,Married,No,07-01-2022,289017
EMP10075,38,Female,Master's,Finance,Accountant,2,14135.0,High,11,9.0,7,7,Yes,Travel_Rarely,17.0,Very High,Medium,High,Very High,3,19,1,1,0,6,4,Single,No,06-01-2014,571654
EMP10076,57,Female,PhD,Finance,Financial Analyst,2,19383.0,Very High,23,3.0,1,3,No,Travel_Rarely,3.0,Very High,Very High,Low,High,3,18,1,3,1,3,16,Single,No,05-04-2010,862849
EMP10077,35,Female,High School,IT,Manager,3,25000.0,Very High,9,5.0,1,3,Yes,Travel_Frequently,20.0,Low,High,High,High,3,21,1,2,2,5,6,Divorced,No,18-04-2023,312325
EMP10078,21,Female,Master's,Sales,Sales Executive,2,25000.0,Very High,0,0.0,0,0,No,Travel_Frequently,25.0,Medium,High,Very High,High,3,18,2,0,4,3,10,Single,Yes,15-09-2010,848236
EMP10079,59,Female,Master's,Research & Development,Research Scientist,1,11875.0,High,33,10.0,1,5,No,Travel_Rarely,10.0,High,Medium,High,Medium,3,22,3,2,2,7,13,Married,No,05-03-2016,967146
EMP10080,36,Male,High School,Sales,Manager,2,25000.0,Very High,8,8.0,3,2,No,Travel_Rarely,24.0,Low,High,Medium,Medium,3,16,3,5,1,11,1,Married,No,17-04-2022,311812
EMP10081,53,Male,Master's,IT,Software Engineer,2,,High,27,2.0,1,2,Yes,Non-Travel,13.0,High,High,High,Medium,4,18,1,5,1,8,16,Married,No,23-03-2023,175014
EMP10082,35,Female,Bachelor's,Human Resources,HR Executive,1,22497.0,Very High,8,0.0,0,0,No,Travel_Frequently,20.0,High,Medium,High,Very High,3,10,0,5,1,1,1,Married,No,06-09-2012,759482
EMP10083,57,Female,Bachelor's,Research & Development,Manager,1,25000.0,Very High,27,2.0,2,0,No,Travel_Rarely,23.0,Very High,Low,High,High,3,24,2,0,3,0,14,Single,No,22-07-2022,830118
EMP10084,21,Male,Master's,Sales,Sales Representative,1,14378.0,High,0,0.0,0,0,No,Travel_Rarely,29.0,Low,High,Very High,Very High,3,22,1,0,1,0,6,Married,No,01-04-2011,539559
EMP10085,21,Male,High School,Research & Development,Laboratory Technician,1,15132.0,Very High,0,0.0,0,0,No,Travel_Rarely,29.0,Medium,Low,High,Medium,3,12,1,2,0,11,2,Married,No,11-07-2015,741379
EMP10086,45,Male,Master's,Research & Development,Manager,3,25000.0,Very High,25,5.0,2,5,No,Travel_Rarely,25.0,High,Low,Medium,Medium,4,17,3,0,3,11,5,Married,No,22-06-2010,188617
EMP10087,32,Female,High School,Finance,Financial Analyst,1,11001.0,High,3,0.0,0,0,No,Travel_Rarely,18.0,High,Medium,Low,Medium,3,12,0,6,1,6,20,Married,No,26-05-2025,965500
EMP10088,50,Male,Bachelor's,Human Resources,HR Specialist,1,16569.0,Very High,27,,1,1,No,Travel_Rarely,19.0,Very High,High,High,Medium,3,17,2,0,3,1,8,Married,No,10-09-2025,120308
EMP10089,53,Female,Bachelor's,IT,Software Engineer,2,25000.0,Very High,31,1.0,1,1,No,Travel_Rarely,17.0,Low,High,High,Very High,3,12,0,3,0,2,9,Single,No,06-08-2011,252729
EMP10090,58,Male,Bachelor's,Research & Development,Manager,3,16557.0,Very High,34,5.0,3,0,Yes,Travel_Rarely,8.0,High,Very High,Medium,High,3,13,0,1,1,11,20,Married,No,08-07-2017,983260
EMP10091,22,Male,Bachelor's,Sales,Sales Executive,1,19807.0,Very High,0,0.0,0,0,Yes,Travel_Rarely,18.0,High,Medium,Low,High,3,22,3,4,1,3,20,Married,No,19-09-2013,452531
EMP10092,27,Female,Master's,Finance,Accountant,1,25000.0,Very High,9,9.0,2,1,No,Non-Travel,7.0,Low,Very High,Very High,High,3,21,1,3,0,8,7,Married,No,29-05-2023,305020
EMP10093,42,Male,PhD,IT,Software Engineer,4,25000.0,Very High,11,11.0,3,3,No,Non-Travel,23.0,High,High,Medium,Very High,3,21,1,4,1,9,6,Single,No,30-07-2023,982254
EMP10094,33,Male,Master's,Research & Development,Laboratory Technician,2,24836.0,Very High,8,1.0,1,1,No,Travel_Rarely,11.0,High,Medium,High,Medium,3,23,0,4,0,1,0,Single,No,13-09-2024,369398
EMP10095,46,Male,Bachelor's,IT,IT Support,4,18909.0,Very High,24,2.0,1,2,No,Travel_Rarely,3.0,Medium,Very High,Low,Very High,3,13,2,1,1,9,9,Married,No,07-09-2025,206062
EMP10096,48,Male,Master's,Research & Development,Laboratory Technician,1,25000.0,Very High,17,1.0,1,1,No,Travel_Rarely,2.0,Medium,High,Medium,High,3,14,2,6,1,1,17,Single,No,19-03-2023,386770
EMP10097,58,Female,Master's,Research & Development,Laboratory Technician,1,20834.0,Very High,38,2.0,1,0,No,Travel_Rarely,19.0,High,Low,High,Very High,4,19,3,3,2,0,15,Married,No,05-04-2022,879081
EMP10098,58,Male,Bachelor's,Research & Development,Manager,1,25000.0,Very High,33,12.0,2,1,No,Travel_Rarely,28.0,Medium,Low,Very High,High,3,19,2,0,3,7,3,Single,No,14-03-2018,648737
EMP10099,20,Female,Bachelor's,Sales,Sales Executive,1,17613.0,Very High,0,0.0,0,0,No,Travel_Rarely,24.0,Very High,Medium,Very High,Medium,3,20,3,1,4,7,8,Married,No,20-11-2023,931727
EMP10100,36,Male,High School, sales ,Manager,4,20289.0,Very High,5,5.0,0,3,No,Travel_Rarely,28.0,Medium,High,Medium,High,3,13,0,0,2,4,17,Single,No,31-03-2021,832531
EMP10101,60,Female,Bachelor's,Sales,Manager,5,14108.0,High,28,3.0,3,2,No,Travel_Rarely,25.0,Medium,Very High,High,Low,3,16,2,0,2,2,10,Married,No,25-03-2011,354079
EMP10102,49,Female,PhD,Human Resources,HR Executive,4,21682.0,Very High,21,0.0,0,0,No,Travel_Rarely,11.0,Very High,Medium,High,Very High,3,20,1,5,3,0,11,Single,No,07-07-2010,806788
EMP10103,32,Female,Bachelor's,Research & Development,Laboratory Technician,3,15291.0,Very High,9,0.0,0,0,No,Travel_Frequently,8.0,Very High,High,Medium,High,4,13,0,0,2,1,7,Single,No,27-02-2021,183290
EMP10104,40,Female,Master's,Research & Development,Research Director,3,13342.0,High,18,4.0,4,2,No,Travel_Rarely,11.0,,Medium,Medium,Medium,3,20,3,0,0,8,0,Single,No,02-03-2019,382512
EMP10105,38,Male,Bachelor's,Marketing,Manager,2,24745.0,Very High,9,6.0,6,1,No,Travel_Rarely,2.0,High,High,Very High,Medium,4,10,0,3,2,7,7,Married,No,26-05-2025,974690
EMP10106,38,Male,Bachelor's,Sales,Sales Executive,3,24239.0,Very High,13,1.0,1,1,No,Travel_Rarely,12.0,Low,Very High,High,Very High,3,14,0,4,4,9,4,Single,No,16-11-2021,374375
EMP10107,44,Female,Bachelor's,Research & Development,Laboratory Technician,1,25000.0,Very High,15,6.0,0,1,Yes,Travel_Rarely,29.0,Low,High,High,Very High,3,21,3,4,0,10,0,Single,No,20-06-2022,206596
EMP10108,41,Male,PhD,IT,Manager,2,18142.0,Very High,10,8.0,4,0,Yes,Travel_Rarely,9.0,Medium,High,High,High,3,17,2,3,3,3,2,Married,No,09-06-2019,598992
EMP10109,50,Male,Bachelor's,Sales,Manager,2,25000.0,Very High,28,3.0,1,0,No,Travel_Frequently,6.0,Medium,High,High,High,3,15,2,4,3,2,12,Single,No,15-10-2019,570019
EMP10110,36,Male,Master's,Sales,Sales Executive,3,25000.0,Very High,11,7.0,7,1,No,Travel_Rarely,12.0,High,Low,High,Very High,3,13,1,5,3,4,15,Married,No,22-09-2017,620151
EMP10111,42,Male,Bachelor's,Sales,Manager,2,25000.0,Very High,16,3.0,1,1,Yes,Travel_Frequently,18.0,High,Very High,Medium,Medium,3,13,2,1,0,7,11,Divorced,No,15-04-2025,885180
EMP10112,51,Male,Master's,Sales,Manager,3,15191.0,Very High,26,6.0,1,2,No,Travel_Rarely,25.0,Very High,High,Medium,Low,4,22,3,0,3,9,6,Married,No,28-12-2012,432487
EMP10113,29,Male,Master's,Marketing,Marketing Specialist,2,23558.0,Very High,0,0.0,0,0,No,Travel_Rarely,5.0,High,High,Medium,High,3,10,3,0,3,5,7,Divorced,No,18-12-2022,808769
EMP10114,29,Male,Master's,IT,Manager,3,25000.0,Very High,3,3.0,0,3,Yes,Travel_Rarely,22.0,Medium,High,Very High,Very High,3,25,3,6,4,9,10,Married,No,02-10-2018,664463
EMP10115,55,Female,High School,Human Resources,HR Specialist,5,22098.0,Very High,27,2.0,1,0,No,Travel_Rarely,17.0,High,High,Low,High,4,19,2,5,1,10,12,Married,No,30-01-2013,235560
EMP10116,27,Male,Bachelor's,IT,Data Analyst,1,8613.0,High,0,0.0,0,0,No,Travel_Rarely,16.0,Very High,High,High,Medium,3,22,3,0,1,3,10,Single,No,25-05-2020,351065
EMP10117,39,Female,Bachelor's,IT,Manager,4,23676.0,Very High,15,1.0,1,1,Yes,Non-Travel,12.0,High,High,Very High,High,4,10,2,2,1,7,3,Single,No,19-01-2025,363248
EMP10118,51,Male,PhD,Sales,Sales Representative,2,25000.0,Very High,24,1.0,1,1,No,Travel_Rarely,29.0,High,Low,Medium,High,3,12,3,1,3,3,5,Married,No,27-10-2018,394473
EMP10119,33,Female,Bachelor's,IT,Manager,2,18732.0,Very High,4,4.0,3,1,No,Travel_Rarely,30.0,Very High,Medium,Medium,High,3,13,3,2,0,4,18,Married,No,12-08-2022,226871
EMP10120,47,Male,High School,Research & Development,Research Director,3,15873.0,Very High,23,12.0,6,3,NO,Travel_Frequently,2.0,Low,Very High,Very High,Very High,3,24,2,3,3,1,20,Divorced,Yes,10-07-2019,892247
EMP10121,43,Male,Bachelor's,IT,Data Analyst,2,25000.0,Very High,15,3.0,0,1,No,Travel_Rarely,16.0,High,Medium,High,High,3,13,1,2,1,9,7,Married,No,26-05-2018,506252
EMP10122,34,Male,Bachelor's,IT,Data Analyst,2,25000.0,Very High,1,1.0,1,1,Yes,Travel_Rarely,1.0,Very High,High,High,Low,3,11,1,4,4,3,5,Married,No,20-11-2013,552688
EMP10123,41,Male,Master's,Research & Development,Research Scientist,2,25000.0,Very High,14,2.0,2,1,NO,Travel_Rarely,20.0,Very High,Medium,High,High,3,20,1,4,3,9,16,Single,No,20-02-2023,980350
EMP10124,49,Female,PhD,Sales,Sales Representative,1,12506.0,High,25,3.0,3,1,No,Travel_Rarely,2.0,Medium,Medium,Medium,Medium,3,18,2,1,3,9,17,Single,No,06-12-2022,377355
EMP10125,23,Female,Bachelor's,Sales,Sales Representative,2,25000.0,Very High,0,0.0,0,0,Yes,Travel_Rarely,13.0,High,High,High,Very High,3,25,3,2,3,2,2,Married,Yes,24-02-2020,179548
EMP10126,32,Male,Master's,Research & Development,Research Director,1,25000.0,Very High,3,1.0,0,1,No,Travel_Rarely,16.0,High,High,High,High,3,17,2,2,0,11,11,Married,No,14-11-2021,722792
EMP10127,42,Male,Master's,IT,IT Support,4,20662.0,Very High,24,7.0,0,2,Yes,Travel_Rarely,1.0,Medium,Medium,Low,High,3,12,0,0,4,11,14,Divorced,No,08-06-2022,489070
EMP10128,27,Male,Bachelor's,IT,Data Analyst,1,25000.0,Very High,4,0.0,0,0,No,Travel_Rarely,19.0,High,Very High,Low,Very High,3,20,0,1,4,7,6,Married,No,08-10-2015,584030
EMP10129,37,Male,Master's,Sales,Sales Representative,2,25000.0,Very High,14,4.0,1,2,Yes,Travel_Rarely,4.0,Medium,High,Medium,High,4,11,2,0,4,7,12,Divorced,No,22-11-2020,510482
EMP10130,31,Male,Master's,Research & Development,Manager,4,25000.0,Very High,0,0.0,0,0,No,Travel_Rarely,20.0,Medium,Medium,Medium,High,3,10,0,1,4,6,9,Married,No,08-07-2014,868221
EMP10131,50,Female,Bachelor's,Research & Development,Laboratory Technician,4,13169.0,High,27,2.0,2,2,No,Travel_Rarely,3.0,Medium,High,Very High,Very High,3,19,1,6,1,5,18,Married,No,26-03-2017,728752
EMP10132,33,Male,Master's,Sales,Manager,3,25000.0,Very High,5,5.0,1,3,No,Non-Travel,2.0,High,Very High,High,Low,3,18,1,1,3,8,8,Married,No,05-08-2017,603494
EMP10133,53,Female,Bachelor's,Sales,Sales Representative,2,21395.0,Very High,37,6.0,5,3,No,Travel_Rarely,12.0,Medium,Low,Medium,Low,3,14,1,2,4,3,11,Married,No,07-07-2020,202637
EMP10134,37,Female,Bachelor's,Research & Development,Manager,1,22761.0,Very High,14,5.0,5,0,No,Travel_Frequently,24.0,Medium,High,High,High,3,17,0,5,2,3,10,Married,No,20-11-2010,156044
EMP10135,53,Female,Master's,Marketing,Manager,2,22764.0,Very High,20,3.0,1,1,No,Travel_Rarely,26.0,Medium,Medium,Medium,Medium,4,22,1,0,2,5,7,Single,No,19-03-2014,942073
EMP10136,30,Male,Master's,Research & Development,Research Scientist,1,20586.0,Very High,0,0.0,0,0,Yes,Travel_Rarely,13.0,Low,Low,Very High,Medium,3,24,1,3,1,0,8,Single,No,01-04-2011,897121
EMP10137,60,Female,Master's,Research & Development,Research Director,3,25000.0,Very High,34,9.0,9,2,NO,Travel_Rarely,27.0,Low,Very High,High,Very High,4,13,1,0,2,1,3,Married,No,23-09-2013,371663
EMP10138,31,Female,Bachelor's,Finance,Finance Manager,1,21212.0,Very High,5,5.0,2,4,No,Travel_Frequently,18.0,Medium,High,High,High,3,11,2,3,2,1,19,Single,No,19-12-2014,705916
EMP10139,34,Male,PhD,Research & Development,Manager,2,13309.0,High,6,2.0,2,2,No,Travel_Rarely,5.0,High,Medium,Medium,Very High,3,14,3,4,2,9,4,Single,No,05-09-2011,310032
EMP10140,50,Male,High School,Marketing,Marketing Executive,2,18452.0,Very High,20,1.0,0,0,No,Travel_Frequently,23.0,High,Very High,Medium,Very High,3,17,3,1,1,3,6,Single,No,01-11-2022,959589
EMP10141,48,Female,Bachelor's,Marketing,Marketing Executive,2,23871.0,Very High,23,0.0,0,0,Yes,Non-Travel,25.0,Low,Low,Medium,Medium,3,24,2,6,3,4,8,Single,No,10-10-2018,331840
EMP10142,45,Female,Bachelor's,Sales,Manager,2,25000.0,Very High,23,0.0,0,0,No,Travel_Rarely,12.0,Low,High,Medium,Very High,3,15,1,0,1,1,3,Single,No,14-12-2016,597445
EMP10143,37,Male,High School,Research & Development,Research Scientist,3,25000.0,Very High,10,4.0,0,4,No,Travel_Rarely,19.0,High,High,High,Very High,3,25,1,1,0,7,11,Married,No,16-08-2022,325536
EMP10144,51,Male,Bachelor's,Research & Development,Manager,1,15022.0,Very High,25,0.0,0,0,Yes,Travel_Rarely,1.0,Medium,High,Medium,Low,3,17,2,5,0,4,11,Married,No,11-10-2012,442454
EMP10145,41,Male,Master's,Sales,Manager,2,25000.0,Very High,10,2.0,2,2,No,Travel_Rarely,9.0,Very High,Very High,High,Very High,3,20,2,0,2,7,5,Married,No,18-02-2019,846633
EMP10146,57,Male,Master's,Sales,Sales Representative,1,24814.0,Very High,32,7.0,1,4,No,Travel_Rarely,1.0,High,High,High,High,3,12,0,4,2,8,12,Married,No,01-02-2014,591318
EMP10147,36,Male,PhD,Human Resources,Manager,1,25000.0,Very High,14,2.0,2,1,No,Travel_Frequently,24.0,Medium,Medium,Medium,Very High,3,14,2,0,3,10,8,Married,No,11-12-2012,503038
EMP10148,42,Male,Master's,Research & Development,Research Scientist,2,20573.0,Very High,22,7.0,0,0,Yes,Travel_Rarely,18.0,Medium,Very High,Medium,Very High,3,11,1,4,2,8,8,Married,No,16-12-2025,272055
EMP10149,43,Female,Bachelor's,Sales,Manager,1,25000.0,Very High,20,7.0,3,2,No,Travel_Rarely,23.0,High,Low,Very High,High,3,21,2,1,0,3,20,Married,No,01-11-2018,459879
EMP10150,27,Female,Master's,Sales,Manager,1,25000.0,Very High,0,0.0,0,0,No,Travel_Rarely,28.0,Low,High,Medium,High,3,24,1,6,2,9,2,Married,Yes,21-08-2016,786875
EMP10151,60,Female,Master's,Marketing,Marketing Specialist,4,25000.0,Very High,33,7.0,1,3,No,Non-Travel,3.0,Low,High,Medium,Medium,3,20,0,2,3,1,12,Married,No,11-03-2016,689915
EMP10152,25,Male,Bachelor's,Sales,Manager,2,25000.0,Very High,0,0.0,0,0,No,Travel_Rarely,6.0,Low,Very High,High,High,3,21,2,5,0,10,5,Married,No,28-09-2019,387215
EMP10153,24,Female,Master's,Sales,Sales Representative,1,25000.0,Very High,0,0.0,0,0,No,Non-Travel,22.0,High,High,High,Low,3,12,0,6,2,1,17,Married,No,28-02-2017,495826
EMP10154,48,Male,Bachelor's,Research & Development,Research Scientist,1,19115.0,Very High,16,1.0,0,1,Yes,Non-Travel,4.0,High,Very High,High,Very High,3,16,1,3,3,11,13,Married,Yes,03-02-2024,614941
EMP10155,47,Male,Bachelor's,Marketing,Marketing Executive,1,17030.0,Very High,20,4.0,2,4,No,Travel_Rarely,24.0,Low,Medium,High,High,3,10,1,1,3,4,1,Single,No,17-07-2025,291175
EMP10156,30,Female,Bachelor's,Sales,Manager,2,25000.0,Very High,9,9.0,1,2,No,Travel_Rarely,12.0,High,Medium,Very High,High,3,17,1,5,0,9,5,Single,No,18-08-2013,361276
EMP10157,20,Male,Master's,Finance,Accountant,2,25000.0,Very High,0,0.0,0,0,Yes,Travel_Rarely,12.0,Medium,Very High,Medium,High,3,14,1,5,0,3,19,Married,No,02-02-2010,726322
EMP10158,38,Male,Master's,IT,Manager,2,19926.0,Very High,13,1.0,1,1,No,Travel_Rarely,5.0,High,High,High,Medium,4,11,0,2,0,5,6,Married,No,13-05-2024,835324
EMP10159,28,Male,Bachelor's,Sales,Sales Executive,1,25000.0,Very High,4,4.0,4,4,No,Travel_Rarely,23.0,Medium,Medium,High,High,3,12,2,1,3,8,7,Married,No,19-06-2014,227354
EMP10160,46,Male,Bachelor's,Finance,Financial Analyst,2,25000.0,Very High,27,3.0,1,3,No,Travel_Rarely,29.0,High,Very High,High,Medium,3,22,2,1,0,6,9,Single,No,14-10-2017,160110
EMP10161,53,Female,Master's,Research & Development,Research Scientist,2,14584.0,High,27,4.0,1,4,No,Travel_Rarely,21.0,Very High,High,High,Low,3,13,1,0,0,11,12,Divorced,No,25-07-2016,483454
EMP10162,23,Female,PhD,Human Resources,Manager,2,15114.0,Very High,0,0.0,0,0,No,Travel_Rarely,13.0,Low,High,High,High,3,11,1,4,3,10,0,Single,No,10-02-2020,817828
EMP10163,55,Female,Bachelor's,Human Resources,HR Executive,3,20678.0,Very High,30,4.0,3,1,No,Travel_Rarely,12.0,Medium,High,High,Very High,3,19,0,6,3,3,4,Married,No,01-07-2017,710736
EMP10164,37,Female,Bachelor's,Research & Development,Research Director,1,25000.0,Very High,10,8.0,0,0,No,Travel_Rarely,4.0,Medium,High,Medium,High,3,22,0,4,0,6,1,Single,No,21-02-2023,813819
EMP10165,34,Female,Master's,Sales,Sales Executive,1,17395.0,Very High,15,6.0,2,6,Yes,Travel_Rarely,6.0,Medium,High,Very High,Medium,3,14,1,0,0,1,3,Single,Yes,03-10-2016,231382
EMP10166,32,Female,Bachelor's,IT,Software Engineer,3,25000.0,Very High,11,5.0,1,2,No,Travel_Frequently,19.0,Medium,Medium,Medium,High,3,16,1,0,0,4,11,Married,Yes,08-05-2011,593613
EMP10167,38,Male,High School,Research & Development,Manager,1,25000.0,Very High,10,1.0,1,1,Yes,Travel_Rarely,6.0,High,Very High,Very High,Medium,3,22,2,1,3,11,4,Married,No,03-01-2012,172846
EMP10168,25,Female,Bachelor's,Sales,Manager,1,22421.0,Very High,7,7.0,0,1,No,Travel_Rarely,6.0,Very High,High,High,Medium,3,18,2,4,4,10,14,Married,No,27-09-2010,261223
EMP10169,31,Male,Master's,Sales,Sales Representative,3,11543.0,High,2,2.0,2,0,No,Travel_Frequently,11.0,Medium,Medium,High,Very High,3,10,2,6,1,8,9,Single,Yes,06-10-2021,315263
EMP10170,56,Female,Master's,Human Resources,Manager,2,12184.0,High,25,1.0,1,1,No,Non-Travel,27.0,High,High,High,Low,3,19,1,1,2,10,16,Single,No,11-11-2017,237382
EMP10171,36,Male,Bachelor's,Finance,Finance Manager,3,24996.0,Very High,16,3.0,0,3,No,Travel_Rarely,22.0,High,Low,Medium,Medium,3,25,3,6,1,8,13,Married,No,20-08-2025,449158
EMP10172,42,Female,Bachelor's,Sales,Manager,1,8437.0,High,19,1.0,1,1,Yes,Travel_Rarely,14.0,High,High,Very High,High,3,22,0,6,3,3,6,Married,Yes,26-09-2023,489525
EMP10173,45,Female,Bachelor's,Research & Development,Laboratory Technician,2,25000.0,Very High,22,7.0,0,1,No,Travel_Rarely,30.0,Medium,Low,Low,Medium,3,15,0,2,4,7,1,Single,No,03-06-2024,323549
EMP10174,48,Female,Bachelor's,Sales,Sales Representative,1,20513.0,Very High,26,6.0,2,6,No,Travel_Rarely,27.0,Medium,Low,Medium,Medium,3,15,0,2,3,4,2,Single,No,03-10-2019,306020
EMP10175,52,Female,Bachelor's,Human Resources,HR Specialist,2,25000.0,Very High,21,1.0,1,1,No,Travel_Frequently,3.0,Medium,Very High,Low,High,3,10,1,6,0,2,3,Married,No,19-10-2021,437737
EMP10176,46,Male,High School,Sales,Manager,1,25000.0,Very High,25,10.0,0,4,No,Travel_Rarely,29.0,Medium,High,Low,High,3,11,1,0,2,5,15,Married,No,19-09-2023,719428
EMP10177,44,Male,Bachelor's,Finance,Accountant,2,20299.0,Very High,16,1.0,1,1,No,Travel_Frequently,8.0,High,Medium,Medium,High,3,20,0,4,1,3,15,Married,No,25-02-2020,387382
EMP10178,29,Male,Bachelor's,Research & Development,Research Director,1,20997.0,Very High,0,0.0,0,0,Yes,Travel_Rarely,4.0,High,Medium,Medium,Low,3,25,0,2,3,2,2,Single,No,25-10-2025,441727
EMP10179,42,Male,Master's,Marketing,Marketing Specialist,1,25000.0,Very High,21,3.0,1,0,No,Travel_Rarely,27.0,Low,Very High,High,Very High,3,24,0,6,4,3,16,Married,No,30-12-2015,908663
EMP10180,40,Male,Master's,Sales,Sales Representative,2,25000.0,Very High,14,2.0,1,1,Yes,Travel_Rarely,16.0,Low,Very High,High,Very High,4,17,1,4,0,0,16,Divorced,Yes,11-04-2014,388643
EMP10181,40,Male,Bachelor's,Research & Development,Research Director,4,10540.0,High,10,1.0,1,0,Yes,Travel_Rarely,18.0,Very High,High,Very High,Medium,3,15,3,6,4,9,19,Married,No,14-01-2012,146068
EMP10182,32,Male,High School,Sales,Manager,4,9859.0,High,0,0.0,0,0,No,Travel_Rarely,7.0,High,High,Medium,High,3,22,3,4,2,7,6,Single,No,09-11-2025,259018
EMP10183,56,Female,Bachelor's,Marketing,Marketing Executive,5,16649.0,Very High,28,5.0,4,5,No,Travel_Rarely,11.0,Very High,Medium,Medium,High,3,10,3,3,4,8,7,Married,No,04-10-2013,346821
EMP10184,52,Female,Master's,IT,Software Engineer,2,25000.0,Very High,24,4.0,1,4,No,Travel_Rarely,8.0,Low,High,Medium,High,3,19,2,2,4,5,18,Married,No,29-03-2016,746798
EMP10185,43,Male,High School,Sales,Sales Executive,1,25000.0,Very High,19,1.0,1,1,No,Travel_Frequently,27.0,High,Medium,High,Very High,3,22,2,2,0,4,6,Married,No,26-10-2016,850602
EMP10186,30,Male,Bachelor's,Finance,Financial Analyst,1,25000.0,Very High,7,1.0,1,1,No,Travel_Rarely,20.0,High,Very High,High,Very High,3,19,1,1,4,11,0,Single,No,12-08-2025,367765
EMP10187,36,Male,Master's,IT,Software Engineer,2,12838.0,High,9,0.0,0,0,No,Travel_Frequently,6.0,Very High,Medium,High,High,3,20,3,6,0,8,15,Married,No,09-11-2010,112838
EMP10188,23,Male,Master's,Research & Development,Research Director,1,7768.0,Medium,0,0.0,0,0,No,Travel_Rarely,24.0,Low,High,Medium,Low,3,15,3,1,2,3,17,Married,No,20-07-2010,357970
EMP10189,44,Male,Bachelor's,Research & Development,Laboratory Technician,1,25000.0,Very High,23,6.0,0,2,Yes,Travel_Frequently,16.0,Medium,Medium,Medium,Medium,3,19,2,6,3,0,7,Married,Yes,22-02-2019,176644
EMP10190,49,Male,Bachelor's,Sales,Sales Representative,1,,Very High,22,0.0,0,0,No,Non-Travel,5.0,Medium,Low,Low,High,3,24,3,5,0,11,6,Married,No,03-01-2010,417344
EMP10191,28,Female,PhD,Sales,Manager,2,8881.0,High,5,4.0,4,4,No,Travel_Rarely,25.0,Very High,Low,Very High,High,3,16,0,4,3,10,9,Married,No,07-03-2022,169743
EMP10192,40,Male,PhD,IT,Data Analyst,1,23512.0,Very High,6,0.0,0,0,No,Travel_Frequently,6.0,Very High,Medium,Medium,Very High,4,11,2,6,1,6,1,Single,No,29-05-2024,209931
EMP10193,39,Male,Bachelor's,Marketing,Manager,1,25000.0,Very High,15,12.0,4,0,Yes,Travel_Rarely,6.0,Very High,Medium,Very High,Medium,3,20,0,0,4,0,14,Single,No,17-05-2010,292659
EMP10194,38,Male,Master's,Human Resources,HR Executive,2,20849.0,Very High,15,12.0,1,5,No,Travel_Frequently,28.0,Very High,Very High,Very High,High,3,13,3,1,3,11,13,Married,No,28-09-2015,336017
EMP10195,38,Female,Master's,Research & Development,Manager,2,17925.0,Very High,8,6.0,6,2,No,Travel_Rarely,29.0,Low,High,High,Medium,3,16,1,1,4,8,1,Married,No,10-04-2013,175059
EMP10196,31,Female,PhD,Research & Development,Manager,2,20502.0,Very High,6,6.0,2,5,No,Travel_Rarely,2.0,Low,High,Very High,Very High,3,22,3,5,0,3,6,Married,No,25-03-2013,426243
EMP10197,56,Male,Bachelor's,Finance,Financial Analyst,3,18643.0,Very High,28,8.0,1,2,Yes,Travel_Rarely,7.0,Low,High,Low,Very High,3,20,1,5,4,11,11,Single,No,17-10-2012,868771
EMP10198,36,Male,Master's,IT,Software Engineer,1,12009.0,High,14,9.0,9,1,Yes,Travel_Rarely,9.0,Medium,Medium,Low,Very High,3,24,0,4,2,2,4,Married,No,19-05-2015,268716
EMP10199,56,Male,Master's,IT,Data Analyst,3,15969.0,Very High,28,4.0,1,1,No,Travel_Rarely,15.0,High,Very High,Medium,Medium,4,15,0,5,3,3,5,Single,No,10-12-2014,255706
EMP10200,58,Male,Bachelor's,IT,Data Analyst,1,25000.0,Very High,39,2.0,2,2,No,Non-Travel,21.0,Very High,Very High,Medium,Medium,3,20,3,2,4,0,15,Divorced,No,02-11-2017,269396
EMP10201,47,Male,Master's,Human Resources,HR Specialist,2,25000.0,Very High,17,1.0,1,1,No,Travel_Frequently,14.0,Medium,Medium,Medium,High,3,17,2,1,3,5,11,Married,No,19-02-2010,512152
EMP10202,60,Male,Bachelor's,Sales,Manager,2,23757.0,Very High,33,2.0,1,2,No,Travel_Rarely,21.0,High,Very High,High,High,4,23,0,0,3,6,8,Married,No,24-09-2024,818224
EMP10203,54,Male,Bachelor's,Sales,Sales Executive,4,14075.0,High,27,5.0,5,2,Yes,Travel_Frequently,28.0,Very High,Medium,Low,Low,3,25,1,4,2,6,19,Single,Yes,03-05-2023,383078
EMP10204,37,Male,Bachelor's,IT,IT Support,2,20299.0,Very High,13,1.0,1,1,No,Travel_Frequently,13.0,Medium,Low,High,Very High,3,22,1,2,0,4,11,Married,Yes,04-03-2025,739353
EMP10205,33,Female,PhD,Human Resources,Manager,1,8269.0,High,6,1.0,1,1,NO,Travel_Rarely,27.0,Low,Medium,Medium,Very High,4,15,2,3,4,9,9,Single,No,15-03-2012,399564
EMP10206,54,Male,Bachelor's,Sales,Sales Representative,2,23868.0,Very High,23,3.0,3,1,No,Travel_Rarely,5.0,Medium,Very High,Low,Low,3,11,3,0,1,11,16,Married,No,11-12-2024,565198
EMP10207,60,Male,Master's,Sales,Sales Representative,2,25000.0,Very High,32,1.0,1,1,No,Travel_Rarely,17.0,Medium,High,High,Medium,3,10,0,5,3,9,10,Married,No,20-02-2011,125805
EMP10208,26,Male,Master's,Finance,Accountant,2,11346.0,High,7,4.0,0,1,No,Travel_Frequently,5.0,High,High,High,High,3,14,3,6,0,4,17,Married,No,17-09-2024,442639
EMP10209,60,Male,Bachelor's,Sales,Sales Executive,1,16921.0,Very High,31,13.0,4,2,No,Travel_Frequently,26.0,Medium,Medium,High,Medium,4,25,0,2,1,5,3,Married,No,31-07-2019,264592
EMP10210,32,Female,Bachelor's,Sales,Sales Executive,2,25000.0,Very High,8,7.0,1,1,No,Travel_Rarely,24.0,Low,Low,Very High,Medium,4,20,3,4,3,9,2,Single,No,11-03-2017,592953
EMP10211,37,Female,Master's,Research & Development,Laboratory Technician,1,25000.0,Very High,12,5.0,1,2,No,Travel_Rarely,3.0,Very High,Very High,High,High,3,19,2,6,1,11,18,Single,No,27-06-2014,326159
EMP10212,56,Male,PhD,Finance,Accountant,3,18003.0,Very High,26,4.0,2,1,Yes,Travel_Frequently,9.0,High,Medium,High,Very High,3,23,1,3,4,7,5,Single,No,05-03-2012,430875
EMP10213,32,Female,Bachelor's,Finance,Accountant,2,16131.0,Very High,0,0.0,0,0,No,Non-Travel,9.0,Medium,Low,Medium,Very High,3,21,3,5,4,8,7,Married,No,15-07-2015,763198
EMP10214,55,Female,Bachelor's,Sales,Sales Executive,1,9081.0,High,29,1.0,1,1,No,Travel_Frequently,22.0,Very High,Medium,Medium,Low,4,19,3,5,3,5,6,Single,No,17-07-2011,867439
EMP10215,50,Male,High School,Finance,Accountant,4,23076.0,Very High,28,11.0,6,0,No,Travel_Rarely,4.0,Low,Medium,High,Very High,3,18,0,0,3,2,14,Divorced,No,28-06-2017,743387
EMP10216,21,Male,Bachelor's,Sales,Manager,2,25000.0,Very High,0,0.0,0,0,Yes,Travel_Rarely,20.0,Medium,High,High,High,4,11,3,1,4,5,11,Divorced,No,17-11-2021,429216
EMP10217,35,Female,Bachelor's,Research & Development,Laboratory Technician,1,24955.0,Very High,4,0.0,0,0,No,Travel_Rarely,11.0,High,High,High,Medium,3,16,3,1,0,3,14,Divorced,No,07-02-2016,893773
EMP10218,28,Male,Bachelor's,Finance,Accountant,1,21807.0,Very High,6,6.0,6,5,Yes,Travel_Rarely,17.0,Medium,High,High,High,3,18,2,0,1,3,8,Divorced,No,30-12-2025,837057
EMP10219,28,Male,Bachelor's,Human Resources,Manager,2,25000.0,Very High,0,0.0,0,0,Yes,Travel_Frequently,14.0,High,Medium,High,Very High,3,13,3,1,3,10,1,Single,Yes,22-12-2024,580473
EMP10220,57,Male,Bachelor's,IT,Data Analyst,2,21917.0,Very High,25,2.0,1,2,No,Travel_Rarely,10.0,Medium,Low,Low,Medium,3,13,2,4,3,10,19,Married,No,24-02-2024,794965
EMP10221,30,Female,Master's,Finance,Financial Analyst,4,15278.0,Very High,9,0.0,0,0,No,Travel_Frequently,5.0,Low,Medium,Medium,Medium,3,19,2,0,2,6,14,Single,Yes,17-01-2019,396634
EMP10222,41,Female,PhD,Research & Development,Research Scientist,1,25000.0,Very High,11,1.0,1,1,No,Travel_Rarely,21.0,High,High,High,High,4,14,2,0,1,5,17,Married,No,17-02-2012,502013
EMP10223,52,Female,Bachelor's,Sales,Sales Representative,1,24382.0,Very High,22,1.0,1,0,No,Travel_Frequently,,Medium,Medium,High,Low,3,22,0,6,4,7,12,Single,No,15-11-2022,415432
EMP10224,55,Female,Master's,Research & Development,Research Scientist,4,22202.0,Very High,28,0.0,0,0,No,Travel_Rarely,28.0,High,Medium,Low,Very High,4,22,2,5,3,10,15,Single,No,14-05-2018,254674
EMP10225,42,Female,Bachelor's,Sales,Sales Executive,4,14201.0,High,21,5.0,1,1,Yes,Travel_Rarely,17.0,High,Low,Very High,High,3,23,0,1,3,7,14,Married,No,09-02-2019,423076
EMP10226,53,Female,Master's,Sales,Sales Executive,1,25000.0,Very High,31,9.0,4,2,No,Travel_Rarely,16.0,Very High,High,Very High,Very High,3,15,1,5,4,2,10,Married,No,03/27/2010,923639
EMP10227,28,Female,Master's,Marketing,Marketing Executive,3,25000.0,Very High,0,0.0,0,0,No,Travel_Rarely,1.0,High,High,High,Medium,3,21,2,0,1,10,2,Married,No,22-06-2021,295465
EMP10228,43,Female,Master's,Research & Development,Laboratory Technician,1,17175.0,Very High,15,10.0,1,2,No,Non-Travel,10.0,Medium,Medium,Low,Very High,4,16,3,3,0,3,9,Married,No,15-02-2010,424261
EMP10229,27,Male,High School,IT,Data Analyst,3,25000.0,Very High,5,1.0,1,1,Yes,Travel_Rarely,12.0,High,High,High,High,3,18,2,0,4,1,16,Married,No,15-09-2015,424514
EMP10230,26,Female,Master's,Human Resources,Manager,3,17608.0,Very High,0,0.0,0,0,Yes,Travel_Rarely,18.0,High,Medium,Medium,Medium,3,15,1,1,0,0,7,Single,No,10-01-2010,652641
EMP10231,55,Female,Bachelor's,IT,Data Analyst,1,15492.0,Very High,31,1.0,1,0,No,Travel_Frequently,1.0,High,High,High,Very High,3,23,2,1,3,6,4,Single,No,29-01-2019,516732
EMP10232,37,Female,Bachelor's,Research & Development,Laboratory Technician,1,15649.0,Very High,11,5.0,1,2,No,Travel_Frequently,29.0,High,Very High,Low,High,3,12,0,1,0,7,20,Married,No,18-01-2018,110917
EMP10233,22,Female,Bachelor's,Human Resources,HR Executive,1,9927.0,High,0,0.0,0,0,No,Travel_Rarely,,High,Medium,High,Medium,3,11,1,1,0,11,7,Single,No,16-11-2012,142420
EMP10234,47,Female,Master's,Research & Development,Laboratory Technician,1,25000.0,Very High,19,5.0,4,0,No,Non-Travel,28.0,Medium,Very High,High,Medium,3,15,1,6,4,7,14,Single,No,14-08-2011,638999
EMP10235,25,Female,Master's,Sales,Sales Representative,1,9662.0,High,1,1.0,1,0,Yes,Travel_Rarely,12.0,High,High,Very High,Medium,3,23,0,4,3,5,10,Single,No,13-02-2025,360329
EMP10236,40,Male,High School,Finance,Finance Manager,3,12673.0,High,21,4.0,3,2,No,Travel_Rarely,20.0,Medium,Low,High,Very High,3,18,0,6,1,6,8,Divorced,No,11-03-2020,172241
EMP10237,47,Male,Bachelor's,Sales,Manager,1,8656.0,High,19,5.0,0,1,Yes,Travel_Rarely,6.0,Medium,High,Very High,Very High,3,12,3,1,2,7,1,Single,Yes,01-02-2010,732141
EMP10238,59,Male,Bachelor's,Sales,Sales Executive,2,21190.0,Very High,28,14.0,4,6,No,Travel_Rarely,8.0,High,High,Very High,Medium,3,13,1,3,0,3,6,Single,No,20-03-2020,690683
EMP10239,20,Male,Bachelor's,Human Resources,Manager,3,20586.0,Very High,0,0.0,0,0,No,Travel_Rarely,14.0,Medium,Very High,High,High,3,12,2,0,3,7,15,Single,No,04-05-2021,872769
EMP10240,55,Male,Master's,Sales,Sales Representative,2,19015.0,Very High,33,2.0,2,0,No,Travel_Rarely,5.0,Low,Medium,High,Medium,3,16,0,2,2,5,6,Single,No,26-07-2011,465443
EMP10241,40,Male,Bachelor's,Marketing,Marketing Specialist,2,13778.0,High,25,6.0,1,2,No,Travel_Rarely,22.0,Low,High,Medium,High,3,13,3,2,1,11,3,Married,No,14-04-2025,422620
EMP10242,54,Male,Bachelor's,Marketing,Manager,1,12997.0,High,35,5.0,3,5,No,Travel_Frequently,4.0,High,Very High,High,Medium,3,21,0,4,2,6,4,Divorced,No,17-01-2010,392718
EMP10243,32,Female,Bachelor's,Marketing,Manager,2,25000.0,Very High,8,1.0,1,1,No,Travel_Rarely,22.0,Medium,Medium,Low,Medium,3,23,0,2,1,9,13,Married,No,20-09-2021,863736
EMP10244,29,Male,Master's,Research & Development,Research Director,1,17193.0,Very High,4,2.0,2,1, yes,Non-Travel,16.0,High,High,Low,High,3,15,3,1,2,6,6,Single,No,05-10-2017,324756
EMP10245,29,Female,Bachelor's,Sales,Sales Executive,3,25000.0,Very High,0,0.0,0,0,No,Travel_Frequently,6.0,Medium,High,Very High,Very High,3,15,1,2,1,7,12,Married,Yes,21-03-2014,908694
EMP10246,32,Female,PhD,Marketing,Manager,1,14789.0,High,8,3.0,0,2,No,Travel_Rarely,3.0,Medium,High,Very High,High,3,18,2,6,0,10,17,Single,No,26-03-2017,299621
EMP10247,56,Male,Bachelor's,Research & Development,Research Scientist,2,23896.0,Very High,34,1.0,1,1,No,Travel_Rarely,4.0,Medium,Very High,Medium,Very High,3,14,0,3,2,4,9,Single,No,31-01-2021,413701
EMP10248,57,Male,Master's,Marketing,Marketing Executive,2,25000.0,Very High,33,13.0,3,3,Yes,Travel_Rarely,22.0,High,High,High,Very High,3,16,1,5,1,1,1,Married,No,14-12-2012,272424
EMP10249,43,Female,Bachelor's,Marketing,Manager,2,25000.0,Very High,14,7.0,2,3,No,Travel_Frequently,8.0,Medium,Medium,High,High,3,22,3,1,3,7,12,Single,Yes,17-10-2013,461139
EMP10250,21,Female,Bachelor's,IT,Manager,1,18296.0,Very High,0,0.0,0,0,No,Travel_Rarely,29.0,Very High,High,High,Medium,3,10,3,2,4,0,1,Single,No,26-01-2024,423574
EMP10251,41,Male,Bachelor's,Sales,Sales Representative,1,24729.0,Very High,15,6.0,1,0,Yes,Travel_Rarely,30.0,Very High,Medium,Medium,High,3,17,3,1,2,1,14,Married,No,22-02-2018,451134
EMP10252,36,Male,Bachelor's,Research & Development,Laboratory Technician,3,19766.0,Very High,4,4.0,3,4,No,Non-Travel,14.0,High,Medium,High,Medium,3,11,1,4,2,4,4,Single,No,11-05-2010,299509
EMP10253,55,Male,Bachelor's,IT,Software Engineer,1,22105.0,Very High,25,1.0,1,1,No,Travel_Rarely,7.0,Very High,High,Medium,Medium,4,13,2,3,2,3,10,Single,No,20-12-2016,236259
EMP10254,33,Male,Bachelor's,Research & Development,Research Scientist,1,19024.0,Very High,9,1.0,1,1,Yes,Travel_Rarely,4.0,Medium,Low,Low,High,3,19,1,0,2,11,5,Single,No,20-08-2016,545600
EMP10255,29,Male,High School,Sales,Sales Executive,2,20456.0,Very High,4,4.0,4,1,Yes,Travel_Rarely,30.0,High,Low,High,Very High,3,16,1,5,4,10,18,Single,No,24-12-2022,272643
EMP10256,54,Male,Bachelor's,Research & Development,Laboratory Technician,3,24232.0,Very High,27,8.0,3,3,No,Travel_Frequently,19.0,High,Low,Very High,High,3,21,3,1,2,1,14,Divorced,No,02-08-2018,211605
EMP10257,44,Female,Master's,Marketing,Marketing Executive,2,14087.0,High,19,0.0,0,0,Yes,Travel_Frequently,11.0,High,High,Very High,High,3,15,0,3,0,3,3,Married,No,11-07-2022,991706
EMP10258,22,Female,Master's,Finance,Financial Analyst,2,13945.0,High,0,0.0,0,0,No,Travel_Rarely,15.0,Very High,Medium,High,Medium,4,13,0,4,0,6,6,Single,No,03-09-2013,625730
EMP10259,57,Female,Bachelor's,Human Resources,HR Specialist,2,11792.0,High,31,3.0,1,3,Yes,Travel_Rarely,24.0,High,High,Medium,High,3,17,3,4,3,4,16,Single,No,17-07-2023,132012
EMP10260,36,Female,Bachelor's,Sales,Manager,1,10720.0,High,11,2.0,2,2,Yes,Travel_Frequently,16.0,Very High,Medium,High,High,4,23,0,3,4,3,9,Married,No,04-07-2022,276718
EMP10261,31,Female,High School,Human Resources,HR Specialist,2,12736.0,High,9,2.0,2,1,No,Travel_Frequently,6.0,Medium,Medium,Very High,High,3,22,3,2,3,1,16,Married,Yes,04-03-2012,810844
EMP10262,43,Female,Bachelor's,Marketing,Manager,3,23665.0,Very High,22,1.0,1,1,No,Travel_Frequently,12.0,High,Medium,Medium,High,4,25,1,3,0,1,10,Single,No,03-06-2020,602880
EMP10263,48,Male,Master's,Sales,Manager,5,14739.0,High,22,8.0,1,3,No,Travel_Rarely,8.0,High,Medium,Very High,Very High,3,24,3,6,2,0,20,Married,No,15-09-2019,230351
EMP10264,44,Male,Master's,Research & Development,Research Scientist,1,25000.0,Very High,24,16.0,1,1,No,Non-Travel,25.0,High,High,Low,High,3,22,2,2,2,9,15,Divorced,No,25-11-2019,954881
EMP10265,55,Female,Bachelor's,IT,Manager,2,22373.0,Very High,28,3.0,3,3,No,Travel_Rarely,25.0,Medium,Low,High,Low,3,21,2,2,1,5,6,Married,No,14-03-2021,718432
EMP10266,45,Female,Bachelor's,Finance,Financial Analyst,2,9083.0,High,23,15.0,6,2,Yes,Travel_Rarely,10.0,High,High,Low,High,4,16,2,3,4,5,7,Married,No,09-12-2016,658645
EMP10267,57,Male,Master's,Finance,Accountant,1,25000.0,Very High,31,9.0,2,3,No,Travel_Rarely,11.0,Very High,High,High,High,3,24,1,4,1,3,15,Married,No,27-10-2017,714558
EMP10268,20,Male,Bachelor's,Finance,Financial Analyst,2,25000.0,Very High,0,0.0,0,0,No,Travel_Rarely,9.0,Medium,Medium,Low,Very High,3,15,0,0,4,8,15,Married,No,03-01-2024,101072
EMP10269,39,Female,Bachelor's,Research & Development,Research Director,1,14084.0,High,10,6.0,6,2,No,Travel_Frequently,26.0,High,Low,Medium,Medium,3,14,1,0,4,3,3,Single,No,16-10-2011,353392
EMP10270,47,Male,Master's,Sales,Sales Executive,2,25000.0,Very High,26,3.0,2,3,No,Travel_Rarely,17.0,Medium,High,High,High,4,14,0,3,2,2,6,Married,No,25-11-2025,807221
EMP10271,35,Male,Bachelor's,IT,Manager,1,14982.0,High,7,4.0,2,1,No,Travel_Frequently,28.0,Very High,High,High,High,4,23,1,1,2,10,16,Married,No,01-03-2022,857983
EMP10272,36,Female,Bachelor's,IT,Manager,2,23016.0,Very High,14,0.0,0,0,No,Travel_Rarely,14.0,Medium,High,Very High,High,3,25,1,3,3,9,2,Divorced,No,12-09-2019,329276
EMP10273,59,Male,Master's,IT,IT Support,2,12469.0,High,35,6.0,1,6,Yes,Travel_Rarely,3.0,Medium,Medium,Medium,High,4,25,2,0,0,8,16,Single,No,27-10-2024,629455
EMP10274,47,Female,Bachelor's,Marketing,Manager,2,9829.0,High,21,0.0,0,0,Yes,Travel_Rarely,9.0,Medium,High,Very High,High,3,20,1,5,0,0,10,Divorced,No,18-11-2020,426235
EMP10275,31,Female,Master's,Research & Development,Research Director,2,18541.0,Very High,8,8.0,3,1,No,Travel_Rarely,20.0,High,Medium,Low,Very High,4,24,2,3,2,1,7,Married,No,02-07-2018,952072
EMP10276,46,Male,Bachelor's,Research & Development,Research Scientist,1,20834.0,Very High,23,9.0,2,1,No,Travel_Rarely,26.0,Low,Low,High,Medium,4,16,1,5,0,0,18,Single,No,07-08-2016,526945
EMP10277,49,Male,Master's,IT,IT Support,2,18417.0,Very High,26,1.0,1,1,Yes,Travel_Rarely,28.0,High,Low,Very High,Medium,3,20,3,5,4,6,6,Married,No,31-01-2024,100280
EMP10278,60,Male,Master's,Human Resources,HR Executive,3,12928.0,High,37,2.0,1,0,No,Travel_Rarely,18.0,Very High,Medium,High,High,3,15,2,6,0,11,17,Single,No,19-11-2019,808628
EMP10279,53,Male,Bachelor's,Finance,Finance Manager,1,18399.0,Very High,24,3.0,3,2,No,Travel_Rarely,17.0,Very High,High,Very High,Medium,3,13,3,5,3,0,20,Single,No,08-05-2021,251012
EMP10280,56,Female,Master's,IT,Manager,2,24864.0,Very High,28,5.0,1,0,Yes,Travel_Frequently,30.0,Low,Medium,High,High,3,16,1,4,0,10,14,Married,Yes,13-11-2011,966073
EMP10281,25,Male,Master's,IT,Software Engineer,2,21586.0,Very High,0,0.0,0,0,No,Travel_Rarely,5.0,Very High,High,High,Medium,3,14,1,0,0,10,18,Married,No,23-01-2013,228871
EMP10282,26,Male,Bachelor's,Research & Development,Manager,2,23912.0,Very High,1,1.0,0,0,Yes,Travel_Rarely,30.0,High,Medium,High,Medium,3,16,3,0,3,0,2,Single,No,24-10-2021,151840
EMP10283,51,Male,Master's,Research & Development,Research Director,2,16292.0,Very High,18,2.0,1,2,Yes,Travel_Rarely,20.0,Low,Medium,Very High,Medium,3,16,0,0,3,5,15,Divorced,No,04-04-2022,554216
EMP10284,51,Male,Master's,Sales,Sales Representative,2,25000.0,Very High,23,0.0,0,0,Yes,Non-Travel,21.0,Low,Very High,Very High,Very High,3,25,0,4,2,5,14,Single,No,01-01-2023,997776
EMP10285,44,Male,Bachelor's,Human Resources,HR Specialist,1,12974.0,High,22,0.0,0,0,No,Travel_Rarely,27.0,Low,High,High,Very High,4,20,0,0,3,10,4,Married,No,22-02-2018,784292
EMP10286,52,Female,Bachelor's,Sales,Sales Executive,2,25000.0,Very High,22,1.0,1,1,Yes,Travel_Rarely,21.0,High,High,Medium,Very High,3,11,1,1,2,11,13,Single,No,26-07-2013,304967
EMP10287,26,Male,Bachelor's,Research & Development,Laboratory Technician,2,25000.0,Very High,3,3.0,3,0,No,Travel_Frequently,24.0,Low,Medium,Medium,High,3,21,0,0,4,4,1,Single,No,20-06-2024,889648
EMP10288,31,Male,Bachelor's,Research & Development,Research Scientist,1,25000.0,Very High,6,6.0,2,1,No,Travel_Rarely,6.0,Medium,Low,High,High,4,13,0,3,1,3,3,Married,No,16-03-2015,428244
EMP10289,35,Male,Bachelor's,Sales,Sales Representative,2,20108.0,Very High,7,3.0,1,2,No,Travel_Rarely,3.0,High,Medium,Medium,Low,3,24,1,1,0,7,19,Married,No,18-12-2012,374652
EMP10290,35,Female,Bachelor's,Human Resources,HR Executive,2,17366.0,Very High,8,4.0,1,3,Yes,Non-Travel,16.0,High,Very High,High,Medium,3,19,1,2,3,2,12,Married,No,18-03-2011,790795
EMP10291,55,Male,High School,Sales,Sales Executive,3,25000.0,Very High,26,1.0,1,0,No,Travel_Rarely,15.0,High,Medium,Very High,Very High,4,13,0,0,0,0,15,Divorced,No,22-07-2020,682994
EMP10292,32,Female,Bachelor's,Sales,Sales Executive,1,11610.0,High,3,3.0,1,3,Yes,Travel_Rarely,25.0,High,High,High,High,3,22,0,6,4,0,11,Married,No,05-01-2015,440764
EMP10293,26,Female,Bachelor's,IT,Manager,5,14235.0,High,0,0.0,0,0,No,Travel_Rarely,8.0,Low,Very High,High,Very High,3,16,3,2,1,4,4,Married,No,11-05-2020,688658
EMP10294,55,Female,Bachelor's,Research & Development,Research Director,2,18418.0,Very High,18,5.0,5,2,No,Travel_Frequently,9.0,Very High,Very High,Low,High,3,17,1,2,3,2,20,Single,No,26-03-2017,382187
EMP10295,28,Male,Bachelor's,Sales,Sales Representative,2,25000.0,Very High,1,1.0,1,1,Yes,Travel_Rarely,4.0,Medium,Very High,High,Medium,4,20,1,4,2,2,11,Single,No,16-04-2016,352551
EMP10296,51,Female,Master's,Research & Development,Research Director,1,25000.0,Very High,20,1.0,1,1,No,Travel_Rarely,13.0,High,High,High,Medium,3,10,3,3,2,10,7,Married,No,26-02-2015,600842
EMP10297,30,Female,High School,IT,Data Analyst,2,14248.0,High,2,2.0,1,2,Yes,Travel_Rarely,24.0,High,Low,Medium,Very High,3,16,2,5,3,1,4,Married,Yes,06-12-2014,506058
EMP10298,27,Female,High School,Sales,Manager,4,19156.0,Very High,0,0.0,0,0,Yes,Travel_Frequently,27.0,Low,Very High,High,Medium,3,20,2,3,3,8,2,Single,No,30-08-2018,857470
EMP10299,52,Male,High School,Human Resources,Manager,2,16707.0,Very High,21,2.0,2,1,No,Travel_Rarely,3.0,Very High,Very High,Low,Medium,3,15,1,2,4,10,12,Divorced,No,04-03-2019,802606
EMP10300,42,Female,Bachelor's,Sales,Sales Representative,2,16004.0,Very High,17,1.0,1,1,No,Travel_Rarely,21.0,Medium,High,Medium,Medium,3,19,1,4,1,5,3,Married,No,27-10-2022,942913
EMP10301,44,Female,High School,Sales,Sales Representative,2,25000.0,Very High,21,2.0,1,0,Yes,Travel_Rarely,30.0,Low,Low,High,High,3,10,0,1,3,6,20,Married,No,23-09-2023,761081
EMP10302,27,Male,Master's,Research & Development,Research Director,2,11881.0,High,0,0.0,0,0,Yes,Travel_Rarely,7.0,Very High,High,Medium,Medium,4,23,2,6,2,1,7,Single,No,05-10-2012,685597
EMP10303,41,Male,Bachelor's,Research & Development,Laboratory Technician,1,25000.0,Very High,9,2.0,2,2,Yes,Travel_Frequently,16.0,High,Medium,Very High,Low,3,25,0,0,1,10,3,Married,No,03-11-2012,837186
EMP10304,23,Female,PhD,Human Resources,HR Specialist,3,25000.0,Very High,0,0.0,0,0,No,Travel_Rarely,17.0,High,Medium,High,High,3,23,2,5,3,0,6,Married,No,16-03-2023,549500
EMP10305,59,Male,Bachelor's,Finance,Financial Analyst,2,25000.0,Very High,38,2.0,2,2,No,Travel_Frequently,30.0,High,High,High,Low,4,17,3,1,1,7,2,Married,Yes,06-11-2023,566848
EMP10306,22,Female,Bachelor's,Marketing,Marketing Specialist,1,17884.0,Very High,1,1.0,1,1,Yes,Travel_Rarely,17.0,High,High,Medium,High,3,14,0,0,4,9,3,Married,Yes,07-01-2013,819200
EMP10307,48,Male,Master's,Research & Development,Manager,2,20589.0,Very High,26,13.0,6,6,Yes,Travel_Frequently,19.0,Low,High,High,Medium,3,22,3,2,3,3,7,Single,No,10-03-2011,407427
EMP10308,60,Male,Master's,Research & Development,Research Director,3,11557.0,High,31,3.0,3,2,No,Travel_Rarely,20.0,Medium,High,High,High,3,16,3,4,3,8,12,Married,No,05-03-2020,615348
EMP10309,48,Female,Master's,IT,IT Support,3,17394.0,Very High,25,1.0,1,1,No,Travel_Rarely,17.0,Medium,High,High,High,3,17,2,6,1,11,12,Single,No,22-04-2011,304765
EMP10310,53,Male,PhD,Sales,Manager,1,25000.0,Very High,32,2.0,2,0,No,Non-Travel,24.0,Low,Very High,Medium,Medium,3,16,1,4,3,8,8,Married,No,16-08-2017,590130
EMP10311,53,Female,Bachelor's,Research & Development,Laboratory Technician,4,25000.0,Very High,27,10.0,3,3,No,Non-Travel,2.0,High,High,High,High,3,20,1,5,1,10,19,Married,No,14-11-2021,174847
EMP10312,47,Female,Master's,Sales,Manager,1,13384.0,High,20,4.0,4,2,Yes,Travel_Rarely,27.0,Medium,High,Very High,Medium,3,24,3,5,1,11,19,Married,No,08-10-2020,346257
EMP10313,32,Female,Bachelor's,Sales,Sales Representative,1,18686.0,Very High,8,3.0,1,2,No,Travel_Rarely,5.0,Medium,High,Medium,High,3,21,1,3,3,3,4,Married,No,19-10-2018,690848
EMP10314,34,Female,Master's,Marketing,Marketing Specialist,1,20577.0,Very High,3,1.0,1,1,No,Travel_Rarely,16.0,Low,High,Very High,High,4,23,0,5,2,9,13,Married,No,24-01-2019,954194
EMP10315,42,Female,Bachelor's,IT,Manager,1,11753.0,High,16,3.0,0,1,No,Travel_Frequently,29.0,High,Very High,Medium,Very High,3,21,2,3,4,2,4,Divorced,No,04-10-2019,380736
EMP10316,45,Male,Bachelor's,Finance,Finance Manager,1,25000.0,Very High,25,2.0,1,1,Yes,Travel_Rarely,30.0,High,Medium,Low,High,3,19,0,1,1,4,2,Single,No,30-08-2022,982201
EMP10317,23,Female,Master's,Research & Development,Research Director,2,15902.0,Very High,5,5.0,3,4,No,Travel_Rarely,22.0,Medium,Medium,Medium,Medium,3,21,1,5,2,5,0,Married,No,08-06-2018,421449
EMP10318,45,Male,Bachelor's,Sales,Sales Executive,2,20172.0,Very High,22,11.0,0,2,No,Travel_Rarely,11.0,High,Medium,Medium,High,3,22,3,3,1,9,9,Married,No,19-01-2011,608213
EMP10319,59,Male,Bachelor's,Sales,Manager,2,17973.0,Very High,37,0.0,0,0,No,Non-Travel,22.0,Medium,High,Medium,High,3,10,2,0,2,3,14,Married,No,16-05-2012,716492
EMP10320,28,Male,Bachelor's,Sales,Sales Representative,2,15441.0,Very High,7,4.0,4,2,No,Travel_Rarely,6.0,High,Very High,Low,Very High,3,15,3,4,3,0,16,Single,No,12-05-2012,188882
EMP10321,24,Female,Master's,Research & Development,Research Director,3,21957.0,Very High,0,0.0,0,0,No,Travel_Rarely,11.0,Low,Medium,Medium,Medium,4,20,2,4,4,6,11,Married,No,25-09-2010,518003
EMP10322,51,Male,Master's,Finance,Finance Manager,1,19990.0,Very High,27,3.0,1,3,No,Travel_Rarely,1.0,Medium,Low,Medium,Medium,3,24,0,2,2,4,13,Single,No,02-10-2025,351399
EMP10323,39,Male,Master's,Finance,Finance Manager,2,18633.0,Very High,14,10.0,4,0,No,Travel_Rarely,19.0,High,High,Low,Very High,3,20,1,2,0,1,3,Married,No,not available,855545
EMP10324,30,Female,Master's,Sales,Sales Executive,2,15870.0,Very High,7,4.0,4,3,No,Travel_Rarely,3.0,Very High,Very High,Medium,High,3,20,0,5,1,10,10,Single,No,07-09-2013,475710
EMP10325,34,Male,Bachelor's,Marketing,Marketing Specialist,4,25000.0,Very High,8,2.0,0,2,Yes,Non-Travel,8.0,Medium,Medium,Very High,High,3,21,3,5,2,8,14,Single,No,09-02-2025,463524
EMP10326,51,Female,High School,Finance,Finance Manager,1,25000.0,Very High,24,1.0,1,1,No,Travel_Frequently,22.0,High,High,Very High,High,3,10,0,1,4,7,13,Single,Yes,22-07-2019,830634
EMP10327,47,Female,Bachelor's,Research & Development,Laboratory Technician,1,23458.0,Very High,19,8.0,8,7,No,Travel_Rarely,18.0,High,Medium,Very High,Medium,3,13,1,6,4,9,17,Single,No,30-11-2019,348148
EMP10328,41,Male,Bachelor's,Human Resources,HR Executive,2,25000.0,Very High,8,5.0,1,2,No,Travel_Frequently,,Very High,Very High,Low,High,4,13,1,2,4,6,8,Divorced,Yes,21-01-2025,894823
EMP10329,60,Male,Bachelor's,Research & Development,Research Director,3,11783.0,High,31,3.0,3,1,No,Travel_Rarely,30.0,Medium,High,Low,High,4,17,0,0,2,8,14,Single,No,16-09-2012,749881
EMP10330,36,Female,Bachelor's,Sales,Sales Executive,1,23647.0,Very High,17,1.0,1,0,No,Travel_Rarely,1.0,Medium,High,Low,Very High,4,15,2,6,2,9,20,Single,No,14-05-2025,269593
EMP10331,45,Male,Bachelor's,Research & Development,Research Director,2,13443.0,High,21,2.0,0,1,No,Non-Travel,20.0,Very High,Low,Medium,Low,3,22,1,3,3,1,2,Single,No,15-12-2024,889691
EMP10332,26,Male,Master's,IT,IT Support,1,11332.0,High,0,0.0,0,0,Yes,Travel_Rarely,17.0,Low,High,Very High,High,3,23,1,3,0,2,19,Divorced,No,23-10-2022,464845
EMP10333,45,Male,Bachelor's,Sales,Manager,4,15792.0,Very High,22,4.0,1,4,No,Travel_Rarely,5.0,Low,Medium,Very High,Low,3,16,1,1,2,8,12,Single,Yes,30-08-2022,595755
EMP10334,44,Male,Master's,Sales,Manager,1,25000.0,Very High,21,3.0,1,3,Yes,Non-Travel,12.0,Low,High,Medium,Very High,3,22,1,3,3,5,1,Single,No,03-12-2020,260490
EMP10335,29,Male,Master's,Sales,Manager,1,25000.0,Very High,6,4.0,2,2,No,Travel_Rarely,11.0,High,High,Medium,High,3,23,2,4,1,1,14,Single,No,03-01-2019,751276
EMP10336,38,Male,Master's,Sales,Manager,1,24572.0,Very High,6,6.0,2,1,Yes,Travel_Frequently,24.0,Low,High,Very High,High,4,23,2,3,0,5,13,Married,No,19-12-2014,951657
EMP10337,30,Female,PhD,IT,IT Support,2,11051.0,High,9,2.0,2,0,Yes,Non-Travel,26.0,Very High,High,High,High,3,21,3,2,4,4,6,Divorced,No,22-03-2019,939004
EMP10338,32,Male,Bachelor's,Finance,Financial Analyst,1,20164.0,Very High,11,1.0,0,1,No,Travel_Rarely,18.0,Medium,Medium,Medium,Very High,3,23,3,4,0,9,3,Divorced,No,17-06-2020,410535
EMP10339,27,Female,Master's,Research & Development,Research Director,3,25000.0,Very High,7,4.0,4,4,No,Travel_Rarely,8.0,Low,Medium,Low,Very High,3,19,3,2,1,4,3,Divorced,No,06-07-2012,973897
EMP10340,59,Male,Master's,Sales,Sales Representative,4,23837.0,Very High,31,5.0,2,1,No,Travel_Rarely,29.0,Medium,High,High,Medium,4,16,0,6,2,4,9,Single,Yes,11-09-2018,125588
EMP10341,23,Male,Bachelor's, sales ,Laboratory Technician,1,9607.0,High,0,0.0,0,0,Yes,Travel_Rarely,24.0,Medium,High,Low,High,3,16,0,2,2,1,20,Married,No,19-05-2024,167685
EMP10342,50,Female,Master's,Research & Development,Laboratory Technician,2,14755.0,High,21,11.0,5,1,No,Travel_Rarely,22.0,High,Medium,Very High,High,3,19,3,1,3,5,18,Married,No,12-01-2017,787808
EMP10343,47,Female,Bachelor's,Sales,Sales Representative,1,21400.0,Very High,22,2.0,1,1,No,Travel_Frequently,24.0,High,Low,Medium,Medium,3,11,1,6,2,6,12,Married,No,20-12-2021,470056
EMP10344,30,Female,Master's,Research & Development,Research Director,2,25000.0,Very High,4,0.0,0,0,Yes,Travel_Rarely,13.0,Medium,High,Medium,Very High,3,15,3,1,2,8,5,Married,No,20-07-2021,986403
EMP10345,20,Female,High School,Research & Development,Research Scientist,1,8199.0,High,0,0.0,0,0,No,Travel_Rarely,2.0,Low,Medium,Medium,Medium,4,17,0,4,0,4,7,Single,Yes,29-06-2022,181248
EMP10346,57,Female,PhD,Human Resources,HR Specialist,1,20477.0,Very High,35,3.0,3,0,No,Travel_Rarely,23.0,High,Very High,Low,Low,3,17,2,6,1,10,9,Single,No,03-10-2013,670217
EMP10347,43,Male,Master's,Human Resources,HR Executive,2,23491.0,Very High,15,5.0,0,0,Yes,Travel_Rarely,16.0,High,High,High,Medium,4,13,1,3,4,10,16,Married,No,26-02-2020,998547
EMP10348,50,Female,Master's,Sales,Sales Executive,1,25000.0,Very High,24,5.0,4,0,Yes,Travel_Frequently,12.0,High,Very High,Medium,High,3,16,1,5,4,4,8,Married,No,10-11-2020,816154
EMP10349,60,Female,Master's,Research & Development,Research Scientist,3,25000.0,Very High,34,4.0,0,1,No,Travel_Rarely,8.0,High,High,Medium,Very High,3,18,1,5,3,8,13,Single,No,26-05-2014,672230
EMP10350,45,Female,Bachelor's,Human Resources,HR Specialist,2,25000.0,Very High,17,1.0,0,1,No,Travel_Frequently,4.0,Medium,High,High,High,3,25,0,0,1,5,19,Single,Yes,30-03-2018,961238
EMP10351,24,Female,High School,Research & Development,Laboratory Technician,3,15368.0,Very High,0,0.0,0,0,No,Travel_Rarely,14.0,Very High,Medium,Low,Medium,3,17,1,3,0,6,4,Married,No,09-09-2021,622335
EMP10352,39,Female,Master's,IT,IT Support,4,9334.0,High,12,8.0,0,7,No,Travel_Rarely,9.0,Medium,High,Medium,Medium,3,11,1,4,4,3,2,Single,No,02-03-2015,183256
EMP10353,60,Male,Bachelor's,Finance,Financial Analyst,4,18456.0,Very High,40,4.0,4,1,No,Travel_Rarely,11.0,Low,High,Medium,Very High,3,25,2,0,3,3,8,Married,No,25-02-2014,226136
EMP10354,30,Female,Bachelor's,Sales,Sales Representative,2,25000.0,Very High,9,3.0,3,1,No,Travel_Rarely,16.0,High,High,Low,Low,3,22,1,2,2,0,11,Married,No,19-11-2017,203067
EMP10355,52,Female,Bachelor's,Sales,Sales Representative,2,25000.0,Very High,23,1.0,1,1,Yes,Travel_Rarely,6.0,Very High,Medium,High,Very High,3,20,0,2,2,10,0,Married,No,10-06-2010,375097
EMP10356,57,Female,Bachelor's,Human Resources,HR Executive,1,25000.0,Very High,38,0.0,0,0,No,Travel_Rarely,12.0,High,High,Medium,Very High,3,17,1,0,0,4,10,Married,No,02-11-2017,927896
EMP10357,46,Female,Master's,Sales,Sales Representative,3,25000.0,Very High,25,2.0,1,0,No,Non-Travel,19.0,Medium,Medium,High,High,3,12,0,2,4,1,4,Married,No,21-11-2010,322820
EMP10358,53,Male,Bachelor's,Human Resources,Manager,2,25000.0,Very High,31,2.0,1,1,No,Travel_Rarely,16.0,Medium,Low,High,Very High,3,13,2,3,2,4,18,Married,No,30-09-2011,784385
EMP10359,34,Female,Master's,Marketing,Manager,4,17150.0,Very High,7,7.0,2,6,No,Non-Travel,13.0,Medium,Medium,High,Medium,3,12,2,1,3,4,3,Married,No,12-10-2010,324328
EMP10360,51,Female,Master's,Human Resources,Manager,1,20774.0,Very High,26,8.0,1,3,No,Travel_Rarely,4.0,Very High,Medium,Very High,Very High,3,24,1,5,3,3,11,Married,Yes,22-09-2021,345573
EMP10361,40,Female,Bachelor's,Research & Development,Research Director,1,25000.0,Very High,10,5.0,3,5,No,Travel_Rarely,12.0,Low,Very High,Medium,Medium,4,17,3,6,4,11,15,Single,No,05-08-2015,532149
EMP10362,24,Male,Bachelor's,Human Resources,HR Executive,1,14412.0,High,2,2.0,2,0,No,Travel_Rarely,4.0,High,Low,High,High,3,13,2,3,0,9,15,Married,No,19-11-2019,336744
EMP10363,25,Female,Bachelor's,Research & Development,Laboratory Technician,3,25000.0,Very High,6,1.0,1,1,No,Travel_Rarely,17.0,Medium,Medium,Very High,High,4,20,1,2,3,8,20,Divorced,No,04-08-2025,620174
EMP10364,57,Male,PhD,Research & Development,Research Director,1,19055.0,Very High,31,19.0,8,1,No,Travel_Frequently,14.0,High,High,Very High,High,3,10,2,1,1,4,0,Divorced,No,26-03-2010,917806
EMP10365,41,Female,Bachelor's,Marketing,Manager,2,25000.0,Very High,14,2.0,2,2,Yes,Travel_Rarely,29.0,Very High,Very High,High,Medium,3,18,2,3,3,5,2,Married,No,08-01-2012,548960
EMP10366,37,Male,Bachelor's,Research & Development,Laboratory Technician,2,11695.0,High,14,1.0,1,1,No,Travel_Rarely,26.0,Medium,Medium,Medium,High,3,18,0,5,0,0,19,Married,No,20-02-2021,592895
EMP10367,33,Female,Master's,Marketing,Marketing Executive,1,25000.0,Very High,7,3.0,0,3,Yes,Travel_Rarely,17.0,Medium,High,Low,High,3,10,3,2,3,11,14,Divorced,Yes,06-02-2023,334990
EMP10368,29,Male,Bachelor's,Marketing,Manager,2,15811.0,Very High,0,0.0,0,0,No,Travel_Rarely,1.0,High,Medium,Medium,Very High,4,17,0,3,2,4,19,Single,No,17-11-2024,158513
EMP10369,32,Male,PhD,Sales,Sales Representative,2,11651.0,High,4,4.0,4,1,No,Travel_Frequently,20.0,High,Medium,Very High,High,3,11,1,2,0,11,16,Single,No,28-03-2025,752554
EMP10370,50,Female,Master's,SALES,Sales Representative,1,24303.0,Very High,22,0.0,0,0,No,Travel_Rarely,1.0,High,Medium,High,High,3,16,1,4,2,8,3,Single,No,16-07-2018,502402
EMP10371,49,Male,Bachelor's,Sales,Manager,2,25000.0,Very High,24,11.0,1,0,Yes,Travel_Frequently,30.0,High,High,High,Very High,3,22,0,0,2,11,2,Divorced,No,11-10-2024,550400
EMP10372,22,Female,Master's,Sales,Manager,4,15060.0,Very High,0,0.0,0,0,No,Travel_Rarely,22.0,Low,High,High,Very High,4,10,3,2,4,10,10,Single,No,27-01-2014,444451
EMP10373,49,Female,High School,Sales,Sales Representative,5,11220.0,High,25,0.0,0,0,No,Non-Travel,30.0,High,Medium,Medium,High,3,15,3,5,0,5,0,Single,No,30-05-2019,325313
EMP10374,25,Female,Master's,Finance,Finance Manager,2,21135.0,Very High,10,9.0,1,1,Yes,Travel_Rarely,2.0,Medium,Medium,Medium,Very High,3,19,3,3,2,8,4,Single,Yes,05-12-2011,141263
EMP10375,48,Male,Master's,Sales,Manager,2,21177.0,Very High,19,10.0,1,2,No,Travel_Rarely,17.0,Very High,Low,Very High,High,3,21,2,6,4,11,3,Married,No,09-09-2021,976626
EMP10376,27,Female,Bachelor's,Research & Development,Research Director,1,25000.0,Very High,4,4.0,4,2,No,Travel_Rarely,23.0,Medium,High,High,Medium,3,20,1,5,4,3,19,Married,No,26-12-2011,138447
EMP10377,52,Male,Bachelor's,IT,Manager,5,25000.0,Very High,35,4.0,2,4,No,Non-Travel,22.0,High,High,High,Very High,3,20,2,2,2,1,7,Single,No,01-04-2010,607175
EMP10378,36,Female,Master's,Sales,Manager,1,21445.0,Very High,9,8.0,2,0,No,Travel_Rarely,1.0,Medium,High,Medium,High,3,19,0,2,2,8,10,Single,No,05-11-2014,533850
EMP10379,30,Female,,IT,Data Analyst,2,25000.0,Very High,0,0.0,0,0,No,Travel_Rarely,12.0,Medium,High,High,Medium,3,23,3,5,1,3,10,Married,No,08-11-2011,206979
EMP10380,32,Male,Master's,Sales,Sales Executive,1,24365.0,Very High,7,7.0,7,3,No,Travel_Rarely,13.0,Medium,High,Low,Low,3,23,2,3,0,10,17,Married,No,08-09-2013,181839
EMP10381,30,Male,High School,Sales,Sales Representative,1,18847.0,Very High,3,3.0,3,3,Yes,Travel_Rarely,14.0,High,Medium,Medium,High,3,17,3,3,4,1,9,Married,No,06-02-2016,562120
EMP10382,50,Male,Bachelor's,Finance,Accountant,1,10666.0,High,27,17.0,2,1,Yes,Travel_Frequently,10.0,High,Medium,Medium,Very High,3,20,2,1,0,0,12,Divorced,No,06-07-2021,601141
EMP10383,47,Female,Master's,Human Resources,HR Specialist,3,19571.0,Very High,27,27.0,0,6,No,Travel_Rarely,12.0,Very High,Medium,High,Medium,3,15,1,6,4,1,19,Married,No,18-02-2023,935950
EMP10384,25,Male,Bachelor's,IT,Data Analyst,2,18932.0,Very High,2,1.0,1,1,No,Travel_Rarely,25.0,Medium,Very High,Medium,High,3,18,3,5,3,4,15,Married,No,02-07-2016,339935
EMP10385,60,Female,Master's,Finance,Financial Analyst,2,25000.0,Very High,35,9.0,1,1,Yes,Travel_Rarely,22.0,High,High,Medium,High,4,24,2,5,3,2,16,Single,No,23-10-2014,729365
EMP10386,35,Female,Bachelor's,IT,Manager,1,25000.0,Very High,6,3.0,0,2,Yes,Travel_Rarely,18.0,High,High,High,Medium,4,20,0,2,4,5,17,Single,No,2019/08/24,138582
EMP10387,23,Female,Bachelor's,Sales,Sales Representative,3,12956.0,High,0,0.0,0,0,No,Travel_Frequently,7.0,Low,Medium,Very High,Medium,3,10,2,4,1,3,2,Single,No,02-02-2023,253179
EMP10388,54,Female,Master's,Sales,Sales Executive,1,23802.0,Very High,31,5.0,0,2,No,Non-Travel,19.0,Medium,Medium,Low,Very High,4,18,0,0,3,1,0,Single,No,12-11-2011,618414
EMP10389,45,Male,Bachelor's,IT,IT Support,1,25000.0,Very High,18,0.0,0,0,Yes,Travel_Frequently,30.0,Medium,Medium,Medium,Medium,4,12,0,5,0,6,1,Married,No,15-07-2013,505123
EMP10390,31,Female,Master's,IT,Software Engineer,2,25000.0,Very High,10,4.0,0,1,No,Travel_Rarely,15.0,Medium,High,High,Medium,3,24,3,2,2,11,5,Single,No,15-12-2021,333095
EMP10391,30,Female,Master's,Marketing,Manager,4,25000.0,Very High,12,10.0,2,7,Yes,Travel_Rarely,7.0,Medium,Medium,High,Medium,3,11,1,3,0,10,17,Married,Yes,09-05-2017,182398
EMP10392,56,Female,PhD,Research & Development,Research Director,1,25000.0,Very High,34,1.0,1,1,No,Travel_Frequently,14.0,High,Very High,High,Medium,3,21,0,1,0,5,16,Single,No,18-11-2014,337438
EMP10393,44,Male,Master's,Research & Development,Research Scientist,2,22630.0,Very High,24,3.0,3,3,No,Travel_Rarely,9.0,Medium,High,High,Medium,4,17,0,2,0,7,13,Married,No,26-12-2016,271835
EMP10394,37,Male,High School,IT,Data Analyst,2,25000.0,Very High,15,14.0,0,1,No,Travel_Rarely,5.0,High,Low,Low,Medium,4,19,1,4,4,9,16,Married,No,08-05-2016,883998
EMP10395,38,Male,PhD,Research & Development,Manager,3,25000.0,Very High,17,3.0,2,2,No,Non-Travel,1.0,Very High,Medium,Very High,High,3,14,1,3,4,4,20,Single,No,03-12-2021,221177
EMP10396,42,Male,Bachelor's,Marketing,Marketing Executive,1,12091.0,High,10,2.0,2,1,No,Travel_Rarely,16.0,High,Low,Very High,High,3,22,1,4,0,2,8,Married,No,26-08-2010,790050
EMP10397,57,Male,High School,IT,Software Engineer,2,18821.0,Very High,32,3.0,3,3,Yes,Travel_Rarely,5.0,High,Medium,High,Medium,3,10,0,4,2,3,18,Single,Yes,30-04-2022,143750
EMP10398,37,Male,High School,Research & Development,Laboratory Technician,1,15558.0,Very High,12,4.0,4,4,Yes,Travel_Rarely,24.0,Low,Very High,Very High,High,3,10,1,5,1,4,1,Married,No,31-10-2010,462374
EMP10399,45,Female,Bachelor's,IT,Software Engineer,1,25000.0,Very High,25,5.0,0,0,No,Travel_Rarely,8.0,Very High,High,Low,Medium,3,11,0,0,1,4,2,Divorced,No,15-06-2014,582126
EMP10400,25,Male,Master's,IT,IT Support,1,25000.0,Very High,7,7.0,0,0,No,Travel_Rarely,19.0,Medium,Low,Medium,Very High,3,16,0,0,3,5,15,Married,Yes,21-03-2025,206707
EMP10401,23,Female,Bachelor's,Sales,,5,16837.0,Very High,0,0.0,0,0,No,Non-Travel,20.0,High,Medium,Medium,Medium,3,11,0,5,3,8,15,Divorced,No,07-06-2013,711216
EMP10402,48,Male,High School,Marketing,Marketing Specialist,1,7513.0,Medium,24,9.0,1,7,No,Travel_Rarely,12.0,Very High,Medium,Medium,Very High,3,18,1,2,2,3,0,Single,No,08-06-2016,950811
EMP10403,53,Female,Bachelor's,Research & Development,Laboratory Technician,4,18297.0,Very High,27,4.0,2,2,No,Travel_Rarely,8.0,High,High,High,Medium,4,15,0,0,0,6,18,Married,No,15-07-2012,623487
EMP10404,36,Female,Bachelor's,IT,Data Analyst,1,25000.0,Very High,4,2.0,2,2,Yes,Travel_Frequently,8.0,High,High,High,High,3,13,3,2,4,6,17,Married,No,22-06-2015,857257
EMP10405,35,Female,Master's,Research & Development,Laboratory Technician,4,25000.0,Very High,8,5.0,5,5,No,Travel_Rarely,23.0,Medium,Low,High,Medium,3,21,0,2,3,5,9,Single,No,13-12-2013,782063
EMP10406,21,Female,Bachelor's,IT,IT Support,2,25000.0,Very High,0,0.0,0,0,No,Travel_Rarely,6.0,Low,High,Medium,Medium,3,22,1,5,0,0,16,Married,No,30-08-2021,845583
EMP10407,53,Male,Bachelor's,Research & Development,Manager,1,19419.0,Very High,33,4.0,4,3,No,Travel_Rarely,20.0,High,Low,High,High,3,23,1,6,1,8,0,Married,No,25-09-2023,972217
EMP10408,27,Female,Bachelor's,Sales,Sales Executive,2,12387.0,High,0,0.0,0,0,No,Travel_Frequently,26.0,Low,High,Medium,High,3,13,0,3,2,5,4,Married,No,29-07-2016,182197
EMP10409,32,Male,Bachelor's,Marketing,Marketing Specialist,1,25000.0,Very High,8,1.0,1,1,No,Travel_Rarely,29.0,High,Medium,Low,Very High,4,12,0,6,4,2,3,Married,No,12-07-2017,962719
EMP10410,27,Male,Master's,Sales,Manager,2,15132.0,Very High,1,1.0,1,0,No,Travel_Rarely,9.0,Low,Low,High,High,3,18,0,3,4,10,18,Single,No,06-10-2017,199897
EMP10411,49,Male,Bachelor's,Research & Development,Research Scientist,2,25000.0,Very High,22,2.0,2,2,No,Travel_Rarely,2.0,Very High,Medium,Low,Medium,3,11,3,1,3,1,20,Married,No,10-11-2023,549275
EMP10412,51,Female,Bachelor's,Marketing,Marketing Specialist,2,25000.0,Very High,27,6.0,1,2,No,Travel_Rarely,18.0,Low,Low,Very High,Very High,3,18,1,6,0,11,6,Single,Yes,03-05-2020,871899
EMP10413,55,Male,Bachelor's,Marketing,Marketing Executive,2,16962.0,Very High,23,0.0,0,0,No,Travel_Rarely,1.0,High,Medium,Medium,High,3,25,3,0,4,11,7,Single,No,10-05-2012,106475
EMP10414,49,Female,Bachelor's,SALES,HR Executive,3,16729.0,Very High,23,7.0,1,3,No,Travel_Rarely,11.0,High,Very High,High,Medium,3,12,1,5,1,2,18,Single,No,05-07-2023,976710
EMP10415,20,Male,PhD,Human Resources,HR Executive,1,21124.0,Very High,0,0.0,0,0,No,Travel_Rarely,15.0,Medium,Medium,High,Very High,4,13,2,1,1,10,7,Single,No,21-10-2023,629282
EMP10416,58,Female,Bachelor's,Research & Development,Research Scientist,4,19776.0,Very High,26,2.0,2,2,No,Travel_Rarely,12.0,Medium,High,Medium,Very High,3,18,1,5,2,0,8,Single,No,02-07-2013,655451
EMP10417,36,Female,Master's,Sales,Sales Executive,4,25000.0,Very High,14,4.0,1,2,No,Travel_Rarely,3.0,Medium,High,High,Low,3,12,0,4,2,2,18,Single,Yes,25-07-2025,863287
EMP10418,39,Male,Master's,Research & Development,Laboratory Technician,1,23954.0,Very High,18,1.0,1,0,No,Travel_Rarely,19.0,Medium,Medium,Medium,Low,3,15,1,2,1,4,17,Divorced,No,26-04-2011,928854
EMP10419,43,Male,High School,Finance,Financial Analyst,1,15847.0,Very High,21,11.0,2,3,No,Travel_Rarely,20.0,Medium,Medium,Medium,Low,3,21,1,6,1,3,13,Married,No,19-09-2025,649377
EMP10420,41,Female,PhD,IT,Software Engineer,2,25000.0,Very High,14,0.0,0,0,Yes,Non-Travel,19.0,Medium,Very High,High,High,3,24,2,2,0,9,17,Married,No,26-05-2015,996707
EMP10421,48,Male,Master's,IT,Data Analyst,2,22521.0,Very High,17,3.0,0,0,No,Travel_Frequently,10.0,High,Low,Very High,High,3,14,2,3,4,0,4,Single,No,10-05-2012,796726
EMP10422,41,Male,Master's,IT,Data Analyst,1,25000.0,Very High,9,9.0,2,2,No,Non-Travel,16.0,Medium,Very High,Very High,High,3,15,3,4,0,4,0,Single,No,18-04-2010,181277
EMP10423,28,Female,Bachelor's,Sales,Sales Executive,1,16752.0,Very High,0,0.0,0,0,Yes,Travel_Rarely,6.0,Very High,Very High,High,High,3,14,3,2,2,2,5,Single,No,08-12-2025,780918
EMP10424,56,Male,Bachelor's,Research & Development,Laboratory Technician,2,25000.0,Very High,33,2.0,1,0,No,Travel_Rarely,9.0,High,Very High,High,Medium,3,22,0,2,2,9,6,Married,No,18-09-2020,934985
EMP10425,29,Male,Bachelor's,Sales,Manager,2,25000.0,Very High,10,3.0,2,3,No,Travel_Rarely,8.0,Medium,Medium,High,Medium,4,23,3,4,2,10,4,Married,No,06-12-2023,507147
EMP10426,55,Male,High School,Research & Development,Research Director,1,9411.0,High,30,6.0,2,3,No,Travel_Rarely,22.0,Medium,High,High,Very High,3,20,3,4,4,6,7,Single,No,05-07-2015,432939
EMP10427,56,Male,Master's,Research & Development,Research Scientist,4,25000.0,Very High,34,18.0,6,3,No,Travel_Rarely,16.0,Very High,High,Very High,Very High,3,12,2,2,3,9,5,Married,No,08-09-2015,669544
EMP10428,47,Male,Master's,IT,IT Support,2,25000.0,Very High,25,11.0,3,6,No,Travel_Rarely,8.0,Low,Low,High,Medium,3,11,0,4,2,10,0,Single,No,03-12-2015,210154
EMP10429,47,Male,Bachelor's,Research & Development,Manager,2,18421.0,Very High,21,2.0,0,0,Yes,Travel_Rarely,24.0,High,High,Very High,Medium,4,19,0,0,2,7,11,Married,No,01-07-2011,896908
EMP10430,40,Male,Master's,Sales,Sales Representative,2,13413.0,High,10,10.0,6,0,No,Travel_Rarely,26.0,High,Very High,Very High,Medium,3,22,3,4,0,4,4,Divorced,No,02-11-2017,232608
EMP10431,43,Male,Master's,SALES,Manager,1,25000.0,Very High,16,0.0,0,0,Yes,Travel_Rarely,22.0,Low,Very High,Very High,Low,4,18,0,1,0,9,4,Single,Yes,31-05-2015,626178
EMP10432,59,Female,Bachelor's,IT,Data Analyst,2,22903.0,Very High,34,0.0,0,0,Yes,Travel_Rarely,18.0,High,Medium,Medium,Medium,3,13,0,1,3,7,14,Married,No,10-05-2017,949461
EMP10433,21,Female,Bachelor's,Human Resources,Manager,1,25000.0,Very High,0,0.0,0,0,No,Travel_Rarely,5.0,Medium,Medium,Medium,Medium,3,19,2,2,3,5,16,Married,No,21-08-2020,328087
EMP10434,27,Female,Bachelor's,Sales,Manager,1,24010.0,Very High,0,0.0,0,0,No,Travel_Rarely,20.0,Medium,Medium,High,Medium,4,21,3,2,3,5,4,Married,No,20-10-2015,541130
EMP10435,46,Male,Master's,Sales,Manager,1,25000.0,Very High,24,0.0,0,0,No,Non-Travel,12.0,High,Medium,Low,High,3,15,0,3,3,4,18,Divorced,No,29-01-2011,489006
EMP10436,41,Male,Master's,Finance,Financial Analyst,1,25000.0,Very High,10,1.0,1,1,No,Travel_Rarely,6.0,High,Medium,Medium,Very High,3,25,3,4,0,10,9,Single,No,12-01-2015,964774
EMP10437,56,Female,High School,Sales,Sales Executive,2,25000.0,Very High,31,3.0,3,3,No,Travel_Rarely,2.0,Very High,High,Very High,Very High,3,18,3,6,2,9,2,Single,Yes,10-04-2017,561211
EMP10438,46,Female,Bachelor's,IT,Software Engineer,2,13734.0,High,18,7.0,7,1,No,Travel_Frequently,4.0,High,High,High,High,3,14,0,1,0,5,10,Single,Yes,08-09-2022,903567
EMP10439,48,Male,Master's,Finance,Accountant,1,25000.0,Very High,18,5.0,2,1,No,Travel_Rarely,16.0,High,Very High,Medium,High,3,16,1,3,1,0,7,Single,No,01-07-2024,761253
EMP10440,22,Male,Master's,Sales,Sales Executive,1,25000.0,Very High,0,0.0,0,0,Yes,Travel_Rarely,29.0,High,Medium,High,High,3,21,0,2,1,7,12,Single,Yes,25-06-2010,950707
EMP10441,32,Male,Bachelor's,Sales,Manager,3,25000.0,Very High,11,3.0,0,3,Yes,Travel_Rarely,24.0,Low,High,Medium,Medium,3,23,1,6,2,4,5,Married,Yes,18-01-2023,734711
EMP10442,29,Female,Bachelor's,Marketing,Marketing Specialist,1,13285.0,High,4,4.0,0,1,No,Travel_Rarely,14.0,High,High,High,High,3,25,2,5,3,7,2,Single,No,29-10-2021,598601
EMP10443,55,Male,Master's,Research & Development,Manager,1,24570.0,Very High,32,8.0,2,2,Yes,Travel_Rarely,17.0,High,Very High,Very High,Medium,3,14,3,5,2,2,18,Single,No,27-08-2019,423555
EMP10444,28,Female,Bachelor's,Research & Development,Laboratory Technician,2,8630.0,High,2,2.0,2,2,No,Travel_Rarely,19.0,Low,Very High,High,Low,3,24,1,0,1,9,6,Single,No,29-04-2011,136389
EMP10445,46,Female,Bachelor's,IT,Manager,3,25000.0,Very High,23,20.0,0,1,No,Travel_Rarely,4.0,High,High,Medium,High,3,21,3,4,2,5,1,Single,No,22-07-2021,440669
EMP10446,53,Female,Master's,Marketing,Marketing Executive,3,17211.0,Very High,20,6.0,2,3,Yes,Travel_Frequently,18.0,Low,Very High,Medium,Medium,4,18,2,3,3,0,18,Married,No,20-08-2022,860651
EMP10447,20,Female,High School,Marketing,Marketing Specialist,3,25000.0,Very High,0,0.0,0,0,No,Travel_Rarely,12.0,High,Medium,Medium,Very High,3,11,2,0,0,0,12,Married,No,08-11-2010,734626
EMP10448,51,Male,Master's,IT,IT Support,1,15544.0,Very High,26,0.0,0,0,Yes,Travel_Rarely,2.0,High,Very High,Low,Very High,3,12,1,6,3,3,10,Married,No,19-10-2024,566075
EMP10449,44,Female,Bachelor's,Research & Development,Manager,3,10300.0,High,16,1.0,1,1,No,Travel_Rarely,6.0,Very High,High,High,Medium,3,14,2,6,0,11,8,Single,No,19-03-2023,394923
EMP10450,48,Female,High School,Sales,Sales Representative,1,17817.0,Very High,25,7.0,4,0,No,Travel_Rarely,6.0,Medium,Medium,High,Low,3,11,3,6,1,9,18,Married,No,11-08-2024,885231
EMP10451,26,Female,Bachelor's,IT,Software Engineer,1,9055.0,High,0,0.0,0,0,No,Travel_Frequently,3.0,High,Very High,Medium,Low,3,21,2,5,4,5,18,Single,No,27-02-2025,759627
EMP10452,22,Female,High School,Research & Development,Laboratory Technician,2,25000.0,Very High,0,0.0,0,0,Yes,Travel_Rarely,8.0,Medium,Medium,Medium,Very High,3,23,2,2,2,2,20,Single,No,08-04-2013,922798
EMP10453,39,Female,High School,Research & Development,Manager,2,8697.0,High,10,0.0,0,0,No,Travel_Frequently,12.0,High,Very High,Medium,Medium,3,15,1,1,4,10,13,Married,No,02-06-2011,858070
EMP10454,39,Male,Master's,Marketing,Marketing Executive,1,22310.0,Very High,17,13.0,5,2,Yes,Travel_Rarely,3.0,High,High,Very High,High,4,19,2,3,3,10,11,Married,No,21-09-2010,461566
EMP10455,49,Male,Bachelor's,Sales,Manager,1,8647.0,High,24,2.0,2,1,No,Travel_Frequently,2.0,High,High,Medium,Low,3,12,0,3,0,11,0,Single,No,08-07-2023,737172
EMP10456,54,Female,PhD,Research & Development,Research Director,3,19070.0,Very High,31,12.0,12,1,No,Travel_Rarely,21.0,High,Low,Medium,Medium,4,14,3,2,3,11,0,Married,No,29-02-2020,626292
EMP10457,54,Male,Bachelor's,Sales,Sales Executive,3,25000.0,Very High,24,14.0,5,3,No,Travel_Rarely,29.0,Very High,Low,Low,High,3,14,1,2,3,4,16,Divorced,No,27-10-2022,681969
EMP10458,58,Male,Bachelor's,Research & Development,Research Scientist,2,25000.0,Very High,28,0.0,0,0,No,Travel_Frequently,23.0,Low,Very High,High,High,3,19,0,1,1,9,3,Married,No,04-08-2010,259663
EMP10459,46,Male,,Sales,Sales Representative,2,14934.0,High,17,3.0,1,2,No,Travel_Frequently,1.0,Medium,Medium,Medium,High,3,25,1,1,3,10,12,Single,No,12-02-2017,804575
EMP10460,45,Female,Master's,Sales,Manager,3,21719.0,Very High,18,0.0,0,0,Yes,Travel_Rarely,18.0,High,Very High,High,High,3,17,0,1,2,3,10,Single,No,06-07-2017,551280
EMP10461,33,Male,Bachelor's,Sales,Sales Representative,3,22206.0,Very High,16,12.0,3,2,No,Non-Travel,18.0,Medium,High,High,High,3,18,2,0,1,9,17,Single,No,01-11-2022,721270
EMP10462,36,Female,Bachelor's,Human Resources,Manager,2,25000.0,Very High,11,4.0,3,0,No,Travel_Rarely,8.0,Medium,High,Low,High,3,13,0,0,4,11,11,Married,No,14-12-2014,466114
EMP10463,37,Male,Master's,Finance,Finance Manager,1,11907.0,High,7,0.0,0,0,Yes,Travel_Rarely,26.0,High,High,Low,Very High,4,19,0,2,3,2,18,Divorced,No,26-02-2022,958577
EMP10464,48,Male,Bachelor's,Human Resources,HR Specialist,1,25000.0,Very High,24,1.0,1,1,No,Travel_Rarely,22.0,Medium,Low,Very High,High,3,10,0,6,4,8,19,Single,No,01-02-2013,749226
EMP10465,39,Male,High School,Marketing,Manager,2,6523.0,Medium,10,2.0,2,2,No,Travel_Frequently,14.0,Medium,Medium,High,High,3,14,3,6,2,3,0,Single,No,30-12-2016,784822
EMP10466,46,Male,Bachelor's,Research & Development,Laboratory Technician,1,16590.0,Very High,16,14.0,5,2,No,Non-Travel,29.0,High,High,Medium,High,3,13,1,3,2,9,17,Divorced,No,19-06-2016,338904
EMP10467,37,Female,Master's,Sales,Manager,1,17682.0,Very High,16,6.0,4,5,No,Travel_Rarely,13.0,Medium,Very High,Medium,Medium,3,14,2,0,2,6,1,Married,No,05-06-2015,490224
EMP10468,23,Female,Bachelor's,IT,Software Engineer,2,25000.0,Very High,0,0.0,0,0,No,Travel_Rarely,15.0,Low,High,Medium,Very High,3,20,2,2,4,4,10,Married,No,13-12-2010,898277
EMP10469,20,Female,Master's,Sales,Sales Representative,1,22252.0,Very High,0,0.0,0,0,No,Travel_Rarely,15.0,Low,Medium,High,Medium,3,23,3,5,4,6,14,Married,No,12-10-2011,205431
EMP10470,20,Male,Master's,Marketing,Manager,3,11702.0,High,0,0.0,0,0,No,Travel_Rarely,13.0,Very High,Very High,Very High,Medium,4,24,3,5,0,4,14,Single,No,01-10-2022,708625
EMP10471,45,Male,Master's,Sales,Manager,1,14140.0,High,13,13.0,0,1,No,Travel_Rarely,4.0,Very High,High,High,High,3,18,3,0,1,2,5,Married,No,10-06-2017,555844
EMP10472,39,Male,Bachelor's,Marketing,Marketing Specialist,2,24086.0,Very High,10,0.0,0,0,No,Travel_Rarely,4.0,High,High,Low,Medium,3,17,0,1,3,5,3,Single,No,22-09-2010,870127
EMP10473,42,Male,PhD,Sales,Manager,3,21257.0,Very High,17,15.0,5,3,No,Travel_Rarely,5.0,Medium,High,High,High,3,20,3,5,1,8,11,Married,No,20-11-2018,775804
EMP10474,29,Male,Bachelor's,IT,IT Support,2,16973.0,Very High,0,0.0,0,0,No,Travel_Rarely,3.0,Very High,High,Very High,Medium,3,20,3,2,2,11,10,Divorced,No,13-01-2011,608956
EMP10475,30,Female,Bachelor's,Research & Development,Laboratory Technician,2,17741.0,Very High,2,0.0,0,0,No,Travel_Rarely,12.0,High,High,Medium,Very High,3,20,0,5,3,5,7,Single,No,20-01-2018,938651
EMP10476,60,Male,Bachelor's,Marketing,Marketing Executive,2,25000.0,Very High,36,6.0,2,6,Yes,Travel_Rarely,,High,High,Very High,Very High,4,17,1,1,0,3,1,Single,No,03-05-2020,738451
EMP10477,60,Male,Master's,Sales,Sales Executive,3,17449.0,Very High,37,20.0,4,7,No,Travel_Rarely,20.0,High,Medium,High,High,3,17,3,4,1,0,15,Divorced,No,07-06-2020,625979
EMP10478,24,Female,High School,Research & Development,Research Scientist,5,21170.0,Very High,0,0.0,0,0,No,Travel_Rarely,12.0,Medium,High,Medium,High,3,10,3,5,2,2,1,Single,No,05-10-2018,902703
EMP10479,20,Male,High School,Marketing,Marketing Specialist,2,25000.0,Very High,0,0.0,0,0,No,Travel_Rarely,20.0,Medium,Medium,Medium,Low,3,21,0,3,3,2,20,Single,No,06-09-2015,959586
EMP10480,36,Female,Master's,Research & Development,Laboratory Technician,3,11607.0,High,11,1.0,0,1,Yes,Travel_Rarely,7.0,Medium,High,Medium,Very High,3,16,0,1,3,1,3,Single,Yes,22-08-2018,843017
EMP10481,41,Female,Bachelor's, sales ,Manager,1,9573.0,High,9,4.0,1,3,No,Travel_Rarely,7.0,Medium,Low,High,Medium,4,22,0,3,2,9,1,Married,No,24-05-2013,858743
EMP10482,53,Male,Bachelor's,Finance,Financial Analyst,4,25000.0,Very High,21,5.0,0,4,No,Travel_Rarely,1.0,High,Medium,High,Medium,4,13,1,2,4,1,8,Married,Yes,01-05-2015,582704
EMP10483,60,Male,Master's,Research & Development,Manager,4,16230.0,Very High,40,7.0,3,1,No,Non-Travel,12.0,Very High,High,High,Very High,3,15,3,6,1,7,12,Married,No,24-06-2024,529385
EMP10484,48,Female,Master's,Human Resources,HR Executive,2,19088.0,Very High,29,1.0,1,1,No,Travel_Rarely,3.0,High,Medium,Medium,High,3,13,3,6,3,7,19,Married,No,15-01-2020,588676
EMP10485,23,Male,Bachelor's,Human Resources,Manager,3,15498.0,Very High,0,0.0,0,0,Yes,Travel_Rarely,15.0,Medium,High,Very High,Low,3,21,0,4,4,2,1,Married,No,01-04-2019,436536
EMP10486,24,Male,Bachelor's,Marketing,Marketing Executive,2,19596.0,Very High,4,4.0,4,3,No,Travel_Rarely,9.0,Low,High,Medium,High,3,14,0,3,0,3,18,Married,No,09-01-2015,540675
EMP10487,30,Female,PhD,Sales,Sales Executive,1,25000.0,Very High,12,9.0,2,2,No,Travel_Rarely,22.0,Low,Medium,Medium,High,4,14,3,6,3,4,7,Married,Yes,10-07-2018,950223
EMP10488,40,Male,Master's,Sales,Sales Executive,3,25000.0,Very High,22,4.0,4,4,No,Non-Travel,22.0,Medium,High,Low,High,3,10,3,5,3,10,10,Married,Yes,19-06-2015,487414
EMP10489,54,Male,Bachelor's,Marketing,Manager,2,25000.0,Very High,38,3.0,0,0,No,Non-Travel,20.0,Medium,High,Medium,Medium,3,15,3,0,0,8,7,Married,No,21-05-2012,446057
EMP10490,31,Female,Master's,IT,Software Engineer,2,11646.0,High,6,6.0,0,0,Yes,Travel_Rarely,26.0,High,Medium,Very High,High,3,19,0,5,0,4,15,Single,No,28-08-2015,687082
EMP10491,45,Female,Bachelor's,Research & Development,Laboratory Technician,2,13121.0,High,25,4.0,1,4,No,Travel_Rarely,9.0,Low,Medium,Medium,High,4,25,1,5,3,10,19,Married,No,15-02-2016,596680
EMP10492,38,Male,Bachelor's,Human Resources,HR Executive,3,6139.0,Medium,9,9.0,0,4,Yes,Travel_Frequently,14.0,Very High,Medium,Medium,Low,3,17,1,2,2,5,16,Married,No,07-06-2021,575396
EMP10493,26,Male,Bachelor's,Sales,Sales Representative,3,15303.0,Very High,4,4.0,4,2,No,Travel_Rarely,28.0,Medium,Medium,High,Medium,3,22,3,4,0,6,14,Single,No,04-04-2019,117669
EMP10494,26,Male,Bachelor's,Sales,Sales Executive,1,25000.0,Very High,4,4.0,0,4,No,Travel_Frequently,3.0,High,Very High,High,High,3,14,2,0,4,10,6,Single,No,16-07-2013,985122
EMP10495,45,Male,Master's,Research & Development,Laboratory Technician,2,25000.0,Very High,16,4.0,4,1,No,Travel_Frequently,8.0,High,High,Medium,High,3,23,1,6,0,1,0,Single,Yes,22-05-2023,166789
EMP10496,59,Female,High School,Research & Development,Research Scientist,5,19937.0,Very High,39,0.0,0,0,No,Travel_Rarely,29.0,Low,Medium,Medium,Very High,3,19,2,0,3,3,13,Single,No,06-07-2014,684266
EMP10497,24,Female,Bachelor's,Human Resources,HR Specialist,2,21807.0,Very High,0,0.0,0,0,No,Non-Travel,6.0,High,Low,Low,High,3,22,2,5,3,5,15,Single,No,14-06-2014,793948
EMP10498,40,Female,Master's,Sales,Sales Representative,4,16155.0,Very High,10,1.0,1,1,No,Non-Travel,12.0,High,Medium,Very High,Very High,4,21,3,4,1,3,20,Married,No,21-11-2021,262154
EMP10499,33,Male,Bachelor's,Marketing,Marketing Executive,3,24152.0,Very High,16,1.0,1,1,No,Non-Travel,2.0,High,High,High,High,3,15,0,1,4,4,2,Single,Yes,29-09-2020,515919
EMP10500,23,Male,Master's,Marketing,Manager,2,25000.0,Very High,0,0.0,0,0,No,Travel_Rarely,3.0,High,Low,Very High,High,3,14,2,4,1,2,17,Married,No,08-07-2010,865293
EMP10501,42,Male,Bachelor's,Finance,Financial Analyst,1,10645.0,High,15,2.0,2,1,No,Travel_Rarely,14.0,Low,High,Medium,Low,4,10,3,4,0,1,18,Single,No,07-08-2019,848079
EMP10502,39,Male,Master's,Research & Development,Research Director,1,25000.0,Very High,12,2.0,2,1,No,Travel_Rarely,17.0,High,High,High,Medium,4,14,0,6,1,0,5,Married,Yes,26-10-2018,559161
EMP10503,34,Male,Bachelor's,Research & Development,Manager,2,25000.0,Very High,10,3.0,2,2,No,Travel_Rarely,3.0,Very High,Low,High,High,3,11,1,6,3,2,8,Married,Yes,26-03-2023,468816
EMP10504,48,Male,Bachelor's,IT,Data Analyst,2,18273.0,Very High,18,1.0,1,0,Yes,Travel_Rarely,4.0,Low,High,Medium,High,3,13,3,4,2,9,12,Married,Yes,05-12-2011,953719
EMP10505,27,Male,Master's,Finance,Accountant,3,25000.0,Very High,5,0.0,0,0,No,Travel_Rarely,15.0,Medium,Medium,High,High,3,11,1,3,0,8,11,Married,No,11/10/2013,516487
EMP10506,60,Female,Master's,Sales,Manager,3,25000.0,Very High,36,6.0,1,0,No,Travel_Rarely,30.0,Very High,Medium,High,High,3,17,3,1,3,0,14,Married,No,19-04-2012,357462
EMP10507,38,Female,Master's,Marketing,Manager,1,21016.0,Very High,17,4.0,3,3,No,Travel_Rarely,22.0,Medium,Medium,High,Medium,3,23,2,6,0,7,6,Married,No,14-03-2017,203299
EMP10508,58,Male,Master's,IT,Manager,3,25000.0,Very High,33,3.0,1,1,No,Travel_Rarely,26.0,High,Medium,High,Medium,3,22,0,6,1,4,11,Married,No,09-01-2017,550608
EMP10509,47,Male,Bachelor's,Marketing,Manager,2,15802.0,Very High,15,5.0,0,5,No,Travel_Rarely,30.0,High,High,High,Very High,3,22,2,2,1,11,16,Married,No,18-06-2011,814697
EMP10510,46,Female,Bachelor's,Finance,Financial Analyst,1,23898.0,Very High,23,9.0,0,3,No,Travel_Frequently,7.0,High,High,Very High,Medium,3,16,3,0,0,3,12,Married,No,05-07-2022,804097
EMP10511,23,Female,Master's,Human Resources,HR Specialist,2,25000.0,Very High,0,0.0,0,0,No,Travel_Rarely,19.0,Medium,Very High,Very High,High,3,18,3,5,0,4,16,Married,No,16-11-2022,991691
EMP10512,34,Male,Master's,Research & Development,Laboratory Technician,4,24045.0,Very High,10,5.0,3,5,No,Travel_Rarely,14.0,Medium,High,High,Very High,4,13,2,3,1,10,7,Married,No,27-07-2015,693692
EMP10513,54,Female,Master's,Marketing,Marketing Executive,2,13921.0,High,37,15.0,2,0,No,Non-Travel,16.0,Low,Low,Medium,Medium,3,14,3,1,0,6,17,Single,No,03-09-2013,755641
EMP10514,56,Female,Master's,IT,Manager,1,24170.0,Very High,33,9.0,7,3,Yes,Travel_Rarely,27.0,High,Medium,High,Medium,3,24,1,4,1,7,1,Single,No,13-03-2017,537714
EMP10515,20,Male,Bachelor's,Sales,Sales Executive,2,25000.0,Very High,0,0.0,0,0,No,Travel_Rarely,13.0,High,Very High,Medium,High,3,18,2,5,0,1,16,Single,Yes,10-06-2014,265074
EMP10516,22,Male,Bachelor's,Sales,Sales Executive,1,25000.0,Very High,0,0.0,0,0,No,Travel_Frequently,23.0,High,Medium,Low,Medium,3,18,0,6,2,5,11,Single,No,01-03-2017,156446
EMP10517,43,Male,Bachelor's,Research & Development,Research Director,2,25000.0,Very High,15,1.0,1,1,No,Travel_Frequently,29.0,High,High,High,High,3,11,1,5,0,3,12,Married,No,13-02-2020,440989
EMP10518,46,Male,Master's,IT,Data Analyst,1,19798.0,Very High,18,4.0,4,0,Yes,Travel_Rarely,20.0,Medium,Medium,High,High,3,21,1,3,0,7,14,Single,No,08-09-2019,349148
EMP10519,59,Male,Master's,Marketing,Marketing Specialist,3,,Very High,33,20.0,2,0,Yes,Non-Travel,17.0,Low,Medium,Very High,Medium,3,20,3,3,3,11,10,Divorced,No,10-01-2016,366535
EMP10520,55,Female,,Sales,Sales Executive,1,24976.0,Very High,32,4.0,3,0,No,Non-Travel,17.0,High,Low,Very High,High,3,23,2,6,2,3,8,Single,No,04-11-2011,401669
EMP10521,53,Female,Bachelor's,Human Resources,HR Specialist,2,14358.0,High,30,13.0,2,13,Yes,Travel_Rarely,24.0,Medium,Medium,Very High,Very High,3,24,3,6,1,11,7,Single,No,29-12-2010,981682
EMP10522,48,Male,Bachelor's,Research & Development,Laboratory Technician,1,25000.0,Very High,23,3.0,3,3,No,Travel_Rarely,10.0,Medium,Medium,Very High,Very High,3,10,2,0,1,2,19,Married,No,07-06-2018,856433
EMP10523,43,Female,Master's,Marketing,Manager,5,14097.0,High,14,14.0,1,1,No,Travel_Rarely,7.0,Low,Medium,High,High,4,12,2,2,4,4,14,Single,No,15-10-2013,129325
EMP10524,43,Female,Master's,IT,Data Analyst,2,16568.0,Very High,11,4.0,2,1,No,Travel_Rarely,20.0,Low,High,Medium,Medium,3,19,0,1,2,3,16,Single,No,21-05-2010,709105
EMP10525,23,Male,Bachelor's,IT,IT Support,3,23985.0,Very High,1,0.0,0,0,Yes,Travel_Rarely,17.0,Medium,High,High,High,3,10,3,5,2,11,13,Married,Yes,06-04-2016,693755
EMP10526,22,Male,Master's,Research & Development,Research Director,3,25000.0,Very High,0,0.0,0,0,No,Travel_Frequently,22.0,High,High,High,Medium,4,15,2,5,0,4,4,Married,No,07-08-2022,654130
EMP10527,53,Female,Bachelor's,Research & Development,Research Director,3,12898.0,High,25,2.0,2,1,No,Travel_Rarely,27.0,Very High,Low,High,High,4,17,0,1,3,8,15,Married,No,2011/09/21,432888
EMP10528,42,Male,Bachelor's,Sales,Manager,3,25000.0,Very High,17,0.0,0,0,No,Travel_Rarely,12.0,Very High,High,High,Low,3,13,2,1,1,10,7,Single,Yes,08-07-2014,748014
EMP10529,42,Male,Master's,Sales,Sales Representative,1,25000.0,Very High,20,9.0,0,6,No,Travel_Rarely,11.0,Very High,Medium,Very High,Low,3,25,3,6,1,2,16,Single,No,30-12-2017,796559
EMP10530,24,Male,Master's,IT,IT Support,2,16041.0,Very High,2,2.0,1,2,No,Travel_Rarely,10.0,Very High,Very High,Medium,High,3,20,2,4,3,1,10,Married,No,21-07-2015,667152
EMP10531,50,Male,Master's,IT,IT Support,1,11027.0,High,20,8.0,2,3,Yes,Travel_Rarely,23.0,High,High,Medium,Medium,3,13,1,4,3,1,17,Married,No,15-04-2021,997922
EMP10532,60,Male,High School,Marketing,Marketing Executive,3,20636.0,Very High,32,2.0,2,2,No,Travel_Rarely,22.0,Medium,Low,High,High,4,20,3,3,2,8,1,Single,No,05-06-2010,422390
EMP10533,25,Male,Bachelor's,Marketing,Marketing Specialist,4,18022.0,Very High,1,1.0,1,1,No,Travel_Rarely,28.0,High,Low,Very High,High,3,24,1,5,3,6,0,Single,No,18-10-2021,590929
EMP10534,56,Female,Bachelor's,Research & Development,Research Director,4,23177.0,Very High,33,18.0,0,2,No,Travel_Frequently,22.0,Medium,High,Low,High,3,19,0,2,3,9,8,Married,No,06-02-2016,929164
EMP10535,29,Male,Bachelor's,IT,IT Support,1,18706.0,Very High,7,2.0,2,1,No,Travel_Rarely,8.0,Medium,Medium,Very High,High,4,10,2,0,0,11,7,Married,No,15-10-2017,930091
EMP10536,59,Male,Bachelor's,Marketing,Marketing Executive,2,8925.0,High,36,5.0,5,1,No,Travel_Rarely,30.0,Medium,Medium,Very High,Medium,3,18,3,5,2,3,20,Divorced,No,11-11-2015,174847
EMP10537,26,Male,Bachelor's,IT,Data Analyst,2,18495.0,Very High,6,5.0,0,3,Yes,Travel_Rarely,15.0,High,Medium,Medium,High,3,19,0,6,4,5,1,Married,No,05-12-2018,386901
EMP10538,58,Male,Bachelor's,Sales,Sales Representative,1,19196.0,Very High,33,4.0,1,4,No,Travel_Rarely,22.0,Medium,Low,Very High,High,4,17,1,0,4,9,11,Divorced,No,29-01-2019,696705
EMP10539,57, female ,Bachelor's,Research & Development,Laboratory Technician,1,25000.0,Very High,28,12.0,3,3,No,Travel_Rarely,18.0,Low,Medium,Low,Medium,3,23,1,2,1,5,5,Married,No,10-01-2023,636768
EMP10540,40,Male,Master's,Sales,Manager,2,16088.0,Very High,18,6.0,0,6,No,Travel_Rarely,23.0,Medium,Medium,High,Medium,3,23,1,1,3,2,1,Married,No,11-05-2020,512809
EMP10541,39,Female,Master's,Marketing,Marketing Specialist,5,25000.0,Very High,8,3.0,1,0,No,Travel_Rarely,13.0,Very High,High,Medium,High,3,22,1,2,0,8,11,Single,No,01-09-2020,483345
EMP10542,22,Male,Master's,Human Resources,HR Executive,2,9319.0,High,0,0.0,0,0,No,Travel_Rarely,26.0,High,Medium,Very High,Medium,4,12,0,0,3,3,17,Single,No,14-02-2010,976314
EMP10543,41,Male,Bachelor's,Sales,Manager,2,25000.0,Very High,18,1.0,1,1,No,Travel_Rarely,16.0,Very High,High,High,High,3,23,2,4,1,0,4,Divorced,No,16-08-2011,290027
EMP10544,23,Female,Bachelor's,Finance,Finance Manager,2,19912.0,Very High,1,1.0,1,1,No,Travel_Rarely,30.0,Medium,High,Medium,Medium,3,23,0,2,3,1,12,Divorced,No,02-11-2014,903308
EMP10545,47,Male,High School,Human Resources,Manager,2,25000.0,Very High,19,15.0,2,8,Yes,Non-Travel,13.0,Low,Low,High,Very High,3,12,2,3,4,4,3,Married,No,12-09-2022,397824
EMP10546,31,Female,Bachelor's,Research & Development,Laboratory Technician,4,22832.0,Very High,0,0.0,0,0,No,Travel_Rarely,4.0,High,Very High,Medium,Medium,4,22,3,4,2,7,7,Single,No,22-06-2015,509411
EMP10547,57,Male,Bachelor's,Sales,Sales Representative,2,25000.0,Very High,30,8.0,7,1,No,Travel_Frequently,11.0,Medium,High,High,Very High,3,25,1,3,3,6,9,Divorced,No,08-08-2021,279604
EMP10548,55,Female,High School,Finance,Accountant,1,18503.0,Very High,34,5.0,0,1,No,Travel_Rarely,27.0,High,Medium,Very High,Medium,3,19,0,3,4,8,20,Married,No,21-09-2013,750387
EMP10549,60,Female,Master's,Research & Development,Laboratory Technician,2,13435.0,High,38,9.0,3,2, yes,Travel_Rarely,19.0,High,High,Medium,High,3,13,3,6,4,0,13,Single,No,15-05-2018,500016
EMP10550,24,Female,PhD,IT,IT Support,5,25000.0,Very High,6,6.0,6,6,No,Travel_Rarely,8.0,High,Very High,High,Medium,4,13,2,2,1,1,19,Single,No,22-05-2015,597779
EMP10551,32,Female,Bachelor's,Research & Development,Research Director,2,20930.0,Very High,5,2.0,2,0,No,Travel_Frequently,10.0,Very High,Very High,Low,High,3,11,3,3,2,9,1,Single,No,01-06-2024,994253
EMP10552,42,Female,Master's,IT,IT Support,2,,Very High,19,1.0,1,1,No,Travel_Rarely,12.0,Medium,High,Very High,Medium,3,13,3,5,1,3,1,Married,No,01-04-2020,934465
EMP10553,49,Female,Bachelor's,Research & Development,Laboratory Technician,1,25000.0,Very High,16,3.0,1,3,No,Travel_Rarely,28.0,Medium,High,Low,Very High,3,11,2,1,0,6,3,Married,Yes,14-08-2023,313837
EMP10554,56,Male,Master's,Research & Development,Research Director,1,13844.0,High,31,6.0,2,0,No,Travel_Rarely,21.0,High,Medium,Low,High,3,20,3,2,2,0,10,Single,No,04-04-2013,275625
EMP10555,44,Male,Master's,IT,Manager,3,25000.0,Very High,16,1.0,1,0,No,Travel_Rarely,20.0,Low,Very High,Very High,Low,3,24,1,0,0,4,8,Single,Yes,20-09-2011,493336
EMP10556,46,Male,Master's,Research & Development,Research Scientist,1,16891.0,Very High,19,0.0,0,0,No,Travel_Frequently,11.0,Medium,Medium,Medium,Medium,3,20,2,1,2,1,17,Divorced,No,11-05-2021,884019
EMP10557,33,Male,Bachelor's,Sales,Sales Executive,1,20755.0,Very High,9,2.0,2,1,No,Travel_Rarely,20.0,Medium,Low,High,High,3,16,2,4,4,1,16,Married,Yes,23-05-2010,989789
EMP10558,55,Male,Bachelor's,Sales,Sales Executive,2,22755.0,Very High,36,17.0,5,1,Yes,Travel_Rarely,21.0,Medium,Very High,Very High,Low,3,14,0,2,0,1,1,Married,No,05-11-2020,164738
EMP10559,58,Female,High School,IT,Software Engineer,4,11214.0,High,26,6.0,2,1,No,Travel_Frequently,28.0,Low,Medium,Medium,High,3,16,3,0,2,8,6,Married,No,15-01-2015,513606
EMP10560,35,Male,Bachelor's,Human Resources,HR Executive,1,15514.0,Very High,15,3.0,3,0,Yes,Travel_Rarely,4.0,Low,High,Medium,High,3,15,1,0,2,10,11,Divorced,No,12-09-2015,338298
EMP10561,41,Female,Master's,Finance,Financial Analyst,3,25000.0,Very High,13,1.0,1,1,No,Travel_Rarely,19.0,High,High,Medium,Medium,3,11,1,2,0,9,15,Single,No,19-07-2020,527837
EMP10562,40,Male,Master's,Sales,Manager,1,25000.0,Very High,16,2.0,2,2,No,Travel_Frequently,20.0,High,Very High,High,High,3,23,2,1,2,4,9,Single,No,10-05-2020,415470
EMP10563,40,Male,Master's,Sales,Manager,3,21414.0,Very High,11,1.0,1,1,Yes,Travel_Rarely,10.0,High,Medium,Medium,Low,3,21,3,5,1,7,10,Single,No,02-06-2024,680953
EMP10564,27,Female,Bachelor's,Sales,Manager,5,24573.0,Very High,9,1.0,1,1,No,Travel_Rarely,15.0,High,High,High,High,3,11,2,0,1,9,8,Married,No,09-06-2014,620331
EMP10565,35,Male,Master's,Research & Development,Laboratory Technician,1,19295.0,Very High,13,12.0,2,9,No,Travel_Rarely,13.0,Low,Low,Medium,High,3,10,1,2,0,5,3,Married,No,21-12-2019,777399
EMP10566,50,Male,Bachelor's,Human Resources,HR Executive,1,25000.0,Very High,28,28.0,1,6,No,Travel_Rarely,13.0,Medium,Medium,Medium,Low,3,22,1,2,4,10,15,Single,No,19-08-2015,760276
EMP10567,29,Male,Bachelor's,Research & Development,Research Scientist,1,20127.0,Very High,6,1.0,0,1,Yes,Travel_Rarely,21.0,Low,Very High,Medium,Medium,3,10,1,5,3,0,18,Single,No,29-07-2021,477571
EMP10568,51,Female,Master's,Research & Development,Research Director,3,24449.0,Very High,26,0.0,0,0,No,Travel_Rarely,28.0,High,High,Medium,High,3,22,2,3,0,9,19,Married,No,17-04-2015,153536
EMP10569,53,Male,Bachelor's,Marketing,Marketing Specialist,1,25000.0,Very High,21,2.0,1,2,Yes,Non-Travel,18.0,High,Medium,Medium,High,3,14,3,2,0,8,4,Single,No,07-12-2018,187876
EMP10570,28,Male,High School,Research & Development,Laboratory Technician,1,15525.0,Very High,0,0.0,0,0,Yes,Non-Travel,7.0,Medium,Medium,Medium,Low,4,14,3,6,0,6,11,Divorced,No,30-07-2018,335848
EMP10571,36,Female,Bachelor's,Research & Development,Research Director,1,25000.0,Very High,14,1.0,1,1,Yes,Travel_Frequently,30.0,Medium,Medium,High,Low,4,16,2,0,0,10,9,Divorced,Yes,08-12-2021,215559
EMP10572,30,Male,Master's,IT,Software Engineer,2,11062.0,High,6,2.0,2,0,No,Travel_Rarely,14.0,Very High,High,Medium,Medium,4,10,1,3,1,1,13,Single,No,25-08-2011,388717
EMP10573,51,Female,Master's,Research & Development,Manager,1,25000.0,Very High,29,1.0,0,1,Yes,Non-Travel,5.0,High,Low,Very High,High,4,25,3,0,0,7,19,Married,No,02-08-2020,487171
EMP10574,29,Male,Bachelor's,Human Resources,HR Specialist,3,18626.0,Very High,5,5.0,0,0,Yes,Travel_Rarely,9.0,High,Medium,High,Low,4,14,1,1,4,1,19,Single,No,17-05-2025,734456
EMP10575,41,Male,Master's,IT,Software Engineer,3,19748.0,Very High,13,6.0,0,1,No,Travel_Rarely,30.0,Medium,Medium,Low,High,3,11,2,1,3,1,11,Married,No,04-12-2012,352934
EMP10576,36,Female,Master's,Marketing,Marketing Specialist,2,9410.0,High,4,4.0,1,2,No,Travel_Rarely,22.0,Medium,Very High,Very High,Medium,3,19,3,0,3,3,3,Married,No,14-12-2021,206337
EMP10577,23,Female,Master's,Sales,Sales Executive,2,17950.0,Very High,0,0.0,0,0,Yes,Travel_Rarely,27.0,High,High,High,High,3,25,3,6,4,7,19,Single,No,,807754
EMP10578,44,Female,Master's,Marketing,Marketing Specialist,2,13795.0,High,27,12.0,1,8,No,Travel_Rarely,17.0,High,High,High,Medium,3,10,2,6,0,6,8,Married,No,13-03-2015,654246
EMP10579,40,Female,Master's,Research & Development,Research Scientist,3,16757.0,Very High,16,16.0,1,3,No,Travel_Frequently,25.0,High,Medium,Medium,Medium,4,16,2,4,3,1,13,Married,No,25-02-2014,452094
EMP10580,56,Male,Master's,Sales,Sales Executive,2,20707.0,Very High,32,1.0,0,1,Yes,Travel_Rarely,5.0,High,High,Medium,High,3,24,3,4,1,9,4,Single,No,20-08-2016,124947
EMP10581,57,Male,Bachelor's,Research & Development,Research Scientist,2,25000.0,Very High,29,1.0,1,1,No,Travel_Rarely,16.0,High,Very High,High,Medium,3,12,0,4,3,5,8,Single,No,04-10-2022,675292
EMP10582,20,Male,Bachelor's,Marketing,Manager,2,24183.0,Very High,0,0.0,0,0, yes,Travel_Rarely,9.0,High,High,Medium,Low,3,20,1,0,4,10,1,Married,No,12-06-2015,174271
EMP10583,44,Female,Bachelor's,Research & Development,Research Scientist,3,25000.0,Very High,22,0.0,0,0,Yes,Non-Travel,17.0,Medium,Medium,High,Very High,4,18,0,2,3,10,11,Married,No,10-02-2023,211316
EMP10584,55,Female,High School,Research & Development,Research Scientist,1,13454.0,High,26,3.0,3,3,No,Travel_Rarely,30.0,Medium,Very High,High,Medium,3,25,3,3,4,3,11,Married,No,13-10-2019,148186
EMP10585,36,Female,Bachelor's,Human Resources,HR Specialist,1,14819.0,High,10,4.0,4,1,Yes,Travel_Rarely,18.0,Very High,High,Low,Medium,3,24,0,2,0,9,12,Married,No,26-08-2020,306877
EMP10586,60,Male,Bachelor's,Sales,Sales Representative,1,25000.0,Very High,31,4.0,1,2,Yes,Travel_Rarely,3.0,Medium,Medium,Very High,Medium,3,14,2,5,3,0,20,Single,No,27-02-2013,359331
EMP10587,43,Male,Bachelor's,Sales,Manager,2,15822.0,Very High,20,2.0,2,2,No,Travel_Rarely,28.0,High,High,Low,Very High,4,14,1,0,4,7,10,Married,No,03-05-2014,834753
EMP10588,21,Female,Bachelor's,Sales,Sales Representative,2,25000.0,Very High,0,0.0,0,0,No,Non-Travel,5.0,High,Medium,Medium,Medium,4,14,2,5,1,7,7,Single,No,29-10-2015,748328
EMP10589,59,Female,Bachelor's,Sales,Sales Executive,2,19744.0,Very High,35,16.0,1,9,No,Travel_Rarely,30.0,Very High,Low,Very High,Medium,4,18,2,6,1,5,20,Single,No,25-12-2015,577499
EMP10590,34,Female,Master's,Sales,Manager,2,22049.0,Very High,10,1.0,1,1,No,Travel_Rarely,22.0,Medium,Very High,Low,Low,3,22,2,5,2,9,11,Married,Yes,02-01-2010,436331
EMP10591,51,Female,Master's,Sales,Manager,3,25000.0,Very High,28,5.0,0,2,No,Travel_Rarely,21.0,Medium,Medium,Very High,High,3,19,2,2,3,6,8,Single,No,02-06-2021,106877
EMP10592,58,Male,Bachelor's,Human Resources,Manager,1,25000.0,Very High,29,0.0,0,0,No,Travel_Frequently,17.0,High,High,High,High,3,22,1,6,0,11,11,Divorced,No,28-11-2023,953399
EMP10593,25,Male,Bachelor's,Sales,Sales Executive,2,20955.0,Very High,0,0.0,0,0,No,Travel_Rarely,20.0,High,Very High,High,High,4,10,3,5,2,2,10,Married,No,14-10-2023,359698
EMP10594,20,Male,Bachelor's,Research & Development,Research Scientist,2,18496.0,Very High,0,0.0,0,0,No,Travel_Rarely,22.0,High,High,High,Very High,3,14,3,1,3,8,18,Married,No,15-08-2024,582486
EMP10595,42,Male,Bachelor's,IT,IT Support,2,21479.0,Very High,15,1.0,1,0,No,Travel_Rarely,4.0,Medium,High,Medium,High,3,19,1,3,1,3,7,Single,No,11-12-2014,311996
EMP10596,58,Male,Bachelor's,Research & Development,Laboratory Technician,2,25000.0,Very High,27,0.0,0,0,Yes,Travel_Rarely,4.0,Medium,Very High,High,Very High,3,15,2,0,0,10,6,Married,No,14-05-2018,994261
EMP10597,36,Male,Master's,SALES,Finance Manager,3,25000.0,Very High,13,1.0,0,1,No,Non-Travel,21.0,High,High,Very High,High,3,25,0,3,1,1,20,Single,No,24-06-2023,910488
EMP10598,53,Male,Bachelor's,Sales,Manager,1,22068.0,Very High,22,4.0,3,2,No,Non-Travel,,Very High,Medium,Low,Medium,3,25,3,6,3,3,13,Single,No,02-06-2019,661429
EMP10599,60,Female,Master's,Sales,Sales Executive,3,25000.0,Very High,34,6.0,1,1,No,Non-Travel,21.0,Very High,Very High,Medium,Low,3,18,2,4,0,1,1,Married,No,18-07-2012,746626
EMP10600,48,Female,Master's,Sales,Sales Representative,4,25000.0,Very High,32,1.0,0,0,No,Non-Travel,7.0,Low,Low,High,High,3,12,0,4,0,11,19,Single,No,27-08-2016,254899
EMP10601,28,Female,Bachelor's,Sales,Sales Executive,2,25000.0,Very High,8,6.0,2,3,No,Travel_Frequently,8.0,Medium,Medium,Medium,Medium,3,10,0,6,2,3,11,Married,No,14-06-2012,516895
EMP10602,32,Male,Bachelor's,Sales,Manager,3,25000.0,Very High,7,1.0,1,1,No,Travel_Rarely,22.0,Medium,Medium,High,High,3,21,2,1,0,1,0,Divorced,No,02-07-2018,849288
EMP10603,25,Male,Bachelor's,Sales,Sales Executive,2,11120.0,High,0,0.0,0,0,No,Travel_Frequently,22.0,Very High,High,High,Very High,4,20,1,0,3,11,20,Single,No,10/14/2013,137170
EMP10604,25,Male,Bachelor's,Sales,Sales Executive,2,6742.0,Medium,0,0.0,0,0,No,Travel_Rarely,30.0,High,Very High,Low,Low,3,20,2,4,4,10,9,Married,No,05-04-2023,965352
EMP10605,39,Female,Bachelor's,Sales,Manager,4,25000.0,Very High,19,5.0,0,5,No,Travel_Rarely,2.0,Medium,High,High,High,3,17,1,3,4,7,0,Single,No,06-04-2021,174100
EMP10606,22,Male,PhD,Research & Development,Manager,1,21106.0,Very High,0,0.0,0,0,NO,Travel_Rarely,29.0,Low,Medium,Medium,High,3,18,0,6,0,5,9,Married,No,10-07-2019,256373
EMP10607,36,Male,Master's,Sales,Sales Representative,1,17472.0,Very High,17,14.0,0,3,No,Non-Travel,29.0,High,Medium,Medium,Medium,3,21,3,3,4,7,7,Single,No,05-08-2010,723025
EMP10608,31,Female,Master's,Research & Development,Research Scientist,1,24578.0,Very High,11,0.0,0,0,No,Travel_Rarely,10.0,Low,High,Very High,High,3,20,1,1,3,10,12,Divorced,Yes,12-10-2013,929135
EMP10609,20,Male,High School,Research & Development,Research Scientist,2,21436.0,Very High,0,0.0,0,0,Yes,Travel_Frequently,5.0,High,Medium,Low,High,3,15,1,5,2,0,13,Married,No,04-08-2013,990689
EMP10610,36,Female,Bachelor's,Finance,Accountant,1,25000.0,Very High,17,0.0,0,0,No,Travel_Rarely,17.0,High,High,High,Very High,3,14,1,4,1,8,9,Married,No,16-08-2016,811741
EMP10611,22,Male,High School,Sales,Sales Executive,4,22897.0,Very High,0,0.0,0,0,No,Travel_Rarely,25.0,Medium,High,High,High,3,21,3,2,1,11,0,Single,No,09-09-2014,640411
EMP10612,45,Male,Bachelor's,IT,Software Engineer,2,15739.0,Very High,21,2.0,1,2,NO,Travel_Rarely,7.0,Medium,High,High,Very High,4,17,2,4,3,10,5,Married,No,27-02-2018,817867
EMP10613,34,Male,Bachelor's,Human Resources,HR Executive,3,,Very High,10,2.0,2,2,No,Travel_Rarely,2.0,Very High,High,Medium,High,3,21,0,1,2,1,11,Married,No,08-09-2020,445457
EMP10614,55,Female,Master's,Sales,Manager,1,19976.0,Very High,24,0.0,0,0,No,Travel_Rarely,6.0,Medium,Low,Very High,High,3,15,0,4,3,7,19,Married,No,17-04-2014,188924
EMP10615,51,Female,Bachelor's,IT,Manager,1,25000.0,Very High,33,1.0,1,1,Yes,Travel_Rarely,10.0,Medium,High,Very High,Medium,3,15,1,6,0,3,14,Married,Yes,09-09-2012,579226
EMP10616,51,Male,Master's,Marketing,Marketing Executive,1,17768.0,Very High,24,6.0,6,5,No,Travel_Frequently,9.0,Very High,Low,High,Medium,3,18,0,0,2,1,12,Single,No,10-02-2020,278698
EMP10617,23,Male,PhD,Sales,Manager,1,16442.0,Very High,0,0.0,0,0,No,Travel_Rarely,28.0,High,Medium,Medium,High,4,18,1,1,4,0,14,Single,No,03-11-2017,708949
EMP10618,37,Male,Bachelor's,Sales,Sales Representative,2,22877.0,Very High,7,5.0,1,5,No,Travel_Rarely,5.0,High,Medium,Very High,High,3,10,3,6,0,11,15,Single,Yes,11-10-2011,344406
EMP10619,38,Female,Master's,IT,Software Engineer,4,22154.0,Very High,10,6.0,5,0,No,Travel_Rarely,3.0,Medium,Low,Very High,Very High,3,21,1,6,4,3,11,Single,No,25-11-2023,999132
EMP10620,54,Female,Bachelor's,Finance,Accountant,2,25000.0,Very High,29,7.0,1,1,No,Travel_Rarely,11.0,Low,Low,High,High,3,11,3,6,0,9,19,Single,No,05-02-2013,270466
EMP10621,59,Female,Bachelor's,Sales,Manager,2,19518.0,Very High,32,2.0,2,2,No,Travel_Rarely,10.0,Low,Low,Medium,High,3,10,1,2,0,0,10,Married,No,04-07-2025,152403
EMP10622,33,Male,Master's,Sales,Sales Executive,2,9640.0,High,14,0.0,0,0,No,Travel_Rarely,16.0,Medium,Medium,Medium,Medium,3,11,1,3,0,7,11,Single,No,15-10-2018,515354
EMP10623,52, female ,High School,Research & Development,Research Director,1,18129.0,Very High,21,0.0,0,0,No,Travel_Rarely,27.0,High,Medium,Medium,High,3,12,3,6,0,1,1,Single,No,14-02-2014,411317
EMP10624,33,Male,Master's,Research & Development,Laboratory Technician,2,25000.0,Very High,8,2.0,2,2,Yes,Travel_Rarely,20.0,Medium,Low,Medium,Very High,3,22,2,4,2,7,2,Single,No,31-12-2023,592034
EMP10625,53,Female,Master's,Human Resources,HR Specialist,1,19268.0,Very High,31,1.0,1,1,No,Travel_Frequently,19.0,High,Medium,Medium,Medium,4,23,3,6,2,9,16,Married,No,27-12-2011,962958
EMP10626,23,Female,Master's,Research & Development,Laboratory Technician,4,19715.0,Very High,2,0.0,0,0,No,Travel_Frequently,1.0,Medium,High,Very High,Low,3,22,1,5,0,0,13,Single,No,10-03-2010,164203
EMP10627,43,Male,PhD,Research & Development,Manager,3,25000.0,Very High,14,1.0,1,1,No,Travel_Rarely,26.0,Medium,High,High,High,3,11,0,3,3,6,6,Single,No,27-09-2017,242333
EMP10628,48,Male,Bachelor's,Finance,Finance Manager,2,15988.0,Very High,26,1.0,1,1,Yes,Travel_Rarely,30.0,Very High,Medium,Medium,Low,3,15,2,6,0,6,19,Married,No,27-04-2020,831968
EMP10629,38,Male,High School,Sales,Manager,2,11001.0,High,16,12.0,3,3,No,Travel_Rarely,11.0,Medium,High,High,High,3,13,0,1,0,4,13,Divorced,No,16-12-2024,131477
EMP10630,25,Male,Bachelor's,Sales,Manager,1,20490.0,Very High,5,1.0,1,1,No,Travel_Rarely,29.0,Medium,High,Medium,High,3,24,2,3,3,2,8,Single,No,17-06-2024,130393
EMP10631,52,Female,Bachelor's,Finance,Finance Manager,3,17714.0,Very High,25,4.0,3,0,No,Travel_Frequently,15.0,Medium,Very High,High,Medium,3,14,1,5,3,5,9,Single,No,13-03-2011,497994
EMP10632,59,Male,Bachelor's,IT,IT Support,3,14260.0,High,37,4.0,2,1,No,Travel_Rarely,7.0,Low,Medium,Medium,Medium,3,19,2,5,0,10,10,Single,No,19-04-2017,147961
EMP10633,38,Female,Master's,Research & Development,Laboratory Technician,3,20355.0,Very High,8,4.0,2,1,No,Travel_Rarely,8.0,Medium,High,Medium,High,3,18,0,5,1,4,10,Married,No,18-03-2012,100993
EMP10634,20,Female,Bachelor's,Research & Development,Laboratory Technician,1,25000.0,Very High,0,0.0,0,0,No,Travel_Rarely,16.0,Medium,High,Medium,Medium,3,11,3,5,1,8,18,Single,No,11-12-2025,983260
EMP10635,24,Female,PhD,Sales,Sales Representative,1,21935.0,Very High,3,2.0,2,1,No,Non-Travel,18.0,High,High,High,Medium,3,12,2,0,3,3,12,Married,No,01-08-2014,573078
EMP10636,46,Female,Master's,Research & Development,Research Director,2,25000.0,Very High,23,0.0,0,0,No,Travel_Frequently,24.0,High,High,Medium,Medium,4,23,2,5,0,8,9,Single,No,09-07-2011,699388
EMP10637,35,Female,Bachelor's,Research & Development,Laboratory Technician,4,25000.0,Very High,7,3.0,3,3,No,Travel_Frequently,28.0,High,Very High,High,Medium,4,19,1,1,4,9,15,Single,No,13-06-2020,298196
EMP10638,25,Female,Bachelor's,Sales,Sales Representative,4,18877.0,Very High,0,0.0,0,0,NO,Travel_Rarely,25.0,Low,Very High,Very High,High,4,10,1,1,4,5,9,Married,No,11-11-2023,425613
EMP10639,59,Male,Bachelor's,Sales,Sales Executive,2,24966.0,Very High,26,4.0,4,4,Yes,Travel_Rarely,23.0,High,High,High,High,3,24,2,4,0,8,9,Married,Yes,16-09-2011,550783
EMP10640,32,Female,Bachelor's,Research & Development,Manager,3,17516.0,Very High,0,0.0,0,0,No,Travel_Rarely,11.0,Low,Medium,High,Low,3,11,1,6,0,2,11,Single,No,14-03-2025,579768
EMP10641,54,Female,Bachelor's,Sales,Manager,4,15050.0,Very High,21,4.0,1,0,No,Travel_Rarely,1.0,High,High,Very High,High,4,10,1,1,0,11,0,Single,No,31-05-2019,180177
EMP10642,38,Male,High School,Research & Development,Manager,1,16929.0,Very High,16,3.0,0,2,No,Travel_Rarely,16.0,High,High,Medium,Medium,4,23,3,0,4,0,17,Single,No,18-08-2019,147089
EMP10643,31,Female,Master's,Sales,Sales Representative,3,17757.0,Very High,6,2.0,0,0,Yes,Travel_Rarely,4.0,Medium,Very High,Medium,High,3,18,2,4,4,11,19,Married,No,24-02-2023,217369
EMP10644,35,Female,Bachelor's,Research & Development,Manager,1,25000.0,Very High,6,6.0,3,5,Yes,Travel_Rarely,23.0,High,High,Very High,High,3,12,0,0,3,5,10,Single,No,10-06-2023,312665
EMP10645,29,Female,Master's,Sales,Manager,1,25000.0,Very High,0,0.0,0,0,No,Travel_Frequently,6.0,Very High,Low,Very High,Medium,3,25,3,2,2,3,6,Single,No,30-04-2020,773123
EMP10646,44,Male,Master's,IT,Manager,1,15959.0,Very High,24,7.0,6,2,No,Travel_Rarely,11.0,High,Medium,Medium,Medium,3,12,1,4,3,10,13,Single,No,24-07-2024,514273
EMP10647,39,Female,Bachelor's,Human Resources,HR Executive,2,18261.0,Very High,15,7.0,2,1,Yes,Travel_Rarely,30.0,Medium,High,Very High,Very High,3,22,3,1,3,9,7,Single,Yes,20-06-2019,269228
EMP10648,50,Male,High School,Finance,Financial Analyst,3,21410.0,Very High,23,3.0,1,1,No,Travel_Rarely,24.0,High,Very High,Low,High,3,16,2,1,1,3,3,Married,No,18-12-2018,296521
EMP10649,23,Female,Master's,IT,IT Support,2,25000.0,Very High,0,0.0,0,0,No,Travel_Rarely,6.0,Very High,High,Very High,Very High,3,10,2,1,3,3,2,Single,No,19-12-2017,618158
EMP10650,42,Male,PhD,Research & Development,Manager,1,24800.0,Very High,15,3.0,3,0,No,Travel_Rarely,10.0,Medium,Very High,Medium,High,3,18,2,2,3,0,9,Married,Yes,26-09-2015,381093
EMP10651,21,Female,Bachelor's,Sales,Sales Representative,1,25000.0,Very High,0,0.0,0,0,No,Travel_Rarely,6.0,High,High,Medium,High,3,16,0,0,3,4,8,Single,No,09-02-2019,741276
EMP10652,41,Male,Bachelor's,Research & Development,Manager,2,7392.0,Medium,17,0.0,0,0,Yes,Travel_Rarely,10.0,Low,Low,High,Medium,3,25,0,1,3,8,14,Divorced,No,11-09-2020,600820
EMP10653,56,Male,Bachelor's,Human Resources,HR Specialist,2,7524.0,Medium,26,1.0,1,0,Yes,Travel_Rarely,22.0,Low,High,Very High,High,4,24,0,5,2,2,7,Married,No,31-03-2023,767177
EMP10654,27,Male,Bachelor's,Finance,Finance Manager,2,17621.0,Very High,0,0.0,0,0,Yes,Travel_Rarely,23.0,High,Low,High,High,3,18,1,3,1,11,12,Single,No,12-10-2010,881017
EMP10655,26,Male,Bachelor's,Research & Development,Manager,1,25000.0,Very High,3,3.0,1,1,No,Travel_Rarely,5.0,High,Very High,Very High,High,3,17,2,5,4,1,6,Divorced,No,14-09-2011,102210
EMP10656,33,Female,Bachelor's,Sales,Sales Executive,3,10888.0,High,7,7.0,2,0,Yes,Travel_Rarely,28.0,High,High,High,Medium,3,14,2,6,0,11,12,Divorced,No,10-07-2020,187276
EMP10657,22,Female,Master's,Sales,Manager,4,5691.0,Medium,0,0.0,0,0,Yes,Travel_Rarely,27.0,Very High,Very High,High,High,3,21,0,1,4,1,5,Single,Yes,07-03-2011,928497
EMP10658,35,Male,Bachelor's,Research & Development,Laboratory Technician,2,25000.0,Very High,6,6.0,1,1,No,Travel_Rarely,9.0,Low,Medium,Low,High,4,12,3,4,1,9,9,Married,No,01-01-2020,457125
EMP10659,38,Male,High School,Human Resources,Manager,3,24579.0,Very High,13,13.0,3,0,Yes,Travel_Frequently,7.0,Medium,Low,Medium,High,3,20,3,4,3,6,18,Married,No,27-09-2020,899309
EMP10660,37,Male,Bachelor's,Human Resources,HR Specialist,4,13486.0,High,11,11.0,1,0,No,Travel_Rarely,17.0,Very High,High,High,High,4,18,1,3,4,5,10,Single,No,20-06-2025,749617
EMP10661,35,Female,Master's,Research & Development,Manager,2,14136.0,High,8,8.0,0,1,No,Travel_Rarely,27.0,Low,Low,High,High,3,25,3,6,3,1,15,Single,No,13-10-2013,877002
EMP10662,27,Male,Bachelor's,Marketing,Marketing Specialist,2,14237.0,High,6,2.0,2,1,No,Non-Travel,12.0,High,High,Very High,Very High,3,14,1,6,2,0,19,Married,No,21-04-2014,231219
EMP10663,52,Male,PhD,Human Resources,HR Executive,3,23150.0,Very High,30,0.0,0,0,Yes,Travel_Frequently,28.0,High,High,Medium,Medium,3,25,3,2,2,6,20,Single,Yes,28-11-2010,262766
EMP10664,31,Male,Bachelor's,Sales,Sales Representative,1,16617.0,Very High,1,1.0,1,1,Yes,Non-Travel,30.0,Low,High,High,High,3,18,3,4,1,10,13,Married,No,20-01-2020,595028
EMP10665,30,Male,Bachelor's,Sales,Sales Representative,2,25000.0,Very High,3,3.0,1,1,No,Travel_Rarely,25.0,Medium,Medium,Very High,High,3,12,3,2,4,5,8,Single,No,13-06-2024,382220
EMP10666,24,Male,Bachelor's,Sales,Sales Representative,3,6096.0,Medium,3,3.0,3,0,No,Travel_Rarely,11.0,High,High,Medium,High,3,15,2,2,2,4,15,Married,No,14-08-2020,433359
EMP10667,46,Male,Master's,Sales,Sales Executive,1,14979.0,High,15,15.0,0,3,No,Travel_Rarely,6.0,Very High,High,High,Low,4,22,0,3,1,4,8,Married,No,03-09-2023,925303
EMP10668,31,Female,Bachelor's,Sales,Manager,4,13270.0,High,4,4.0,1,4,No,Travel_Rarely,27.0,High,Very High,High,Low,3,11,2,4,1,9,5,Married,No,28-10-2013,560045
EMP10669,36,Female,Master's,Sales,Sales Executive,2,19627.0,Very High,5,2.0,2,2,No,Non-Travel,24.0,High,Medium,Very High,Very High,3,12,0,5,1,2,5,Divorced,No,11-10-2013,960149
EMP10670,25,Male,Master's,Sales,Sales Representative,2,17290.0,Very High,0,0.0,0,0,No,Travel_Rarely,25.0,Medium,Low,Low,High,3,11,3,6,4,10,17,Married,Yes,28-12-2011,346175
EMP10671,52,Female,Master's,Sales,Sales Representative,2,25000.0,Very High,31,0.0,0,0,No,Travel_Frequently,11.0,Medium,Very High,Medium,High,3,21,0,1,4,11,18,Single,No,06-08-2013,565730
EMP10672,24,Male,High School,IT,IT Support,2,9540.0,High,0,0.0,0,0,No,Travel_Rarely,11.0,Low,Medium,Medium,High,4,11,2,5,1,4,16,Single,No,21-11-2016,692905
EMP10673,47,Female,Master's,Sales,Manager,3,22482.0,Very High,24,4.0,1,4,No,Travel_Rarely,14.0,Medium,Medium,Very High,Low,3,14,0,5,0,11,3,Married,No,05-11-2013,123961
EMP10674,33,Male,Bachelor's,Research & Development,Research Director,2,25000.0,Very High,10,9.0,1,0,No,Non-Travel,16.0,Low,Very High,Medium,High,3,19,0,5,4,5,20,Married,No,16-10-2020,385918
EMP10675,24,Female,Bachelor's,Research & Development,Laboratory Technician,4,25000.0,Very High,3,3.0,3,3,Yes,Travel_Frequently,2.0,Medium,Medium,High,High,3,13,0,6,4,10,18,Single,Yes,06-10-2019,856553
EMP10676,52,Female,Bachelor's,Marketing,Marketing Specialist,2,17733.0,Very High,24,12.0,7,1,No,Non-Travel,2.0,Medium,Medium,High,High,3,20,3,2,0,6,20,Married,No,13-10-2018,699616
EMP10677,60,Male,Master's,Sales,Manager,2,25000.0,Very High,32,5.0,1,0,No,Travel_Frequently,5.0,Medium,Low,High,Medium,3,13,0,2,4,6,10,Single,No,18-08-2020,191312
EMP10678,38,Female,Bachelor's,Research & Development,Manager,5,9782.0,High,7,7.0,0,2,No,Travel_Rarely,14.0,Low,Medium,Medium,Very High,3,22,3,4,4,9,20,Married,No,21-11-2024,368831
EMP10679,41,Male,Bachelor's,Marketing,Marketing Executive,1,7507.0,Medium,16,1.0,0,1,No,Travel_Rarely,21.0,High,High,Low,Medium,4,17,3,4,2,9,10,Single,No,06-02-2012,683506
EMP10680,24,Female,Bachelor's,IT,Software Engineer,3,25000.0,Very High,1,1.0,1,1,No,Non-Travel,28.0,High,Medium,Low,Medium,3,23,1,5,0,7,10,Divorced,No,06-01-2011,481504
EMP10681,21,Male,Bachelor's,IT,Data Analyst,1,21971.0,Very High,0,0.0,0,0,No,Travel_Rarely,10.0,Low,High,Very High,High,4,15,0,3,2,4,18,Married,No,11-05-2012,758457
EMP10682,49,Male,High School,Sales,Manager,3,25000.0,Very High,28,1.0,1,1,Yes,Travel_Rarely,10.0,Very High,High,High,High,3,25,3,0,0,3,7,Single,No,26-07-2020,430948
EMP10683,58,Female,Bachelor's,Sales,Sales Representative,2,11872.0,High,34,1.0,1,1,Yes,Travel_Rarely,18.0,Low,Very High,Very High,High,4,19,0,5,0,11,15,Single,No,18-04-2013,879673
EMP10684,23,Male,Bachelor's,Finance,Accountant,4,25000.0,Very High,1,1.0,1,0,No,Travel_Rarely,26.0,Very High,Medium,High,High,4,11,0,5,0,6,20,Single,No,19-08-2011,104837
EMP10685,52,Male,Bachelor's,Marketing,Manager,3,25000.0,Very High,28,0.0,0,0,No,Travel_Rarely,20.0,Low,High,Medium,High,4,22,2,6,4,1,7,Married,No,24-03-2012,504957
EMP10686,32,Male,Master's,Research & Development,Laboratory Technician,1,25000.0,Very High,1,1.0,0,1,No,Travel_Frequently,9.0,Very High,Very High,Medium,Medium,3,10,1,6,1,7,8,Single,No,11-04-2022,991275
EMP10687,39,Female,Bachelor's,Human Resources,Manager,1,24946.0,Very High,15,2.0,2,2,No,Travel_Rarely,4.0,Low,High,Low,Very High,3,14,0,0,3,3,11,Married,No,27-08-2016,681091
EMP10688,26,Male,Bachelor's,Sales,Sales Representative,2,22111.0,Very High,0,0.0,0,0,Yes,Travel_Rarely,17.0,High,Medium,High,Medium,3,24,0,6,1,9,11,Single,No,14-05-2015,356937
EMP10689,34,Male,Bachelor's,IT,Manager,2,10863.0,High,10,9.0,1,2,Yes,Travel_Frequently,21.0,Medium,Medium,High,Low,3,16,3,0,4,0,1,Married,No,21-12-2015,488918
EMP10690,42,Female,Master's,Sales,Sales Executive,1,25000.0,Very High,12,2.0,2,2,No,Travel_Rarely,2.0,High,Low,High,Medium,4,14,3,2,4,1,5,Married,No,06-01-2023,253782
EMP10691,33,Male,High School,Research & Development,Manager,1,16733.0,Very High,0,0.0,0,0,No,Travel_Frequently,14.0,Medium,High,Very High,High,3,25,2,3,3,0,3,Single,No,04-01-2014,312568
EMP10692,42,Male,Bachelor's,Research & Development,Research Scientist,2,25000.0,Very High,13,13.0,0,3,No,Travel_Rarely,22.0,Low,Low,High,Medium,4,21,1,6,4,4,12,Single,No,04-09-2013,946087
EMP10693,38,Male,Bachelor's,Research & Development,Manager,1,10901.0,High,10,8.0,1,2,No,Non-Travel,1.0,High,Very High,Very High,Medium,3,13,1,0,0,0,3,Single,No,15-02-2019,697963
EMP10694,48,Male,PhD,Sales,Sales Executive,3,12955.0,High,27,11.0,3,5,No,Travel_Rarely,23.0,Low,Very High,Low,High,3,14,1,5,2,10,8,Married,No,30-07-2016,421212
EMP10695,39,Male,Bachelor's,Sales,Sales Representative,3,25000.0,Very High,18,3.0,2,3,Yes,Travel_Rarely,7.0,Very High,Low,Very High,Medium,3,20,0,4,2,11,6,Divorced,Yes,05-02-2019,143034
EMP10696,48,Female,Bachelor's,Human Resources,HR Executive,3,18840.0,Very High,30,1.0,1,0,No,Travel_Frequently,4.0,Low,Medium,High,Low,3,19,1,6,0,8,5,Married,No,14-11-2019,624795
EMP10697,43,Male,Bachelor's,Sales,Sales Executive,1,25000.0,Very High,14,3.0,1,2,No,Travel_Frequently,9.0,Medium,Very High,Medium,Medium,3,17,2,5,1,10,17,Single,No,13-04-2017,556651
EMP10698,37,Male,Bachelor's,Human Resources,HR Specialist,1,21265.0,Very High,8,6.0,3,4,No,Travel_Rarely,3.0,High,High,High,High,3,14,2,6,2,10,14,Single,No,01-03-2019,837982
EMP10699,29,Male,Bachelor's,Sales,Sales Representative,2,9616.0,High,7,1.0,1,0,No,Non-Travel,5.0,Medium,High,Very High,Very High,3,18,0,2,0,3,15,Single,No,03-06-2017,171807
EMP10700,60,Male,Master's,Research & Development,Research Scientist,5,25000.0,Very High,37,2.0,1,2,Yes,Travel_Rarely,21.0,Medium,High,High,Medium,3,19,0,2,1,9,0,Single,No,21-11-2010,537663
EMP10701,27,Female,Bachelor's,Research & Development,Research Scientist,1,16891.0,Very High,0,0.0,0,0,Yes,Non-Travel,24.0,High,Medium,Low,High,3,16,0,5,2,2,9,Single,No,10-11-2025,846299
EMP10702,45,Male,Master's,Sales,Sales Executive,1,25000.0,Very High,21,3.0,3,2,No,Travel_Rarely,10.0,High,Very High,Very High,Very High,4,20,3,6,0,8,3,Single,No,08-04-2015,434242
EMP10703,48,Male,Bachelor's,Research & Development,Research Director,1,22278.0,Very High,21,9.0,0,8,No,Travel_Rarely,10.0,Very High,High,High,Medium,3,22,0,4,2,3,3,Single,No,29-04-2018,507183
EMP10704,29,Male,Bachelor's,Sales,Sales Representative,2,10999.0,High,3,0.0,0,0,No,Travel_Rarely,4.0,Medium,Medium,High,Very High,3,23,2,3,2,0,17,Single,No,05-04-2016,398403
EMP10705,36,Female,Bachelor's,Sales,Sales Representative,2,23717.0,Very High,13,6.0,1,2,Yes,Travel_Rarely,17.0,High,Low,Low,Very High,4,20,0,3,2,1,12,Married,No,24-11-2012,798013
EMP10706,21,Male,Bachelor's,Marketing,Marketing Specialist,1,25000.0,Very High,0,0.0,0,0,No,Travel_Rarely,27.0,Medium,Very High,Low,Medium,3,23,3,0,3,3,0,Married,Yes,11-11-2010,654212
EMP10707,25,Male,Master's,Research & Development,Laboratory Technician,2,25000.0,Very High,0,0.0,0,0,No,Travel_Rarely,21.0,Medium,High,High,Low,3,11,0,4,1,10,19,Single,No,27-04-2014,860351
EMP10708,24,Female,Bachelor's,IT,Software Engineer,2,21464.0,Very High,0,0.0,0,0,Yes,Travel_Rarely,17.0,High,Low,High,Very High,4,18,3,1,2,0,9,Single,Yes,01-10-2011,725742
EMP10709,47,Male,Master's,Sales,Sales Representative,2,25000.0,Very High,22,18.0,4,2,Yes,Travel_Rarely,19.0,Medium,Low,Very High,Medium,3,11,3,3,0,5,20,Married,No,23-12-2010,522676
EMP10710,60,Female,Master's,Finance,Accountant,2,24217.0,Very High,29,16.0,3,1,No,Travel_Rarely,6.0,Medium,Low,High,Low,3,15,3,0,3,6,0,Single,No,24-10-2010,496343
EMP10711,24,Female,Bachelor's,IT,Data Analyst,3,24204.0,Very High,0,0.0,0,0,No,Travel_Frequently,1.0,Medium,Very High,Very High,High,3,23,0,2,4,0,1,Single,No,12-02-2015,823804
EMP10712,37,Male,Master's,Human Resources,HR Executive,2,13477.0,High,13,1.0,0,1,No,Travel_Rarely,26.0,High,High,Medium,Low,3,17,0,3,4,5,8,Single,No,18-03-2024,309973
EMP10713,45,Male,High School,Research & Development,Research Scientist,2,24471.0,Very High,18,1.0,1,1,Yes,Travel_Frequently,14.0,Very High,High,Medium,Very High,3,11,2,1,1,2,0,Single,No,09-04-2011,549949
EMP10714,39,Female,Bachelor's,Research & Development,Laboratory Technician,3,25000.0,Very High,19,6.0,1,3,Yes,Non-Travel,30.0,High,Very High,Medium,Medium,3,15,1,2,0,6,14,Single,No,09-09-2021,959608
EMP10715,60,Female,Master's,Research & Development,Research Scientist,4,15120.0,Very High,32,6.0,3,2,No,Travel_Rarely,13.0,Medium,High,Medium,Medium,3,14,0,2,3,10,14,Married,No,22-11-2024,474291
EMP10716,46,Female,Bachelor's,Marketing,Marketing Executive,2,25000.0,Very High,21,6.0,6,2,No,Non-Travel,3.0,High,High,High,High,3,24,2,6,0,1,1,Single,No,07-08-2019,857982
EMP10717,31,Male,High School,IT,Manager,1,21136.0,Very High,6,2.0,2,1,Yes,Travel_Rarely,23.0,High,Very High,High,High,3,16,1,4,3,1,11,Single,No,04-11-2025,174880
EMP10718,26,Male,Master's,Marketing,Marketing Executive,3,14772.0,High,1,1.0,1,1,No,Travel_Rarely,2.0,Low,Low,Medium,Very High,3,19,2,4,3,10,17,Married,No,02-08-2010,385001
EMP10719,22,Female,PhD,Sales,Manager,1,25000.0,Very High,0,0.0,0,0,Yes,Travel_Rarely,22.0,Low,Very High,Low,High,3,22,1,5,4,3,9,Single,Yes,13-07-2017,802097
EMP10720,29,Male,Bachelor's,Finance,Finance Manager,4,19360.0,Very High,0,0.0,0,0,Yes,Travel_Rarely,7.0,Low,Medium,Low,Very High,3,14,2,3,1,10,12,Single,No,25-06-2014,795152
EMP10721,53,Female,Master's,Marketing,Marketing Executive,1,25000.0,Very High,21,7.0,3,3,Yes,Travel_Frequently,28.0,Medium,High,Medium,High,3,23,0,1,1,7,8,Married,No,08-12-2011,564611
EMP10722,44,Male,,Sales,Sales Representative,4,19316.0,Very High,13,3.0,3,0,Yes,Travel_Rarely,12.0,High,Medium,High,High,3,23,1,4,0,2,2,Married,No,12-01-2016,552024
EMP10723,54,Female,PhD,Sales,Sales Representative,2,21441.0,Very High,24,2.0,2,2,No,Travel_Rarely,2.0,Medium,Very High,Medium,Medium,3,24,3,0,3,7,7,Married,No,07-01-2010,706010
EMP10724,35,Male,Bachelor's,Finance,Finance Manager,3,25000.0,Very High,9,2.0,0,2,No,Travel_Frequently,11.0,Medium,High,Very High,Very High,3,24,2,2,3,6,13,Single,No,11-05-2018,295455
EMP10725,21,Male,Master's,Human Resources,Manager,2,25000.0,Very High,0,0.0,0,0,No,Travel_Rarely,16.0,Very High,Low,High,High,4,12,0,0,2,4,15,Single,No,30-09-2018,253589
EMP10726,43,Female,High School,IT,Manager,5,8973.0,High,22,2.0,2,2,Yes,Travel_Rarely,27.0,High,Medium,Very High,Low,3,15,0,2,1,11,5,Married,Yes,20-12-2014,892703
EMP10727,29,Male,Master's,Sales,Sales Representative,1,13299.0,High,6,0.0,0,0,Yes,Travel_Rarely,5.0,High,Medium,Medium,Low,3,16,1,0,3,3,8,Single,No,23-08-2019,353068
EMP10728,57,Male,Master's,IT,Manager,1,25000.0,Very High,30,2.0,1,1,No,Non-Travel,26.0,Medium,High,Very High,Very High,3,10,2,2,0,9,20,Married,No,05-04-2020,394687
EMP10729,41,Male,Bachelor's,Sales,Sales Representative,1,20755.0,Very High,10,0.0,0,0,No,Travel_Frequently,28.0,Low,High,High,High,3,17,0,4,4,9,3,Single,No,02-09-2020,196253
EMP10730,45,Female,Bachelor's,Sales,Sales Executive,4,17402.0,Very High,12,1.0,1,1,No,Travel_Rarely,26.0,Low,Very High,Medium,Medium,3,17,3,0,4,1,18,Single,No,24-08-2022,401053
EMP10731,58,Female,Master's,Sales,Sales Executive,2,11952.0,High,29,7.0,0,3,No,Travel_Rarely,17.0,Low,High,Medium,High,3,25,2,3,1,8,14,Single,No,04-12-2014,505973
EMP10732,46,Male,Master's,IT,Manager,2,13550.0,High,24,2.0,0,0,No,Travel_Rarely,3.0,Medium,High,Very High,Very High,4,22,0,3,1,3,10,Married,Yes,13-04-2012,327909
EMP10733,48,Male,Bachelor's,Finance,Accountant,2,8868.0,High,23,6.0,5,0,Yes,Travel_Rarely,14.0,High,High,Medium,Low,3,13,0,1,2,4,20,Married,No,11-04-2018,470848
EMP10734,57,Male,Bachelor's,Research & Development,Laboratory Technician,3,21045.0,Very High,36,6.0,1,0,No,Travel_Frequently,16.0,Low,Medium,Low,Medium,3,23,3,1,1,1,9,Married,Yes,14-08-2023,912480
EMP10735,39,Female,Master's,Research & Development,Manager,2,16826.0,Very High,10,4.0,1,1,No,Travel_Rarely,17.0,Low,Very High,Medium,High,4,23,0,6,3,1,7,Married,No,12-07-2011,866466
EMP10736,46,Male,Bachelor's,IT,Manager,2,14257.0,High,25,16.0,5,0,No,Travel_Rarely,28.0,Medium,Low,Medium,Low,3,25,1,5,3,1,2,Single,No,08-02-2022,242724
EMP10737,60,Male,High School,Research & Development,Research Director,3,21361.0,Very High,39,0.0,0,0,No,Non-Travel,19.0,High,Medium,Medium,Medium,4,17,2,1,3,9,18,Divorced,No,25-11-2014,482938
EMP10738,39,Male,Master's,IT,IT Support,3,25000.0,Very High,12,7.0,3,1,No,Travel_Frequently,4.0,High,High,High,Medium,3,12,1,0,3,1,3,Single,No,12-05-2018,528555
EMP10739,38,Male,Bachelor's,Research & Development,Manager,1,25000.0,Very High,9,9.0,2,4,Yes,Travel_Rarely,28.0,High,Very High,High,High,3,22,1,2,2,8,12,Single,No,08-11-2017,799680
EMP10740,39,Female,Bachelor's,Research & Development,Research Director,1,11155.0,High,9,9.0,3,0,No,Travel_Rarely,28.0,Medium,High,High,Low,3,24,3,5,1,11,8,Single,No,28-07-2023,275592
EMP10741,54,Male,Bachelor's,Research & Development,Laboratory Technician,1,25000.0,Very High,29,1.0,1,1,Yes,Travel_Rarely,21.0,Medium,Very High,Medium,Low,3,14,1,1,1,4,20,Divorced,No,06-08-2018,772794
EMP10742,21,Male,Master's,Research & Development,Research Scientist,2,,Very High,1,1.0,1,1,NO,Travel_Rarely,20.0,Low,Low,Low,Low,3,12,1,4,1,10,19,Single,No,18-02-2017,100368
EMP10743,49,Male,Bachelor's,Finance,Accountant,2,15513.0,Very High,30,1.0,1,1,No,Travel_Rarely,,Medium,High,Medium,Medium,3,11,1,3,2,5,12,Married,No,02-06-2023,462364
EMP10744,53,Female,Master's,Research & Development,Manager,2,24136.0,Very High,23,5.0,1,0,No,Travel_Rarely,25.0,Very High,Medium,High,Medium,3,14,0,3,2,3,8,Single,No,04-06-2010,129708
EMP10745,41,Male,Master's,Sales,Sales Executive,4,17927.0,Very High,21,6.0,0,6,No,Travel_Frequently,25.0,Very High,High,Low,Medium,3,17,3,4,3,1,19,Married,Yes,28-02-2021,943117
EMP10746,22,Male,High School,IT,IT Support,1,23946.0,Very High,0,0.0,0,0,No,Non-Travel,9.0,High,Medium,High,Medium,3,18,0,3,2,2,18,Single,No,07-07-2010,704282
EMP10747,25,Male,Master's,Research & Development,Research Director,3,25000.0,Very High,4,4.0,2,4,Yes,Travel_Rarely,11.0,Very High,High,Medium,Medium,3,14,0,0,2,2,15,Married,No,27-08-2015,571754
EMP10748,34,Female,Bachelor's,Research & Development,Research Scientist,2,25000.0,Very High,9,6.0,0,1,No,Travel_Rarely,5.0,High,Low,High,Low,3,12,1,6,0,10,17,Single,Yes,11-05-2017,686442
EMP10749,46,Female,Master's,Marketing,Marketing Executive,1,25000.0,Very High,22,3.0,1,3,Yes,Travel_Rarely,11.0,Low,Medium,High,High,3,21,0,4,3,10,18,Single,No,06-10-2013,907587
EMP10750,29,Male,Bachelor's,Human Resources,HR Executive,2,18149.0,Very High,7,7.0,1,1,No,Non-Travel,13.0,Very High,Low,Low,Very High,3,12,0,6,3,9,16,Married,No,29-09-2025,668680
EMP10751,28,Male,Master's,Sales,Sales Representative,4,11296.0,High,3,3.0,1,3,No,Travel_Frequently,21.0,Low,Medium,High,High,3,17,0,0,0,7,11,Single,No,18-02-2020,514905
EMP10752,52,Male,Bachelor's,Marketing,Manager,1,20054.0,Very High,30,0.0,0,0,Yes,Travel_Rarely,2.0,High,Low,High,High,3,12,1,5,1,7,10,Single,No,14-06-2012,158801
EMP10753,51,Female,High School,Human Resources,HR Executive,2,25000.0,Very High,19,5.0,3,0,Yes,Travel_Rarely,22.0,Medium,Medium,High,Very High,3,25,2,6,0,5,16,Single,No,26-11-2020,274713
EMP10754,25,Male,PhD,Research & Development,Laboratory Technician,1,11079.0,High,6,1.0,0,1,No,Travel_Frequently,2.0,Medium,Medium,Very High,Medium,3,18,2,3,0,10,5,Married,No,10-09-2023,267602
EMP10755,60,Female,High School,Sales,Sales Representative,1,13701.0,High,34,4.0,1,2,No,Travel_Rarely,10.0,High,Medium,Low,High,4,19,0,4,0,9,14,Single,No,07-08-2021,491811
EMP10756,55,Female,Master's,IT,IT Support,2,23314.0,Very High,25,16.0,0,0,No,Travel_Rarely,13.0,Medium,Low,High,High,3,25,1,4,2,10,1,Divorced,No,02-11-2017,924619
EMP10757,21,Male,Bachelor's,Human Resources,Manager,3,14142.0,High,0,0.0,0,0,Yes,Travel_Rarely,5.0,Medium,Medium,Low,Medium,4,24,3,5,0,7,13,Married,No,05-11-2014,966833
EMP10758,48,Male,Bachelor's,Research & Development,Laboratory Technician,3,15419.0,Very High,18,3.0,2,3,No,Travel_Frequently,11.0,Medium,High,Medium,High,3,10,2,5,4,2,2,Single,No,06-04-2018,504497
EMP10759,23,Female,Master's,IT,Manager,2,18204.0,Very High,0,0.0,0,0,No,Travel_Rarely,29.0,Medium,Very High,Low,High,3,24,0,5,0,6,11,Single,No,17-04-2022,523387
EMP10760,20,Male,Bachelor's,IT,IT Support,4,11914.0,High,0,0.0,0,0,Yes,Travel_Frequently,15.0,Very High,High,Medium,Very High,3,10,1,4,1,4,5,Divorced,No,02-04-2013,688805
EMP10761,38,Female,Master's,Sales,Manager,1,14209.0,High,14,4.0,2,2,No,Travel_Rarely,28.0,High,Medium,Medium,Very High,3,14,2,3,1,8,4,Single,No,31-03-2015,740186
EMP10762,45,Male,Bachelor's,Research & Development,Research Director,3,25000.0,Very High,19,1.0,1,1,No,Travel_Frequently,28.0,Medium,High,High,Medium,3,13,2,3,1,8,6,Married,No,14-09-2012,331102
EMP10763,44,Male,Bachelor's,Sales,Sales Representative,2,12230.0,High,14,4.0,4,0,No,Travel_Rarely,5.0,Medium,Medium,High,Medium,4,12,1,3,0,4,5,Married,No,01-12-2018,261834
EMP10764,29,Female,Master's,Finance,Finance Manager,4,10732.0,High,4,0.0,0,0,No,Travel_Rarely,20.0,High,High,High,Medium,3,10,2,1,3,5,20,Single,No,25-04-2016,988057
EMP10765,34,Female,Bachelor's,Sales,Sales Executive,3,16589.0,Very High,10,2.0,2,0,No,Travel_Frequently,5.0,Low,Medium,High,Medium,3,16,0,1,1,0,18,Married,No,13-11-2019,582287
EMP10766,41,Male,Bachelor's,Research & Development,Research Director,4,25000.0,Very High,20,1.0,1,1,No,Travel_Frequently,7.0,Medium,High,High,High,3,10,0,6,0,11,13,Married,No,15-09-2013,514922
EMP10767,40,Female,Master's,IT,Data Analyst,1,20159.0,Very High,14,14.0,2,2,Yes,Non-Travel,10.0,Medium,High,Low,Medium,3,25,1,2,1,11,17,Married,No,20-09-2012,398948
EMP10768,41,Male,Bachelor's,IT,Manager,2,17871.0,Very High,20,6.0,1,6,No,Travel_Rarely,29.0,Very High,Very High,Low,Very High,3,15,1,6,2,3,20,Married,Yes,31-10-2016,909736
EMP10769,55,Male,Bachelor's, sales ,Research Scientist,3,22471.0,Very High,32,2.0,1,0,Yes,Travel_Rarely,2.0,Low,Medium,Very High,Low,3,19,3,4,2,0,13,Single,No,29-02-2012,693814
EMP10770,53,Male,Master's,IT,IT Support,3,10041.0,High,20,0.0,0,0,No,Travel_Rarely,1.0,Low,Very High,High,Medium,3,11,3,6,0,3,7,Married,Yes,01-06-2017,581034
EMP10771,49,Male,Master's,Sales,Sales Representative,2,25000.0,Very High,27,4.0,0,3,No,Travel_Rarely,20.0,Medium,High,Medium,Very High,3,23,0,3,1,11,13,Married,No,19-08-2024,321372
EMP10772,44,Male,Bachelor's,IT,IT Support,1,25000.0,Very High,16,1.0,1,1,Yes,Travel_Frequently,23.0,Medium,Very High,Low,High,3,25,1,4,1,0,20,Single,No,18-02-2022,981112
EMP10773,47,Male,Bachelor's,Sales,Sales Representative,1,18321.0,Very High,19,4.0,3,3,Yes,Travel_Rarely,1.0,High,High,Low,High,3,13,3,5,4,9,18,Married,No,05-05-2011,722864
EMP10774,20,Female,Master's,Research & Development,Research Scientist,1,25000.0,Very High,0,0.0,0,0,No,Travel_Rarely,4.0,Medium,High,Very High,High,3,17,3,0,1,3,2,Married,No,12-05-2022,360785
EMP10775,23,Female,Bachelor's,IT,Data Analyst,3,13262.0,High,0,0.0,0,0,No,Travel_Rarely,15.0,Medium,High,High,Medium,3,12,2,0,3,5,14,Single,No,21-11-2022,576084
EMP10776,26,Male,Bachelor's,Sales,Manager,3,25000.0,Very High,0,0.0,0,0,No,Travel_Rarely,15.0,Low,High,Medium,High,3,18,2,3,2,8,20,Single,No,12-11-2020,465657
EMP10777,28,Female,PhD,Sales,Sales Representative,1,23612.0,Very High,6,4.0,4,2,No,Non-Travel,30.0,Low,High,Very High,High,3,14,3,1,1,1,15,Married,No,20-11-2013,722861
EMP10778,55,Male,Bachelor's,Finance,Financial Analyst,4,18931.0,Very High,33,13.0,1,7,No,Travel_Rarely,6.0,High,High,High,Low,3,15,2,6,3,1,14,Single,No,20-01-2024,458950
EMP10779,38,Male,Master's,Finance,Finance Manager,1,21830.0,Very High,11,11.0,4,0,No,Travel_Rarely,6.0,Very High,High,High,Medium,3,11,3,2,0,5,13,Married,No,01-07-2020,359191
EMP10780,20,Female,Master's,Human Resources,HR Specialist,2,20989.0,Very High,0,0.0,0,0,No,Travel_Frequently,1.0,Medium,Medium,High,High,3,10,2,6,2,10,14,Divorced,No,08-01-2010,153814
EMP10781,29,Male,Master's,Finance,Financial Analyst,1,25000.0,Very High,0,0.0,0,0,No,Travel_Rarely,7.0,Low,High,High,Medium,3,14,1,1,0,9,6,Married,No,09-01-2018,934799
EMP10782,55,Female,Master's,Research & Development,Research Scientist,3,13568.0,High,40,3.0,3,1,No,Travel_Rarely,30.0,,Medium,Low,High,3,10,2,4,1,11,4,Married,No,16-01-2016,746408
EMP10783,28,Male,Bachelor's,Sales,Manager,3,15629.0,Very High,4,1.0,1,1,No,Travel_Rarely,5.0,High,Medium,High,High,3,13,1,1,0,5,8,Married,Yes,,645982
EMP10784,51,Male,Bachelor's,Research & Development,Research Director,2,25000.0,Very High,26,5.0,0,4,Yes,Travel_Rarely,22.0,High,High,Low,Medium,4,25,0,3,2,11,15,Single,No,14-05-2024,633786
EMP10785,51,Male,Master's,Sales,,2,16848.0,Very High,29,3.0,1,1,No,Travel_Rarely,17.0,Medium,High,High,Medium,4,17,2,5,0,2,1,Married,No,01-02-2023,127298
EMP10786,25,Female,Bachelor's,Marketing,Marketing Specialist,1,25000.0,Very High,0,0.0,0,0,No,Travel_Rarely,7.0,High,Medium,Medium,High,3,23,1,5,0,1,6,Single,No,29-03-2012,240122
EMP10787,57,Female,Master's,Human Resources,Manager,2,25000.0,Very High,25,1.0,1,1,Yes,Travel_Rarely,4.0,High,High,Medium,High,3,21,3,1,0,2,11,Married,No,03-10-2012,376943
EMP10788,36,Female,Bachelor's,Research & Development,Research Scientist,2,18383.0,Very High,10,3.0,2,3,No,Travel_Rarely,3.0,Very High,High,Very High,Medium,3,22,0,0,3,11,15,Married,No,16-10-2023,228725
EMP10789,29,Male,Master's,Research & Development,Laboratory Technician,1,25000.0,Very High,0,0.0,0,0,No,Travel_Rarely,12.0,Low,Medium,High,High,3,11,2,3,3,11,3,Single,No,16-01-2017,989629
EMP10790,46,Male,Bachelor's,Marketing,Marketing Specialist,3,13106.0,High,19,4.0,4,1,Yes,Travel_Rarely,27.0,Medium,High,Medium,High,3,15,3,6,1,3,1,Married,Yes,28-06-2011,201465
EMP10791,54,Female,Bachelor's,Sales,Sales Executive,2,25000.0,Very High,33,6.0,1,1,Yes,Non-Travel,29.0,Low,High,Very High,Low,3,21,3,3,0,3,16,Single,No,15-06-2015,739355
EMP10792,40,Male,Bachelor's,Human Resources,HR Specialist,1,24095.0,Very High,21,2.0,2,2,No,Travel_Rarely,15.0,Very High,Medium,High,High,3,19,2,6,3,6,16,Divorced,No,28-09-2015,675654
EMP10793,44,Male,Master's,Research & Development,Research Scientist,1,25000.0,Very High,23,4.0,1,1,No,Travel_Frequently,20.0,,High,Medium,High,4,22,2,3,2,3,2,Married,No,15-03-2021,246099
EMP10794,47,Female,High School,Human Resources,Manager,1,16473.0,Very High,29,3.0,1,0,Yes,Travel_Rarely,9.0,High,Low,Medium,Low,4,23,1,1,2,9,15,Married,No,18-02-2012,448775
EMP10795,34,Male,Master's,Sales,Manager,1,10431.0,High,7,5.0,3,5,Yes,Travel_Rarely,21.0,Low,Very High,High,High,3,24,1,0,0,5,4,Married,No,12-08-2025,379097
EMP10796,23,Male,Bachelor's,IT,Data Analyst,2,25000.0,Very High,2,0.0,0,0,No,Travel_Rarely,12.0,Medium,High,Medium,Very High,3,14,0,1,1,5,6,Single,No,2015/10/17,914912
EMP10797,48,Female,Bachelor's,Marketing,Manager,1,8703.0,High,17,3.0,0,3,No,Non-Travel,5.0,Medium,High,Very High,Medium,3,10,2,4,3,9,12,Single,No,17-06-2010,252779
EMP10798,28,Female,Master's,Research & Development,Manager,3,19095.0,Very High,2,2.0,2,2,Yes,Travel_Rarely,8.0,High,Low,Medium,Medium,4,17,0,5,3,2,8,Single,Yes,25-02-2018,599837
EMP10799,46,Female,Bachelor's,Finance,Accountant,2,25000.0,Very High,19,2.0,2,2,Yes,Travel_Rarely,15.0,Medium,High,Medium,High,3,14,1,2,3,8,7,Single,No,28-06-2020,459888
EMP10800,45,Male,Bachelor's,Marketing,Marketing Specialist,1,24013.0,Very High,18,16.0,6,3,No,Non-Travel,7.0,Low,High,Medium,Medium,3,18,2,2,1,9,0,Married,No,14-03-2015,595545
EMP10801,38,Male,Bachelor's,Finance,Accountant,4,25000.0,Very High,8,1.0,1,1,No,Travel_Frequently,19.0,High,Very High,Low,Very High,3,11,3,5,4,4,3,Married,No,22-11-2015,797086
EMP10802,47,Female,Master's,Sales,Sales Representative,1,25000.0,Very High,19,2.0,2,2,No,Travel_Rarely,13.0,Medium,Medium,High,High,3,24,0,2,3,9,20,Married,No,27-12-2011,308297
EMP10803,36,Female,Master's,Human Resources,HR Specialist,2,16412.0,Very High,7,4.0,4,3,No,Non-Travel,1.0,Medium,Low,Very High,Very High,3,15,2,5,0,8,6,Married,Yes,04-11-2018,293051
EMP10804,60,Male,Bachelor's,Human Resources,HR Executive,2,22299.0,Very High,39,10.0,6,0,No,Travel_Rarely,28.0,Low,Medium,Medium,High,4,16,3,4,3,9,10,Single,No,25-07-2020,135081
EMP10805,39,Female,Bachelor's,Research & Development,Laboratory Technician,1,21562.0,Very High,20,3.0,3,1,,Travel_Rarely,11.0,High,Medium,Medium,Medium,3,10,1,4,3,5,7,Divorced,No,19-11-2015,787370
EMP10806,59,Female,High School,Finance,Finance Manager,1,10808.0,High,40,7.0,6,2,No,Travel_Rarely,13.0,High,Medium,Very High,High,3,23,3,4,4,5,7,Married,No,28-03-2025,965225
EMP10807,58,Male,Master's,Marketing,Manager,1,14426.0,High,35,10.0,5,8,No,Travel_Rarely,2.0,Very High,Very High,Medium,High,3,19,0,0,0,8,19,Married,No,18-06-2017,356253
EMP10808,42,Female,Bachelor's,Marketing,Manager,3,17114.0,Very High,12,2.0,2,2,Yes,Travel_Rarely,19.0,Medium,Medium,High,High,3,13,2,3,0,9,10,Divorced,No,26-06-2011,195419
EMP10809,51,Male,Master's,Research & Development,Research Scientist,3,8811.0,High,27,2.0,1,2,No,Travel_Frequently,11.0,Very High,High,Low,Very High,4,11,3,5,0,4,6,Married,No,02-05-2024,755389
EMP10810,52,Male,Bachelor's,Sales,Sales Executive,2,22502.0,Very High,23,2.0,2,2,No,Travel_Rarely,1.0,Very High,High,Medium,High,3,16,2,6,3,2,10,Married,No,03-12-2013,512976
EMP10811,24,Male,Master's,Marketing,Marketing Specialist,2,19691.0,Very High,4,4.0,4,1,No,Travel_Rarely,,High,High,Medium,Medium,4,12,3,4,3,2,17,Married,No,14-04-2017,457318
EMP10812,53,Male,Bachelor's,IT,Software Engineer,2,10375.0,High,35,0.0,0,0,No,Travel_Frequently,8.0,Very High,Very High,Low,High,3,18,2,2,2,1,3,Married,No,28-03-2014,332900
EMP10813,59,Female,PhD,Sales,Manager,1,25000.0,Very High,32,2.0,1,1,No,Travel_Rarely,13.0,Medium,High,High,Medium,4,17,0,5,4,1,5,Married,No,09-12-2021,886107
EMP10814,30,Female,High School,Marketing,Manager,1,25000.0,Very High,13,6.0,3,2,No,Non-Travel,8.0,Medium,Medium,Medium,Medium,3,21,1,6,0,5,6,Married,No,05-11-2013,609723
EMP10815,22,Female,Bachelor's,IT,Data Analyst,1,24396.0,Very High,0,0.0,0,0,No,Non-Travel,2.0,Low,Medium,Medium,Medium,3,19,1,6,0,7,9,Single,No,28-02-2018,784819
EMP10816,52,Male,Master's,Research & Development,Laboratory Technician,2,19038.0,Very High,23,3.0,0,3,No,Non-Travel,8.0,High,Very High,High,Low,3,22,3,2,2,10,7,Single,Yes,30-09-2010,372351
EMP10817,30,Male,Master's,Human Resources,HR Specialist,1,25000.0,Very High,0,0.0,0,0,No,Travel_Frequently,27.0,High,Very High,High,Very High,3,16,0,5,3,7,3,Married,No,21-12-2023,119130
EMP10818,35,Male,High School,Research & Development,Manager,1,25000.0,Very High,11,1.0,1,1,No,Travel_Rarely,29.0,High,Medium,High,Medium,3,17,2,5,2,7,8,Married,No,04-01-2011,953899
EMP10819,37,Male,PhD,Sales,Sales Executive,1,25000.0,Very High,9,3.0,1,3,No,Travel_Rarely,14.0,Low,High,Medium,High,3,10,0,1,2,9,5,Married,No,12-01-2011,984356
EMP10820,49,Male,Bachelor's,Research & Development,Research Director,2,15198.0,Very High,23,3.0,2,1,Yes,Travel_Rarely,2.0,Medium,High,Medium,High,3,19,0,6,3,6,16,Married,No,19-12-2012,620221
EMP10821,29,Male,Bachelor's,IT,IT Support,2,24946.0,Very High,0,0.0,0,0,Yes,Travel_Rarely,13.0,Low,High,High,Very High,4,21,3,3,1,1,18,Single,No,11-02-2012,325440
EMP10822,37,Male,Bachelor's,Sales,Sales Representative,1,25000.0,Very High,5,2.0,2,2,No,Travel_Rarely,27.0,High,Very High,High,High,3,15,1,4,4,9,13,Single,No,18-05-2022,111913
EMP10823,57,Male,Bachelor's,Research & Development,Research Scientist,1,16840.0,Very High,38,10.0,1,2,No,Travel_Rarely,5.0,Low,Medium,High,High,4,16,0,3,1,10,0,Married,No,01-07-2015,699462
EMP10824,38,Male,Master's,Research & Development,Research Director,1,25000.0,Very High,12,5.0,0,0,No,Non-Travel,1.0,,High,Low,High,3,16,3,4,1,1,5,Married,No,14-11-2020,253946
EMP10825,55,Male,Bachelor's,Research & Development,Research Director,1,17387.0,Very High,24,0.0,0,0,Yes,Non-Travel,9.0,Medium,Medium,Low,Very High,3,22,2,2,4,9,6,Divorced,Yes,23-05-2024,910561
EMP10826,32,Female,Bachelor's,Marketing,Marketing Executive,1,22350.0,Very High,11,6.0,4,3,No,Travel_Rarely,20.0,Medium,High,High,Low,3,23,1,3,1,6,0,Married,No,29-08-2024,940925
EMP10827,22,Male,Bachelor's,Research & Development,Manager,1,16275.0,Very High,0,0.0,0,0,Yes,Travel_Rarely,10.0,Very High,Medium,Very High,High,3,18,1,3,3,3,16,Married,No,04-03-2014,969563
EMP10828,29,Male,Bachelor's,Research & Development,Manager,3,24354.0,Very High,0,0.0,0,0,No,Travel_Rarely,30.0,Medium,High,Medium,Very High,3,16,2,4,1,5,20,Single,No,02-07-2013,681032
EMP10829,57,Female,Master's,Finance,Financial Analyst,2,10057.0,High,31,10.0,6,2,Yes,Travel_Frequently,11.0,Low,Medium,Very High,Very High,4,21,0,4,1,8,20,Single,No,27-01-2015,447684
EMP10830,20,Female,Master's,Research & Development,Research Scientist,1,,Very High,0,0.0,0,0,Yes,Travel_Rarely,18.0,Medium,High,Medium,Low,3,16,1,6,1,4,16,Married,No,04-10-2013,863390
EMP10831,46,Female,Bachelor's,Sales,Sales Executive,1,13474.0,High,16,1.0,1,1,Yes,Travel_Rarely,17.0,Low,High,Very High,High,3,22,0,3,3,9,6,Married,No,08-01-2012,889709
EMP10832,27,Male,High School,Research & Development,Research Director,1,23410.0,Very High,2,2.0,0,1,No,Travel_Rarely,6.0,Very High,Low,High,Medium,3,15,3,5,2,3,13,Married,No,02-06-2019,865298
EMP10833,36,Male,Master's,Sales,Manager,1,25000.0,Very High,18,2.0,1,1,No,Travel_Rarely,11.0,High,Medium,High,High,3,12,2,4,0,2,6,Single,No,15-10-2019,397433
EMP10834,28,Female,Bachelor's,Sales,Sales Executive,5,25000.0,Very High,0,0.0,0,0,Yes,Non-Travel,24.0,,High,High,High,3,22,1,3,4,6,12,Married,No,14-04-2024,232977
EMP10835,25,Female,Bachelor's,Research & Development,Laboratory Technician,3,7576.0,Medium,3,2.0,1,0,No,Travel_Rarely,4.0,High,Low,Medium,Low,3,15,2,1,4,6,17,Single,No,24-07-2013,992295
EMP10836,44,Male,Bachelor's,Research & Development,Laboratory Technician,1,25000.0,Very High,21,5.0,2,1,,Travel_Rarely,1.0,Low,High,Low,Very High,3,18,1,3,3,6,20,Single,No,13-04-2021,341118
EMP10837,58,Male,Bachelor's,Marketing,Manager,2,25000.0,Very High,26,1.0,1,1,No,Travel_Frequently,1.0,High,High,High,Medium,3,20,2,0,0,4,6,Divorced,No,21-11-2016,489628
EMP10838,47,Male,Master's,Research & Development,Research Director,1,15531.0,Very High,27,9.0,0,1,No,Travel_Frequently,22.0,Very High,Medium,Medium,Very High,3,19,3,3,1,9,1,Married,No,03-08-2025,898776
EMP10839,52,Male,Bachelor's,Human Resources,HR Executive,1,23640.0,Very High,25,8.0,7,3,No,Travel_Frequently,18.0,Very High,High,High,Very High,4,12,3,6,4,7,20,Single,No,08-06-2014,895714
EMP10840,56,Female,PhD,Human Resources,HR Specialist,3,23844.0,Very High,28,3.0,3,1,No,Travel_Rarely,5.0,Medium,High,High,Medium,4,12,0,6,1,10,18,Married,No,17-11-2019,304827
EMP10841,28,Male,Bachelor's,Sales,Manager,1,16316.0,Very High,0,0.0,0,0,No,Travel_Rarely,16.0,Medium,Medium,Medium,High,3,20,3,5,3,1,13,Married,No,08-05-2020,794925
EMP10842,37,Female,Bachelor's,Finance,Finance Manager,2,24078.0,Very High,6,1.0,1,1,No,Travel_Rarely,2.0,Low,Medium,High,Medium,3,16,2,1,3,3,0,Single,No,08-10-2016,312618
EMP10843,40,Male,PhD,Sales,Sales Executive,2,16758.0,Very High,14,0.0,0,0,No,Travel_Rarely,9.0,High,Very High,Low,Low,3,16,2,1,3,0,15,Divorced,No,18-10-2022,583253
EMP10844,21,Female,Master's,Marketing,Manager,2,18362.0,Very High,0,0.0,0,0,No,Travel_Rarely,2.0,High,High,Medium,Very High,3,14,3,5,2,5,6,Single,No,28-09-2024,310891
EMP10845,57,Male,Master's,Sales,Manager,5,16174.0,Very High,32,3.0,1,1,Yes,Travel_Rarely,5.0,Medium,Medium,High,Medium,3,17,2,6,3,5,15,Married,No,27-12-2022,676618
EMP10846,59,Male,Bachelor's,Research & Development,Laboratory Technician,3,11560.0,High,37,4.0,1,0,No,Travel_Rarely,20.0,Very High,High,High,High,3,17,2,6,1,2,19,Divorced,No,04-07-2011,394024
EMP10847,55,Male,Master's,Sales,Sales Representative,3,23520.0,Very High,28,11.0,2,0,No,Non-Travel,27.0,Low,High,Medium,Very High,3,20,2,2,2,0,11,Married,No,25-10-2018,891929
EMP10848,56,Female,Bachelor's,Marketing,Manager,2,25000.0,Very High,28,18.0,2,1,No,Travel_Rarely,17.0,Low,High,Medium,Low,4,20,0,5,1,11,4,Divorced,No,11-03-2014,578883
EMP10849,34,Female,Bachelor's,Research & Development,Manager,1,25000.0,Very High,4,4.0,1,1,No,Non-Travel,26.0,Low,Very High,High,High,3,24,0,2,3,4,16,Single,No,29-09-2022,293170
EMP10850,47,Male,Master's,Human Resources,HR Specialist,3,25000.0,Very High,18,7.0,4,6,No,Travel_Rarely,25.0,Medium,Low,Medium,High,3,11,1,6,2,11,20,Single,No,28-10-2015,517158
EMP10851,37,Female,Master's,Sales,Sales Representative,5,25000.0,Very High,15,0.0,0,0,Yes,Travel_Rarely,19.0,Low,High,Very High,High,3,20,2,0,0,0,12,Married,No,10-09-2022,239024
EMP10852,53,Male,Master's,Finance,Financial Analyst,2,17331.0,Very High,25,1.0,1,1,Yes,Travel_Rarely,10.0,High,Very High,Very High,Very High,3,15,0,4,3,2,13,Married,No,11-07-2022,872990
EMP10853,41,Female,Master's,Sales,Sales Representative,5,25000.0,Very High,19,7.0,2,4,No,Travel_Frequently,8.0,Medium,High,Medium,High,3,14,3,4,2,7,15,Married,No,10-01-2021,189903
EMP10854,30,Female,High School,IT,Data Analyst,1,11958.0,High,5,3.0,3,3,No,Travel_Rarely,20.0,Medium,High,Very High,High,3,13,2,1,2,9,12,Married,No,14-05-2016,305490
EMP10855,32,Female,Bachelor's,Sales,Sales Executive,1,14687.0,High,10,3.0,2,3,No,Travel_Frequently,11.0,High,Medium,Medium,Very High,3,16,2,1,2,8,17,Single,No,03-11-2014,113910
EMP10856,23,Male,Master's,Sales,Manager,1,14273.0,High,0,0.0,0,0,No,Travel_Rarely,13.0,Medium,Medium,High,Very High,3,13,1,2,4,2,17,Married,No,23-04-2010,941803
EMP10857,41,Male,Bachelor's,Sales,Sales Executive,2,25000.0,Very High,19,5.0,1,3,No,Non-Travel,13.0,High,High,Medium,High,3,14,3,6,2,8,8,Married,No,28-11-2025,340070
EMP10858,26,Female,Bachelor's,Research & Development,Research Scientist,3,25000.0,Very High,6,1.0,1,1,Yes,Travel_Rarely,9.0,Medium,Very High,Low,High,3,17,3,1,0,6,0,Married,No,10-10-2017,798712
EMP10859,43,Male,Bachelor's,Research & Development,Laboratory Technician,1,25000.0,Very High,22,5.0,0,1,No,Travel_Frequently,5.0,High,Low,Very High,High,3,14,2,3,3,7,1,Married,No,20-03-2024,792813
EMP10860,23,Male,Bachelor's,Sales,Sales Representative,4,25000.0,Very High,5,1.0,1,1,No,Travel_Rarely,18.0,Very High,Medium,High,High,3,20,0,3,3,5,7,Single,No,19-05-2021,640217
EMP10861,47,Female,PhD,IT,Data Analyst,2,14829.0,High,19,0.0,0,0,Yes,Travel_Frequently,8.0,Low,Very High,High,High,3,22,1,0,3,4,12,Single,Yes,15-08-2022,609662
EMP10862,34,Male,Bachelor's,Research & Development,Laboratory Technician,2,25000.0,Very High,4,2.0,2,2,No,Travel_Rarely,29.0,High,Low,Low,Low,3,20,1,6,2,9,5,Married,No,30-05-2019,947832
EMP10863,20,Female,Bachelor's,Research & Development,Research Scientist,3,20820.0,Very High,0,0.0,0,0,Yes,Travel_Rarely,20.0,Very High,High,Very High,Medium,3,25,1,3,3,7,18,Divorced,No,02-09-2019,307562
EMP10864,22,Female,Master's,Research & Development,Laboratory Technician,1,25000.0,Very High,0,0.0,0,0,No,Non-Travel,14.0,High,Medium,Medium,High,3,18,2,0,0,11,18,Married,No,03-06-2018,909418
EMP10865,33,Female,High School,Research & Development,Research Director,3,20913.0,Very High,16,0.0,0,0,Yes,Travel_Rarely,2.0,Medium,Medium,Medium,High,3,19,1,2,4,1,1,Married,No,23-08-2017,651814
EMP10866,57,Male,Master's,Research & Development,Research Scientist,1,18523.0,Very High,36,1.0,1,1,No,Travel_Rarely,22.0,Medium,Medium,Medium,High,4,11,0,3,0,6,9,Married,No,27-02-2010,131293
EMP10867,20,Male,Bachelor's,Sales,Manager,1,25000.0,Very High,0,0.0,0,0,No,Travel_Frequently,16.0,High,Medium,Very High,High,3,11,3,0,4,0,4,Married,Yes,18-12-2022,929378
EMP10868,57,Male,Master's,Sales,Sales Representative,2,25000.0,Very High,31,3.0,0,3,No,Travel_Rarely,1.0,Very High,High,Medium,Medium,4,24,0,6,3,6,0,Single,No,23-10-2014,847662
EMP10869,57,Male,High School,IT,Software Engineer,4,16305.0,Very High,29,0.0,0,0,No,Travel_Rarely,24.0,Low,Medium,Medium,Low,3,18,1,4,1,5,12,Single,No,02-07-2025,532706
EMP10870,40,Male,Bachelor's,Marketing,Manager,2,21429.0,Very High,16,0.0,0,0,Yes,Travel_Rarely,25.0,Low,High,High,High,3,11,3,0,4,3,11,Single,No,25-12-2010,462109
EMP10871,48,Male,Bachelor's,Research & Development,Laboratory Technician,2,13680.0,High,26,22.0,4,3,No,Travel_Frequently,23.0,Medium,Medium,High,Medium,3,12,1,5,0,2,9,Married,No,03-02-2012,760276
EMP10872,24,Male,Bachelor's,Sales,Sales Representative,3,7157.0,Medium,4,4.0,1,3,No,Travel_Rarely,29.0,Medium,Medium,Medium,Very High,4,15,1,6,0,8,2,Single,No,20-11-2024,678472
EMP10873,29,Male,Master's,Human Resources,Manager,1,24106.0,Very High,5,2.0,0,2,No,Travel_Rarely,13.0,Medium,Very High,High,Medium,3,13,2,3,1,5,14,Married,No,18-07-2024,107312
EMP10874,47,Female,High School,Research & Development,Research Scientist,3,25000.0,Very High,16,3.0,3,3,No,Travel_Rarely,25.0,Medium,Medium,Medium,High,3,17,3,0,4,5,4,Divorced,No,13-06-2011,598032
EMP10875,40,Male,Master's,Sales,Manager,2,24783.0,Very High,8,2.0,2,1,Yes,Travel_Frequently,18.0,Medium,Medium,High,Low,3,17,1,5,4,0,18,Married,No,not available,902219
EMP10876,26,Male,Bachelor's,Sales,Sales Representative,1,9161.0,High,0,0.0,0,0,Yes,Non-Travel,27.0,Low,Low,High,Medium,3,11,1,2,0,4,18,Single,No,15-01-2023,500326
EMP10877,22,Female,Master's,Finance,Accountant,2,18810.0,Very High,0,0.0,0,0,No,Travel_Frequently,1.0,Very High,Medium,High,Medium,4,24,2,1,4,11,20,Married,No,14-04-2015,389482
EMP10878,39,Female,Master's,Finance,Finance Manager,1,8117.0,High,13,11.0,2,2,No,Travel_Rarely,7.0,Low,High,High,High,3,11,3,4,1,6,12,Married,No,26-03-2016,341916
EMP10879,38,Male,Bachelor's,Sales,Sales Executive,1,25000.0,Very High,15,1.0,1,0,No,Travel_Rarely,4.0,Medium,High,Medium,High,3,12,1,2,4,3,7,Single,No,19-02-2018,146015
EMP10880,54,Female,Bachelor's,Sales,,1,13511.0,High,31,9.0,9,3,No,Travel_Rarely,10.0,Medium,High,Very High,Low,3,23,1,4,4,11,7,Married,No,06-04-2015,684301
EMP10881,23,Male,Master's,Sales,Sales Executive,1,25000.0,Very High,0,0.0,0,0,No,Travel_Rarely,8.0,Very High,High,High,Medium,3,20,0,4,1,1,5,Single,No,05-05-2018,138014
EMP10882,24,Male,Bachelor's,Finance,Accountant,2,25000.0,Very High,0,0.0,0,0,No,Non-Travel,3.0,High,Low,Medium,High,3,11,0,5,3,8,8,Married,No,04-01-2022,776736
EMP10883,20,Female,Bachelor's,Sales,Sales Representative,2,14687.0,High,0,0.0,0,0,No,Travel_Frequently,23.0,High,Medium,Medium,High,3,14,0,0,4,5,13,Married,No,03-07-2019,976895
EMP10884,23,Female,Master's,Sales,Sales Executive,2,13230.0,High,1,1.0,1,1,No,Travel_Rarely,7.0,Low,High,High,Low,3,10,2,6,0,8,4,Married,No,03-12-2018,312965
EMP10885,31,Male,PhD,IT,Manager,1,25000.0,Very High,2,2.0,0,1,No,Travel_Rarely,27.0,High,High,High,Very High,4,16,0,1,2,7,15,Divorced,No,04-10-2015,565016
EMP10886,46,Female,Master's,Sales,Sales Representative,3,15064.0,Very High,22,3.0,3,3,No,Travel_Rarely,26.0,Medium,High,Medium,Medium,3,17,0,0,0,0,13,Married,No,10-10-2014,886805
EMP10887,42,Female,Master's,Finance,Accountant,1,23066.0,Very High,11,0.0,0,0,Yes,Travel_Rarely,25.0,Medium,Medium,Very High,Very High,4,21,1,0,0,1,9,Married,No,26-01-2024,532468
EMP10888,44,Female,Bachelor's,Sales,Sales Representative,2,17725.0,Very High,19,16.0,2,2,No,Travel_Rarely,16.0,High,Medium,Low,Medium,3,13,2,3,3,1,16,Single,No,17-12-2013,368318
EMP10889,40,Male,PhD,Sales,Manager,1,9882.0,High,15,11.0,2,11,No,Travel_Rarely,27.0,High,High,High,High,4,16,3,0,3,1,15,Married,No,03-02-2014,618928
EMP10890,43,Male,Bachelor's,Sales,Sales Executive,2,8073.0,High,15,7.0,3,1,No,Travel_Rarely,20.0,High,Medium,High,High,3,18,1,1,0,3,19,Single,No,07-12-2025,162808
EMP10891,44,Male,Bachelor's,Finance,Finance Manager,1,24392.0,Very High,12,12.0,1,2,No,Non-Travel,30.0,Very High,High,Very High,High,4,16,1,2,4,6,16,Married,No,19-01-2014,632008
EMP10892,51,Male,Master's,IT,IT Support,3,17108.0,Very High,23,1.0,1,1,Yes,Travel_Rarely,10.0,Very High,Medium,Medium,High,3,11,2,5,0,6,15,Married,Yes,16-03-2011,806528
EMP10893,51,Male,Bachelor's,IT,Data Analyst,4,17173.0,Very High,25,9.0,9,0,No,Travel_Rarely,13.0,Medium,Very High,High,Low,3,11,2,0,4,0,9,Married,No,14-01-2024,531475
EMP10894,24,Female,High School,Research & Development,Manager,3,25000.0,Very High,0,0.0,0,0,No,Travel_Rarely,30.0,Medium,Very High,High,Medium,3,19,1,1,1,7,17,Divorced,No,17-06-2021,538683
EMP10895,55,Female,Master's,Finance,Accountant,1,25000.0,Very High,31,10.0,6,5,Yes,Non-Travel,1.0,Low,High,Medium,Low,4,19,1,0,1,3,5,Married,No,17-06-2010,991440
EMP10896,58,Female,High School,Sales,Manager,1,19484.0,Very High,31,8.0,5,1,No,Travel_Frequently,7.0,Very High,High,Very High,High,3,19,1,5,3,7,16,Single,No,16-09-2016,818051
EMP10897,35,Male,Bachelor's,Sales,Sales Executive,4,18896.0,Very High,8,2.0,2,2,No,Travel_Rarely,10.0,Low,Very High,High,Very High,3,15,2,4,2,9,8,Single,No,24-02-2016,260566
EMP10898,52,Male,Bachelor's,IT,Manager,2,25000.0,Very High,24,7.0,6,3,No,Travel_Rarely,12.0,Very High,High,High,Medium,3,17,1,5,2,8,7,Single,Yes,07-05-2014,911911
EMP10899,40,Male,Bachelor's, sales ,Sales Representative,4,11961.0,High,19,2.0,1,2,No,Travel_Rarely,14.0,Medium,Very High,Very High,High,3,21,1,0,3,6,7,Married,No,28-12-2024,846527
EMP10900,28,Male,PhD,Sales,Manager,2,24353.0,Very High,0,0.0,0,0,Yes,Travel_Rarely,22.0,Medium,Medium,High,Low,3,19,3,3,1,2,11,Single,No,21-03-2023,807250
EMP10901,25,Female,Bachelor's,Sales,Manager,4,25000.0,Very High,0,0.0,0,0,No,Travel_Rarely,11.0,Low,Low,High,Medium,3,20,0,4,3,11,17,Single,No,04-07-2016,174073
EMP10902,54,Male,Bachelor's,Sales,Sales Representative,4,25000.0,Very High,30,14.0,3,1,No,Travel_Rarely,17.0,Medium,Very High,Medium,Medium,3,22,0,1,1,2,1,Married,No,23-03-2020,342884
EMP10903,58,Female,Bachelor's,Sales,Sales Executive,2,9214.0,High,35,2.0,1,2,Yes,Travel_Rarely,9.0,Very High,High,High,Low,3,19,0,5,4,4,2,Married,No,12-08-2013,928138
EMP10904,41,Male,Master's,Human Resources,HR Specialist,1,15637.0,Very High,14,4.0,1,4,No,Travel_Rarely,26.0,Low,High,High,Medium,3,23,0,0,1,6,10,Single,No,30-09-2014,554949
EMP10905,60,Male,Master's,Research & Development,Manager,2,14836.0,High,30,,1,1,No,Travel_Rarely,8.0,Medium,Very High,High,Very High,4,20,0,6,1,11,20,Single,No,01-04-2019,771308
EMP10906,24,Female,Bachelor's,IT,Data Analyst,4,23039.0,Very High,0,0.0,0,0,Yes,Travel_Rarely,10.0,Low,Very High,High,Very High,3,21,1,4,1,6,12,Married,No,22-05-2021,759218
EMP10907,42,Male,Bachelor's,IT,IT Support,4,25000.0,Very High,16,2.0,2,2,No,Travel_Rarely,4.0,Medium,Low,High,Very High,3,12,1,4,2,8,17,Divorced,No,15-07-2019,729509
EMP10908,36,Male,Master's,Research & Development,Research Director,1,25000.0,Very High,11,8.0,8,1,No,Travel_Rarely,5.0,Low,High,Very High,Very High,3,10,3,2,1,0,10,Single,No,21-01-2013,691993
EMP10909,31,Male,Bachelor's,Sales,Manager,2,17628.0,Very High,5,5.0,1,3,No,Travel_Rarely,24.0,Medium,High,High,High,3,10,2,4,0,2,13,Divorced,Yes,20-04-2012,847131
EMP10910,42,Female,Bachelor's,Research & Development,Laboratory Technician,3,17608.0,Very High,23,3.0,1,3,No,Travel_Rarely,18.0,Very High,High,Medium,Medium,4,20,3,5,4,0,19,Married,No,14-05-2025,522262
EMP10911,35,Female,Bachelor's,Human Resources,HR Specialist,2,25000.0,Very High,8,2.0,0,2,No,Travel_Frequently,6.0,Medium,Medium,High,High,3,11,2,1,2,5,3,Married,Yes,10-01-2015,566476
EMP10912,22,Female,Bachelor's,Sales,Sales Executive,3,25000.0,Very High,2,2.0,2,2,Yes,Travel_Frequently,10.0,Medium,Low,High,High,3,25,2,6,0,11,3,Married,No,09-03-2024,988847
EMP10913,49,Female,PhD,Human Resources,Manager,3,25000.0,Very High,26,12.0,5,4,No,Travel_Frequently,18.0,High,Medium,Medium,High,3,19,3,0,2,9,9,Married,No,28-12-2013,948081
EMP10914,41,Female,Master's,Research & Development,Research Director,4,25000.0,Very High,22,7.0,7,3,Yes,Travel_Rarely,28.0,Low,Medium,Very High,High,3,15,1,5,2,6,1,Married,No,23-01-2020,298815
EMP10915,28,Female,Master's,Research & Development,Manager,1,13086.0,High,0,0.0,0,0,No,Travel_Frequently,,Medium,Medium,Low,High,3,11,3,4,0,1,17,Single,No,14-10-2013,244668
EMP10916,48,Male,Master's,Research & Development,Research Director,1,12089.0,High,30,11.0,1,2,Yes,Travel_Rarely,24.0,High,Medium,High,High,3,15,0,6,3,8,10,Single,No,11-11-2016,919178
EMP10917,56,Male,Master's,Sales,Manager,1,10958.0,High,38,2.0,1,2,No,Non-Travel,5.0,Medium,High,Very High,Medium,3,25,3,1,3,11,4,Married,No,03-10-2015,946899
EMP10918,42,Male,Master's,Marketing,Manager,4,25000.0,Very High,14,4.0,1,4,No,Travel_Rarely,28.0,High,Low,High,High,3,20,1,2,1,4,16,Single,No,11-01-2022,580336
EMP10919,32,Female,High School,IT,IT Support,2,25000.0,Very High,3,3.0,3,3,Yes,Travel_Rarely,26.0,Medium,High,High,Low,3,10,1,0,0,2,1,Single,No,16-02-2023,493065
EMP10920,51,Male,Bachelor's,Sales,Manager,1,25000.0,Very High,25,,1,0,No,Travel_Rarely,3.0,High,High,Very High,Medium,3,18,2,3,1,6,2,Single,No,27-09-2024,737807
EMP10921,42,Male,Master's,IT,IT Support,1,25000.0,Very High,22,8.0,5,1,Yes,Non-Travel,18.0,Very High,High,High,Very High,3,21,2,4,3,6,6,Married,No,21-07-2017,659484
EMP10922,36,Female,Master's,Research & Development,Manager,2,25000.0,Very High,12,5.0,3,2,No,Non-Travel,4.0,Low,Medium,Very High,High,4,24,3,4,0,0,20,Married,Yes,01-12-2010,376292
EMP10923,59,Male,Bachelor's,IT,Software Engineer,3,16966.0,Very High,31,11.0,1,4,No,Travel_Frequently,8.0,Medium,Medium,High,Very High,3,25,2,2,0,5,1,Married,No,24-12-2010,979967
EMP10924,40,Female,Bachelor's,IT,Data Analyst,3,13090.0,High,23,1.0,1,1,Yes,Travel_Rarely,17.0,Medium,High,High,High,3,23,3,1,0,2,1,Divorced,No,22-11-2021,934844
EMP10925,21,Female,Bachelor's,Research & Development,Research Scientist,2,25000.0,Very High,0,0.0,0,0,No,Travel_Rarely,10.0,Low,High,High,Medium,3,25,2,2,1,6,7,Divorced,No,06-07-2020,439433
EMP10926,56,Male,Bachelor's,Sales,Sales Representative,1,25000.0,Very High,25,9.0,5,0,Yes,Non-Travel,19.0,High,Low,Medium,High,3,16,1,1,2,4,15,Married,No,29-11-2020,415778
EMP10927,25,Female,Bachelor's,Sales,Sales Representative,4,23118.0,Very High,0,0.0,0,0,Yes,Travel_Rarely,29.0,High,Medium,High,Low,3,10,2,0,2,3,2,Divorced,No,17-12-2020,920658
EMP10928,37,Female,Bachelor's,Research & Development,Research Scientist,1,25000.0,Very High,13,1.0,1,1,No,Non-Travel,1.0,Medium,High,Very High,Very High,3,25,0,4,2,9,5,Married,No,18-06-2012,519395
EMP10929,49,Male,,Human Resources,Manager,2,25000.0,Very High,20,20.0,0,5,No,Travel_Rarely,2.0,High,High,High,High,3,18,1,3,0,6,18,Married,No,29-11-2010,182987
EMP10930,41,Female,Master's,Sales,Sales Representative,1,25000.0,Very High,8,2.0,2,1,No,Travel_Rarely,26.0,Low,Very High,Low,Very High,3,22,0,2,3,6,12,Single,No,17-03-2012,741816
EMP10931,52,Female,Master's,Sales,Sales Representative,1,25000.0,Very High,30,19.0,0,2,Yes,Travel_Frequently,11.0,High,Very High,Low,Very High,3,18,1,5,1,7,3,Divorced,No,12-11-2015,971930
EMP10932,49,Male,Master's,IT,IT Support,1,25000.0,Very High,22,1.0,0,1,No,Travel_Rarely,15.0,High,Medium,Medium,Medium,3,20,3,3,1,4,16,Single,No,19-01-2010,870709
EMP10933,36,Male,Bachelor's,Marketing,Marketing Specialist,2,25000.0,Very High,13,2.0,2,2,No,Non-Travel,23.0,High,High,High,Very High,3,23,1,3,3,3,8,Married,No,14-10-2015,551753
EMP10934,51,Male,Bachelor's,Research & Development,Laboratory Technician,2,25000.0,Very High,32,7.0,2,7,Yes,Travel_Rarely,1.0,Medium,Medium,Medium,High,3,19,2,4,2,0,2,Married,No,26-10-2017,739050
EMP10935,33,Male,High School,Sales,Sales Representative,1,17899.0,Very High,8,5.0,5,5,No,Non-Travel,9.0,,Medium,Very High,Medium,3,20,0,4,4,3,0,Married,No,06-03-2022,951418
EMP10936,29,Male,PhD,Sales,Sales Executive,1,25000.0,Very High,0,0.0,0,0,No,Travel_Rarely,8.0,Medium,Very High,Very High,Very High,3,15,1,6,3,10,0,Married,No,12-05-2013,289611
EMP10937,55,Female,High School,Sales,Manager,3,11760.0,High,24,4.0,0,4,No,Travel_Rarely,1.0,High,Medium,Medium,Very High,3,11,3,6,2,9,16,Married,No,13-03-2023,977549
EMP10938,53,Male,Master's,Marketing,Manager,1,25000.0,Very High,26,9.0,1,4, yes,Travel_Rarely,10.0,Medium,Medium,High,Low,3,11,0,5,0,0,12,Married,No,15-11-2023,740436
EMP10939,28,Female,Bachelor's,Sales,Manager,1,12868.0,High,8,1.0,1,1,No,Travel_Rarely,17.0,Medium,Very High,High,Very High,3,21,1,3,3,6,4,Married,No,05-09-2017,389404
EMP10940,47,Male,PhD,Human Resources,Manager,2,25000.0,Very High,19,3.0,0,3,Yes,Travel_Rarely,18.0,High,Low,Medium,High,3,23,3,0,2,5,18,Single,Yes,10-07-2021,767074
EMP10941,30,Male,Bachelor's,Sales,Sales Executive,3,15058.0,Very High,0,0.0,0,0,No,Non-Travel,16.0,Very High,Medium,Very High,Low,3,17,1,5,1,6,9,Married,No,12-09-2022,463290
EMP10942,33,Female,Master's,Research & Development,Manager,1,25000.0,Very High,7,5.0,4,2,No,Travel_Rarely,2.0,Low,Low,Medium,High,3,18,1,3,4,7,8,Married,No,26-07-2015,873770
EMP10943,58,Female,Bachelor's,Finance,Financial Analyst,5,21693.0,Very High,36,1.0,1,1,No,Travel_Rarely,22.0,Very High,High,Very High,High,4,13,0,1,4,5,5,Married,No,27-06-2020,477478
EMP10944,38,Male,Bachelor's,IT,Manager,2,10747.0,High,11,2.0,2,2,No,Non-Travel,17.0,High,Medium,High,High,4,11,1,5,4,1,20,Single,No,04-10-2019,295451
EMP10945,34,Male,Master's,Sales,Manager,2,25000.0,Very High,9,3.0,2,3,No,Travel_Rarely,4.0,High,High,High,High,4,24,0,6,2,1,16,Married,No,06-12-2013,123386
EMP10946,47,Female,PhD,Sales,Sales Representative,1,16982.0,Very High,26,0.0,0,0,No,Travel_Rarely,7.0,Very High,Very High,Very High,Very High,3,14,0,1,2,8,20,Married,No,21-01-2019,317582
EMP10947,43,Male,Bachelor's,Sales,Manager,2,25000.0,Very High,22,0.0,0,0,No,Travel_Rarely,29.0,Medium,High,High,Very High,3,22,2,1,0,5,6,Single,No,09-09-2014,531562
EMP10948,27,Male,PhD,Marketing,Marketing Specialist,1,22040.0,Very High,1,1.0,1,1,Yes,Travel_Frequently,29.0,High,Medium,Very High,Medium,3,25,0,1,4,5,15,Married,Yes,28-08-2011,978776
EMP10949,28,Male,Master's,IT,IT Support,2,25000.0,Very High,2,2.0,2,2,No,Travel_Rarely,28.0,Low,Very High,High,High,3,16,1,2,1,0,18,Single,No,15-11-2018,928120
EMP10950,52,Female,Master's,Human Resources,HR Executive,1,14315.0,High,24,10.0,0,1,No,Travel_Rarely,9.0,Low,High,Very High,Low,3,23,1,6,4,7,4,Married,No,27-11-2015,217926
EMP10951,52,Male,Bachelor's,Human Resources,HR Specialist,2,16895.0,Very High,26,6.0,6,1,No,Non-Travel,26.0,High,High,High,High,3,13,1,0,3,10,17,Single,Yes,18-01-2022,168914
EMP10952,38,Female,Bachelor's,Finance,Financial Analyst,3,17919.0,Very High,14,0.0,0,0,No,Travel_Frequently,3.0,Very High,Medium,Medium,Very High,3,21,1,2,3,7,6,Married,Yes,06-06-2010,392815
EMP10953,22,Female,Bachelor's,Sales,Manager,3,25000.0,Very High,0,0.0,0,0,No,Travel_Rarely,20.0,Very High,Low,High,Medium,3,18,0,2,1,3,4,Single,No,23-07-2014,794548
EMP10954,29,Female,PhD,Marketing,Marketing Executive,1,25000.0,Very High,0,0.0,0,0,No,Travel_Frequently,21.0,High,High,High,High,3,21,2,1,2,6,7,Divorced,Yes,20-10-2024,381689
EMP10955,59,Male,PhD,Research & Development,Manager,2,15332.0,Very High,39,8.0,4,1,No,Non-Travel,5.0,High,High,High,Very High,3,24,0,0,4,8,8,Married,No,19-05-2016,832378
EMP10956,20,Male,Master's,Research & Development,Laboratory Technician,2,25000.0,Very High,0,0.0,0,0,No,Travel_Rarely,18.0,Medium,Low,Very High,High,3,13,1,6,3,10,19,Married,No,09-07-2018,875608
EMP10957,48,Male,Bachelor's,Research & Development,Manager,1,8297.0,High,23,4.0,2,3,Yes,Travel_Frequently,29.0,Very High,Low,High,Low,3,17,0,0,1,0,3,Married,No,02-10-2014,104786
EMP10958,53,Male,Bachelor's,Sales,Sales Representative,2,12869.0,High,28,6.0,0,1,No,Travel_Rarely,21.0,Medium,Medium,Very High,High,3,12,2,3,0,11,2,Single,No,22-12-2015,358668
EMP10959,32,Female,PhD,Sales,Sales Representative,1,14308.0,High,15,1.0,1,1,No,Travel_Rarely,26.0,High,Low,Medium,Very High,3,21,3,5,3,4,11,Single,No,03-01-2023,382384
EMP10960,20,Female,High School,Finance,Accountant,2,11985.0,High,0,0.0,0,0,No,Travel_Rarely,17.0,High,Low,Low,High,4,23,2,2,3,7,8,Married,No,15-06-2016,675885
EMP10961,53,Female,Master's,Sales,Sales Executive,3,10801.0,High,27,10.0,7,4,No,Travel_Rarely,7.0,High,Medium,High,High,3,21,2,5,4,6,9,Divorced,No,17-07-2019,246902
EMP10962,48,Female,Bachelor's,Human Resources,Manager,1,25000.0,Very High,27,1.0,1,1,Yes,Travel_Rarely,14.0,Medium,High,High,High,3,15,3,5,2,9,10,Married,No,03-10-2020,921121
EMP10963,32,Female,Bachelor's,Sales,Sales Executive,1,20004.0,Very High,5,2.0,1,1,No,Travel_Frequently,15.0,Very High,High,Low,High,3,24,2,0,3,3,15,Single,No,15-01-2019,431737
EMP10964,48,Male,Master's,Research & Development,Research Director,1,25000.0,Very High,20,3.0,0,1,No,Travel_Rarely,21.0,High,High,High,High,4,15,2,6,3,2,10,Married,No,19-01-2013,148537
EMP10965,58,Female,High School,Sales,Manager,4,25000.0,Very High,29,6.0,3,2,No,Travel_Rarely,22.0,Very High,Medium,High,Medium,3,12,0,4,4,0,7,Married,No,14-06-2021,217653
EMP10966,43,Male,Bachelor's,Research & Development,Laboratory Technician,3,24823.0,Very High,25,2.0,1,2,No,Travel_Rarely,14.0,Low,Low,Low,High,3,11,2,5,2,2,13,Married,No,08-10-2024,561083
EMP10967,45,Female,PhD,Finance,Accountant,1,25000.0,Very High,13,13.0,0,2,No,Travel_Frequently,9.0,High,High,High,Very High,3,15,2,2,0,1,1,Single,No,06-07-2020,400933
EMP10968,36,Male,Master's,Sales,Manager,2,21348.0,Very High,6,0.0,0,0,Yes,Travel_Rarely,16.0,High,Medium,Low,Very High,3,16,1,5,0,4,3,Divorced,No,10-10-2022,210575
EMP10969,26,Female,Master's,Research & Development,Research Scientist,1,12911.0,High,6,2.0,2,2,Yes,Travel_Rarely,19.0,High,Very High,Medium,High,4,16,2,0,0,0,14,Single,No,28-02-2023,556934
EMP10970,32,Male,Master's,Research & Development,Research Director,2,25000.0,Very High,12,6.0,0,3,Yes,Travel_Rarely,1.0,Very High,Low,High,High,3,19,0,4,0,3,17,Single,No,10-09-2016,859442
EMP10971,24,Female,High School,Finance,Finance Manager,2,16897.0,Very High,0,0.0,0,0,No,Travel_Frequently,8.0,Low,High,Low,Medium,3,20,3,5,2,7,10,Single,No,14-02-2019,291287
EMP10972,45,Female,Bachelor's,Marketing,Manager,4,14458.0,High,16,5.0,4,3,No,Travel_Rarely,18.0,Low,Medium,High,Low,3,10,1,4,0,8,18,Single,Yes,27-06-2010,123572
EMP10973,22,Female,Bachelor's,Finance,Financial Analyst,1,20332.0,Very High,0,0.0,0,0,No,Travel_Frequently,2.0,Medium,High,High,Very High,4,21,0,4,4,0,17,Single,No,15-02-2025,610889
EMP10974,26,Female,Bachelor's,Sales,Sales Executive,2,14607.0,High,2,0.0,0,0,No,Travel_Rarely,26.0,Low,High,Very High,Medium,3,15,1,1,4,2,8,Single,No,20-11-2025,393139
EMP10975,58,Male,Bachelor's,Sales,Manager,3,18254.0,Very High,31,1.0,1,1,No,Travel_Rarely,29.0,Very High,High,High,Medium,4,18,2,6,4,5,4,Married,Yes,02-07-2024,923774
EMP10976,20,Male,Master's,Sales,Manager,3,25000.0,Very High,0,0.0,0,0,No,Travel_Rarely,4.0,Medium,High,Medium,High,3,22,0,6,0,4,9,Married,No,06-04-2022,583674
EMP10977,36,Female,High School,Human Resources,HR Executive,2,25000.0,Very High,7,4.0,4,4,No,Non-Travel,21.0,Medium,Medium,Very High,High,4,18,1,6,4,11,16,Married,No,09-12-2011,143982
EMP10978,44,Female,Master's,Sales,Sales Representative,2,14705.0,High,16,8.0,2,2,No,Travel_Rarely,1.0,Low,Very High,High,High,3,24,0,3,4,0,19,Single,No,27-10-2019,147998
EMP10979,22,Male,High School,Research & Development,Research Director,1,17686.0,Very High,0,0.0,0,0,Yes,Travel_Rarely,27.0,High,Medium,Medium,High,3,21,1,5,1,1,12,Single,Yes,17-07-2018,747339
EMP10980,34,Male,High School,Human Resources,HR Specialist,2,25000.0,Very High,3,3.0,2,3,No,Travel_Rarely,19.0,Medium,High,Medium,High,3,11,2,5,0,1,3,Single,No,15-08-2021,640536
EMP10981,48,Male,Bachelor's,Research & Development,Laboratory Technician,4,25000.0,Very High,27,3.0,0,1,No,Travel_Rarely,11.0,Low,Low,Very High,Medium,3,13,3,3,4,6,13,Married,No,18-01-2010,721576
EMP10982,51,Male,Master's,IT,Data Analyst,4,25000.0,Very High,26,15.0,3,8,No,Travel_Rarely,24.0,Medium,Low,High,Very High,3,15,3,0,2,5,7,Married,No,03-12-2016,483793
EMP10983,45,Male,Bachelor's,Sales,Sales Representative,3,25000.0,Very High,18,7.0,1,2,No,Travel_Frequently,6.0,Medium,Medium,Very High,Very High,3,13,0,6,4,5,20,Single,No,28-01-2019,867824
EMP10984,35,Male,Bachelor's,Sales,Sales Executive,2,25000.0,Very High,9,7.0,4,1,No,Travel_Rarely,19.0,Very High,High,Medium,High,3,21,3,0,1,0,14,Married,No,07-02-2020,166514
EMP10985,44,Male,Master's,Finance,Finance Manager,3,11795.0,High,20,0.0,0,0,No,Travel_Rarely,14.0,Medium,High,High,High,3,18,0,5,2,0,2,Divorced,No,08-02-2024,820051
EMP10986,47,Male,Bachelor's,Research & Development,Research Scientist,1,25000.0,Very High,19,4.0,3,1,No,Travel_Rarely,28.0,High,Low,Low,High,3,24,0,6,2,3,16,Single,No,02-05-2010,308580
EMP10987,28,Female,Bachelor's,Finance,Accountant,1,21506.0,Very High,3,3.0,3,0,No,Travel_Rarely,23.0,Very High,High,High,High,3,11,2,5,3,9,14,Single,No,22-10-2016,827756
EMP10988,20,Male,Master's,Research & Development,Laboratory Technician,2,17190.0,Very High,0,0.0,0,0,No,Travel_Rarely,27.0,High,Low,Very High,High,3,19,2,3,1,5,0,Married,No,19-11-2013,857620
EMP10989,48,Female,Bachelor's,Sales,Sales Executive,1,23756.0,Very High,26,1.0,1,1,Yes,Travel_Rarely,22.0,Very High,Very High,Low,Medium,3,15,1,4,1,10,4,Married,No,16-04-2017,260282
EMP10990,41,Female,Bachelor's,IT,Software Engineer,4,25000.0,Very High,12,2.0,1,2,No,Non-Travel,21.0,Very High,Medium,Medium,High,3,10,0,0,4,5,7,Single,No,08-07-2017,619681
EMP10991,35,Male,Master's,IT,Data Analyst,2,25000.0,Very High,8,3.0,0,3,Yes,Travel_Rarely,24.0,Medium,Medium,High,High,3,18,1,5,1,4,8,Single,No,05-01-2012,185760
EMP10992,60,Female,Master's,Finance,Finance Manager,2,14834.0,High,29,1.0,1,0,No,Travel_Rarely,24.0,High,Medium,Low,Very High,3,10,1,1,2,3,1,Single,No,04-03-2022,884766
EMP10993,60,Female,High School,Sales,Sales Executive,2,25000.0,Very High,33,1.0,1,1,No,Travel_Rarely,19.0,Low,Very High,High,Medium,3,22,2,6,2,1,4,Married,No,16-12-2013,769447
EMP10994,26,Male,High School,Human Resources,HR Executive,3,16533.0,Very High,1,1.0,1,1,No,Travel_Rarely,24.0,Medium,High,Medium,High,3,22,0,1,4,6,3,Single,No,18-07-2025,334889
EMP10995,33,Male,Bachelor's,Research & Development,Research Director,2,24282.0,Very High,8,4.0,4,4,No,Travel_Frequently,26.0,High,Medium,Very High,Medium,3,21,2,3,2,11,11,Single,No,15-06-2019,115323
EMP10996,48,Male,Bachelor's,Sales,Sales Representative,1,19216.0,Very High,22,10.0,3,0,No,Travel_Frequently,25.0,High,High,Low,Low,3,23,0,0,4,5,18,Married,No,04-08-2016,740580
EMP10997,38,Female,Bachelor's,Marketing,Marketing Specialist,3,19960.0,Very High,13,9.0,2,1,Yes,Travel_Rarely,13.0,,Very High,Very High,High,3,17,3,0,3,6,1,Married,No,02-02-2024,328349
EMP10998,38,Male,Bachelor's,Sales,Sales Executive,1,25000.0,Very High,15,2.0,0,2,Yes,Travel_Rarely,12.0,High,Medium,High,High,3,22,3,5,1,2,15,Married,No,02-08-2014,300385
EMP10999,21,Male,Bachelor's,Marketing,Marketing Specialist,1,13793.0,High,0,0.0,0,0,No,Travel_Rarely,29.0,Medium,Medium,Medium,High,3,24,1,5,1,0,1,Married,No,25-04-2021,515989
EMP11000,60,Female,Master's,Research & Development,Laboratory Technician,2,25000.0,Very High,33,0.0,0,0,No,Travel_Rarely,10.0,Very High,High,Medium,High,3,18,2,6,1,0,20,Single,No,14-03-2011,222280
EMP11001,34,Male,Master's,Sales,Sales Representative,1,9706.0,High,13,12.0,0,0,Yes,Travel_Rarely,19.0,Medium,High,Very High,Very High,3,10,2,4,3,3,9,Single,No,24-06-2010,189391
EMP11002,22,Female,Master's,Research & Development,Manager,5,16832.0,Very High,0,0.0,0,0,Yes,Travel_Frequently,11.0,Medium,Low,High,High,3,10,0,0,1,3,9,Single,No,15-02-2014,790291
EMP11003,30,Male,Bachelor's,IT,IT Support,2,25000.0,Very High,6,3.0,3,2,No,Travel_Rarely,24.0,Very High,High,Medium,Very High,3,19,1,3,3,6,16,Single,No,11-07-2021,363284
EMP11004,49,Female,High School,Finance,Finance Manager,5,25000.0,Very High,23,2.0,2,2,No,Travel_Rarely,24.0,Medium,High,Low,Medium,3,23,2,0,3,6,11,Single,No,29-03-2019,469488
EMP11005,59,Male,Bachelor's,IT,IT Support,1,21053.0,Very High,28,3.0,2,0,No,Travel_Rarely,12.0,High,High,Medium,High,4,16,1,5,4,3,6,Married,No,20-08-2021,334927
EMP11006,37,Male,Master's,Finance,Finance Manager,5,21465.0,Very High,14,1.0,1,1,No,Travel_Rarely,7.0,High,Very High,High,Medium,3,19,2,0,0,6,8,Divorced,No,24-02-2011,646940
EMP11007,21,Male,Bachelor's,Finance,Financial Analyst,1,25000.0,Very High,1,1.0,0,1,Yes,Travel_Rarely,8.0,Medium,Medium,High,Low,3,14,3,1,0,7,13,Married,No,08-05-2018,337600
EMP11008,51,Female,High School,IT,Software Engineer,1,19851.0,Very High,27,8.0,8,1,No,Travel_Rarely,17.0,High,High,High,Low,3,24,2,3,4,8,17,Married,No,08-01-2021,841848
EMP11009,27,Male,Bachelor's,Sales,Sales Representative,1,25000.0,Very High,2,2.0,2,2,No,Travel_Frequently,3.0,High,Low,Very High,High,3,20,2,2,4,5,9,Married,No,18-08-2020,822884
EMP11010,41,Female,Bachelor's,Research & Development,Manager,2,25000.0,Very High,11,2.0,2,2,No,Travel_Rarely,6.0,Medium,Very High,Medium,Medium,3,12,3,3,4,3,15,Single,No,22-06-2016,729339
EMP11011,25,Female,Bachelor's,Sales,Sales Representative,1,25000.0,Very High,0,0.0,0,0,No,Travel_Rarely,12.0,Low,Low,Low,Medium,3,18,1,3,1,9,0,Single,Yes,13-06-2014,453018
EMP11012,31,Female,Bachelor's,Marketing,Manager,2,14260.0,High,2,2.0,1,2,No,Travel_Rarely,15.0,Very High,Very High,High,High,3,11,1,5,2,1,8,Married,No,13-06-2021,707666
EMP11013,59,Male,Bachelor's,Marketing,Marketing Executive,1,21253.0,Very High,31,0.0,0,0,No,Non-Travel,23.0,Low,Medium,High,High,3,25,1,2,4,8,12,Single,No,08-05-2013,871775
EMP11014,55,Female,Master's,Sales,Manager,1,19241.0,Very High,29,11.0,2,0,No,Non-Travel,7.0,Very High,Medium,Very High,High,3,15,3,6,3,11,15,Married,No,21-04-2024,991729
EMP11015,34,Female,Bachelor's,Finance,Financial Analyst,2,14009.0,High,6,1.0,1,1,No,Travel_Frequently,27.0,Medium,Medium,High,High,3,13,3,5,0,6,15,Married,No,08-03-2017,911030
EMP11016,47,Male,Master's,Marketing,Manager,1,25000.0,Very High,23,6.0,4,2,No,Travel_Frequently,6.0,High,Very High,Medium,Very High,4,14,3,2,1,5,1,Single,No,30-09-2016,356947
EMP11017,37,Male,Bachelor's,Sales,Manager,3,17293.0,Very High,17,4.0,2,0,No,Travel_Rarely,29.0,Very High,Very High,High,Very High,3,11,1,1,2,3,8,Married,No,09-10-2021,391810
EMP11018,17,Female,Bachelor's,Research & Development,Research Director,2,,Very High,0,0.0,0,0,No,Travel_Frequently,12.0,Low,Very High,Medium,Medium,3,10,1,4,0,3,12,Married,No,05-07-2011,248561
EMP11019,32,Female,Bachelor's,Marketing,Marketing Executive,4,13608.0,High,2,2.0,2,2,No,Non-Travel,28.0,High,High,High,Very High,3,18,1,3,0,1,7,Single,No,12-03-2020,520394
EMP11020,34,Male,Bachelor's,Sales,Sales Executive,2,25000.0,Very High,7,1.0,1,1,Yes,Travel_Rarely,12.0,High,Low,High,Medium,3,12,1,3,0,0,10,Married,Yes,26-01-2021,566026
EMP11021,39,Female,High School,Finance,Finance Manager,5,14715.0,High,16,2.0,2,2,No,Travel_Rarely,27.0,High,Medium,High,High,3,15,0,3,3,4,16,Single,No,27-09-2015,332521
EMP11022,48,Male,Bachelor's,Sales,Sales Executive,2,24311.0,Very High,22,4.0,1,2,No,Travel_Rarely,4.0,High,Medium,Medium,Very High,3,24,3,3,3,5,19,Single,No,27-12-2022,990761
EMP11023,48,Male,Bachelor's,Marketing,Marketing Executive,5,25000.0,Very High,21,8.0,1,0,No,Travel_Rarely,21.0,High,High,Very High,High,3,23,3,1,3,9,10,Married,No,17-01-2015,760835
EMP11024,22,Male,Bachelor's,Marketing,Marketing Executive,1,17038.0,Very High,0,0.0,0,0,No,Travel_Rarely,9.0,High,High,Low,High,3,18,3,3,2,8,10,Married,No,04-09-2024,511848
EMP11025,38,Male,Bachelor's,Marketing,Marketing Executive,3,25000.0,Very High,7,7.0,7,1,No,Travel_Rarely,17.0,High,High,Medium,Very High,3,24,1,2,0,0,15,Single,No,02-08-2024,306185
EMP11026,22,Female,Bachelor's,Research & Development,Laboratory Technician,3,12668.0,High,0,0.0,0,0,No,Travel_Rarely,2.0,High,Low,Medium,Very High,3,10,1,2,4,4,6,Single,No,29-04-2011,550124
EMP11027,33,Male,High School,IT,Manager,1,25000.0,Very High,5,1.0,1,0,Yes,Non-Travel,-2.0,Medium,High,High,High,3,21,0,0,2,10,0,Single,Yes,22-01-2018,513142
EMP11028,59,Male,Bachelor's,IT,Manager,2,22167.0,Very High,32,7.0,0,3,No,Travel_Rarely,21.0,Very High,Very High,High,Very High,3,14,0,1,3,4,14,Single,No,11-03-2023,546848
EMP11029,23,Male,PhD,Research & Development,Laboratory Technician,3,16842.0,Very High,1,0.0,0,0,No,Travel_Frequently,28.0,Medium,High,Medium,Medium,3,25,1,0,3,8,17,Married,No,21-04-2017,645679
EMP11030,30,Male,Bachelor's,IT,Manager,2,19252.0,Very High,0,0.0,0,0,No,Travel_Rarely,23.0,Low,Very High,High,High,3,13,1,3,3,10,13,Married,No,16-07-2016,240306
EMP11031,50,Female,Bachelor's,Sales,Sales Executive,1,25000.0,Very High,24,0.0,0,0,No,Travel_Rarely,24.0,Medium,High,Low,High,4,24,1,6,1,10,12,Married,No,27-12-2012,338411
EMP11032,51,Female,Master's,Human Resources,Manager,2,16933.0,Very High,30,2.0,2,2,No,Travel_Rarely,10.0,Low,Low,Medium,Very High,3,12,3,1,0,3,1,Married,No,14-08-2016,127268
EMP11033,46,Male,Master's,Sales,Manager,1,15722.0,Very High,16,5.0,4,2,Yes,Travel_Rarely,6.0,Low,Very High,High,Low,3,11,0,6,4,2,19,Married,No,18-03-2024,719190
EMP11034,49,Female,PhD,Sales,Sales Executive,3,19937.0,Very High,21,4.0,4,0,No,Travel_Rarely,6.0,Medium,Low,Medium,Very High,3,23,3,1,0,2,10,Married,No,26-01-2013,261341
EMP11035,21,Male,Master's,Sales,Sales Representative,1,12970.0,High,0,0.0,0,0,Yes,Travel_Rarely,21.0,Low,Medium,Medium,Very High,3,12,2,4,2,5,18,Single,Yes,11-07-2015,786724
EMP11036,28,Female,Master's,Finance,Accountant,1,25000.0,Very High,2,2.0,1,2,No,Travel_Rarely,5.0,High,Low,Low,Very High,3,23,2,4,1,10,5,Married,No,21-01-2016,379686
EMP11037,47,Female,PhD,Research & Development,Laboratory Technician,1,17071.0,Very High,18,1.0,1,1,No,Travel_Rarely,29.0,Low,High,Medium,Low,3,10,2,6,2,0,16,Married,No,26-12-2017,343966
EMP11038,50,Male,Bachelor's,Finance,Finance Manager,2,25000.0,Very High,24,3.0,0,3,,Travel_Rarely,27.0,Medium,High,Very High,Very High,3,22,2,0,3,0,0,Married,No,25-08-2011,210597
EMP11039,53,Female,Master's,Sales,Manager,5,24204.0,Very High,24,15.0,11,2,No,Travel_Rarely,8.0,Low,Medium,Very High,High,3,10,3,0,3,0,19,Married,No,06-02-2025,754929
EMP11040,34,Male,Master's,Research & Development,Manager,1,14143.0,High,5,5.0,0,3,No,Travel_Rarely,21.0,Low,Very High,Very High,Low,3,22,2,2,4,6,4,Divorced,No,13-08-2018,906021
EMP11041,44,Male,Master's,Research & Development,Research Scientist,1,21968.0,Very High,17,1.0,1,1,Yes,Travel_Rarely,22.0,Medium,Very High,Low,Very High,3,22,1,6,0,4,0,Married,No,18-11-2012,492754
EMP11042,55,Male,PhD,IT,IT Support,2,25000.0,Very High,32,0.0,0,0,No,Travel_Rarely,3.0,High,Medium,Very High,Medium,3,17,2,2,2,10,12,Single,No,05-06-2025,368509
EMP11043,27,Female,Bachelor's,Research & Development,Research Director,3,20237.0,Very High,4,4.0,1,4,Yes,Travel_Rarely,14.0,Very High,High,High,High,4,14,1,5,3,8,0,Married,Yes,07-06-2011,963499
EMP11044,28,Male,Bachelor's,Human Resources,HR Specialist,2,25000.0,Very High,2,2.0,0,2,NO,Travel_Rarely,5.0,Very High,Very High,Very High,Low,4,11,3,6,4,11,11,Married,No,15-03-2016,440849
EMP11045,56,Female,PhD,IT,Manager,1,25000.0,Very High,28,4.0,0,0,Yes,Travel_Rarely,15.0,Very High,Medium,Very High,Medium,3,12,0,5,4,10,8,Single,No,15-07-2021,323202
EMP11046,58,Female,Bachelor's,Human Resources,Manager,2,25000.0,Very High,34,8.0,1,0,No,Travel_Rarely,30.0,Low,Medium,High,High,3,24,0,6,2,2,12,Single,Yes,25-04-2013,799082
EMP11047,51,Male,Master's,Sales,Sales Executive,1,17911.0,Very High,28,2.0,2,1,No,Travel_Rarely,9.0,Medium,Medium,Low,Very High,3,23,2,5,0,5,9,Married,No,30-11-2021,917785
EMP11048,36,Male,High School,Sales,Sales Executive,2,13549.0,High,5,3.0,2,2,No,Travel_Rarely,15.0,Low,High,High,Very High,3,23,0,2,1,6,15,Married,No,01-08-2010,234275
EMP11049,54,Female,Master's,IT,Software Engineer,1,16712.0,Very High,28,17.0,3,1,Yes,Travel_Rarely,19.0,High,High,Medium,High,3,11,1,1,4,2,5,Married,No,30-05-2021,857504
EMP11050,56,Male,PhD,Sales,Sales Representative,3,24060.0,Very High,29,6.0,4,3,No,Travel_Rarely,16.0,Low,High,Medium,High,3,24,2,3,2,8,20,Married,No,08-01-2015,383902
EMP11051,38,Male,Bachelor's,IT,Software Engineer,4,25000.0,Very High,6,1.0,1,1,No,Non-Travel,8.0,High,High,Medium,Medium,3,19,2,0,3,1,7,Single,No,10-11-2017,256389
EMP11052,48,Female,High School,Research & Development,Research Scientist,3,8290.0,High,28,1.0,1,1,No,Travel_Frequently,15.0,Medium,Medium,High,High,3,11,1,2,1,11,6,Single,No,14-04-2018,340948
EMP11053,26,Female,High School,Marketing,Marketing Executive,2,21946.0,Very High,0,0.0,0,0,Yes,Travel_Rarely,11.0,Medium,Medium,Low,Very High,3,13,1,6,1,11,12,Single,No,09-07-2013,708604
EMP11054,47,Male,Master's,IT,Software Engineer,2,23651.0,Very High,22,7.0,1,0,No,Non-Travel,23.0,Very High,Low,Very High,Medium,3,21,3,1,0,6,16,Married,No,24-07-2013,155565
EMP11055,28,Female,Master's,Marketing,Manager,1,19440.0,Very High,6,2.0,1,2,No,Travel_Rarely,4.0,High,Low,Medium,Medium,3,13,1,4,2,9,11,Single,Yes,30-01-2012,163892
EMP11056,47,Male,Bachelor's,Research & Development,Research Director,3,25000.0,Very High,28,0.0,0,0,Yes,Travel_Rarely,21.0,High,Low,High,Very High,3,16,3,3,0,3,10,Single,No,15-10-2016,258312
EMP11057,25,Male,High School,IT,IT Support,2,25000.0,Very High,0,0.0,0,0,No,Non-Travel,24.0,High,Medium,Medium,High,3,11,2,4,4,8,5,Single,No,03-04-2024,955198
EMP11058,48,Female,Master's,Research & Development,Research Director,4,25000.0,Very High,23,1.0,1,1,No,Travel_Frequently,10.0,Very High,High,Very High,Medium,4,18,0,5,4,6,14,Single,No,27-02-2018,586568
EMP11059,36,Female,Master's,Research & Development,Research Director,1,19987.0,Very High,15,0.0,0,0,No,Travel_Rarely,23.0,High,Medium,High,High,3,16,0,6,2,7,4,Single,No,29-07-2010,685656
EMP11060,35,Male,Bachelor's,Human Resources,Manager,3,25000.0,Very High,10,1.0,1,1,Yes,Travel_Rarely,26.0,Very High,High,Medium,Low,3,13,3,4,3,10,15,Married,Yes,11-06-2012,310566
EMP11061,42,Male,Bachelor's,IT,Manager,2,25000.0,Very High,21,1.0,0,0,Yes,Travel_Rarely,10.0,Medium,Medium,High,Very High,3,21,0,6,4,9,10,Single,Yes,27-05-2013,822492
EMP11062,50,Female,Master's,Marketing,Manager,1,25000.0,Very High,27,3.0,3,3,Yes,Travel_Rarely,2.0,High,High,Low,High,3,16,0,3,4,2,9,Single,No,26-12-2020,299950
EMP11063,22,Male,Bachelor's,IT,Manager,2,13474.0,High,0,0.0,0,0,No,Travel_Rarely,8.0,High,High,High,High,3,24,2,1,3,5,7,Married,No,11-10-2025,923913
EMP11064,40,Male,PhD,Research & Development,Manager,4,19650.0,Very High,14,11.0,1,4,No,Travel_Rarely,8.0,Medium,Medium,High,High,4,19,3,6,1,3,4,Married,No,02-06-2015,372187
EMP11065,45,Male,Bachelor's,Research & Development,Research Director,4,18858.0,Very High,13,3.0,3,3,No,Non-Travel,9.0,Very High,Medium,Medium,Medium,3,20,1,4,2,3,9,Married,No,22-08-2018,225751
EMP11066,55,Female,Master's,Finance,Financial Analyst,3,25000.0,Very High,29,3.0,3,2,No,Travel_Rarely,2.0,Very High,High,High,High,3,10,0,1,1,11,9,Single,No,26-01-2024,680567
EMP11067,56,Male,Bachelor's,Sales,Sales Representative,1,25000.0,Very High,30,4.0,4,1,Yes,Travel_Frequently,14.0,Medium,High,Medium,Medium,3,22,2,4,0,1,0,Single,No,26-01-2017,116782
EMP11068,41,Male,PhD,Sales,Manager,3,15101.0,Very High,16,1.0,0,0,Yes,Travel_Rarely,20.0,Medium,Low,High,Medium,3,16,2,2,3,10,12,Married,No,04-11-2013,561140
EMP11069,31,Male,Bachelor's,Research & Development,Research Director,2,22709.0,Very High,2,0.0,0,0,No,Travel_Rarely,2.0,Medium,High,High,High,4,22,0,6,2,9,19,Single,No,30-01-2025,908535
EMP11070,32,Male,Bachelor's,Sales,Sales Representative,1,8875.0,High,9,9.0,5,6,Yes,Travel_Rarely,4.0,Very High,Medium,High,Medium,3,15,1,5,3,8,17,Single,No,12-03-2021,497318
EMP11071,30,Male,Bachelor's,Sales,Manager,1,25000.0,Very High,7,1.0,1,0,No,Travel_Rarely,3.0,High,Medium,Very High,High,4,24,1,3,3,10,4,Married,No,20-01-2013,818871
EMP11072,35,Male,Master's,Sales,Manager,1,17491.0,Very High,9,1.0,0,1,No,Travel_Rarely,23.0,Low,Medium,High,High,3,18,3,0,1,0,15,Single,No,17-09-2014,530648
EMP11073,27,Male,Bachelor's,Sales,Sales Representative,1,22587.0,Very High,7,3.0,1,1,Yes,Travel_Rarely,14.0,High,High,High,Medium,3,17,3,3,1,0,5,Married,No,25-02-2011,282591
EMP11074,59,Female,Bachelor's,Sales,Sales Executive,3,19161.0,Very High,33,3.0,3,3,No,Travel_Rarely,21.0,Low,High,Very High,Medium,3,11,3,4,0,6,20,Single,No,07-06-2021,297144
EMP11075,59,Male,Bachelor's,Marketing,Marketing Executive,1,25000.0,Very High,26,0.0,0,0,No,Travel_Rarely,16.0,High,High,Very High,Very High,3,24,2,4,2,9,9,Single,No,31-05-2022,613441
EMP11076,21,Male,Bachelor's,Research & Development,Laboratory Technician,1,6143.0,Medium,4,1.0,1,1,No,Travel_Rarely,15.0,Medium,Very High,High,Low,3,20,1,5,3,6,6,Single,Yes,22-08-2010,688341
EMP11077,49,Female,High School,Research & Development,Manager,2,21862.0,Very High,16,2.0,1,2,No,Travel_Rarely,7.0,Medium,Medium,Very High,High,3,12,3,6,0,3,19,Married,Yes,06-11-2010,737430
EMP11078,49,Female,Bachelor's,Finance,Financial Analyst,2,21002.0,Very High,20,6.0,2,6,Yes,Travel_Rarely,18.0,High,Very High,Very High,High,3,25,2,2,3,7,15,Married,Yes,16-08-2015,256449
EMP11079,31,Female,Master's,Sales,Sales Executive,1,17959.0,Very High,1,1.0,1,0,No,Travel_Rarely,20.0,Low,High,Medium,Medium,3,22,1,2,0,4,0,Single,No,12-03-2012,646715
EMP11080,29,Male,Master's,Marketing,Marketing Executive,1,25000.0,Very High,0,0.0,0,0,No,Travel_Rarely,6.0,Low,Medium,Medium,High,3,12,0,3,3,5,6,Single,No,26-05-2021,126368
EMP11081,30,Male,Master's,IT,Software Engineer,1,14775.0,High,4,4.0,3,0,No,Non-Travel,28.0,Medium,Very High,High,Very High,3,22,3,0,1,11,11,Single,Yes,09-06-2011,139674
EMP11082,34,Female,Master's,Sales,Manager,2,25000.0,Very High,2,2.0,1,2,Yes,Travel_Rarely,21.0,Medium,High,Very High,High,4,23,3,5,4,3,14,Married,Yes,23-07-2017,650251
EMP11083,35,Female,Bachelor's,Research & Development,Laboratory Technician,1,25000.0,Very High,14,2.0,0,2,No,Travel_Rarely,16.0,Medium,High,Low,High,3,21,1,3,0,2,1,Single,No,24-06-2015,531140
EMP11084,36,Male,Master's,IT,Software Engineer,2,25000.0,Very High,13,1.0,1,1,No,Travel_Rarely,11.0,Very High,Low,High,High,4,25,0,0,0,1,17,Married,No,26-02-2011,927677
EMP11085,45,Male,High School,Marketing,Marketing Executive,1,16314.0,Very High,18,3.0,3,0,No,Travel_Rarely,2.0,High,High,Very High,High,3,15,0,1,4,7,3,Married,No,28-07-2017,247962
EMP11086,21,Female,High School,Research & Development,Laboratory Technician,1,15838.0,Very High,0,0.0,0,0,No,Travel_Rarely,28.0,Very High,Low,Very High,High,3,11,2,4,1,10,12,Married,No,17-08-2010,313617
EMP11087,31,Male,Bachelor's,Human Resources,Manager,2,25000.0,Very High,9,1.0,1,1,No,Travel_Rarely,23.0,Very High,Medium,High,Medium,3,20,3,1,0,4,8,Single,No,22-02-2018,304696
EMP11088,45,Male,Bachelor's,Sales,Sales Executive,1,25000.0,Very High,26,3.0,1,2,No,Travel_Frequently,2.0,Medium,Very High,Medium,High,3,11,0,3,1,9,3,Single,No,31-05-2019,840082
EMP11089,42,Male,Bachelor's,Marketing,Marketing Executive,1,10990.0,High,18,0.0,0,0,No,Travel_Rarely,14.0,Medium,Medium,Medium,Medium,3,13,2,0,3,5,8,Single,No,30-01-2014,288545
EMP11090,37,Female,Bachelor's,Sales,Manager,1,17280.0,Very High,14,0.0,0,0,Yes,Travel_Rarely,9.0,Medium,Medium,Very High,High,3,10,3,0,3,5,0,Single,No,24-12-2011,433723
EMP11091,51,Female,Master's,Marketing,Marketing Specialist,1,25000.0,Very High,24,3.0,3,2,No,Travel_Rarely,23.0,High,Very High,Very High,High,3,10,3,1,4,3,7,Single,No,07-04-2012,688699
EMP11092,57,Female,Bachelor's,Human Resources,HR Executive,3,25000.0,Very High,26,2.0,1,2,No,Travel_Rarely,12.0,High,Medium,High,Very High,3,10,3,2,2,8,0,Divorced,No,21-05-2018,287094
EMP11093,22,Male,Bachelor's,Human Resources,HR Executive,1,16226.0,Very High,0,0.0,0,0,No,Travel_Rarely,3.0,Medium,Medium,Very High,High,3,14,3,2,1,6,15,Divorced,No,05-05-2016,153093
EMP11094,57,Male,Bachelor's,Research & Development,Laboratory Technician,3,5935.0,Medium,29,5.0,5,1,No,Travel_Frequently,22.0,Medium,High,Low,High,3,22,0,5,2,11,14,Single,No,22-09-2023,713624
EMP11095,22,Male,Bachelor's,Sales,Manager,3,25000.0,Very High,0,0.0,0,0,No,Travel_Frequently,5.0,High,Low,High,High,3,18,0,1,2,11,14,Single,No,23-01-2013,321410
EMP11096,49,Female,High School,Sales,Sales Representative,3,12719.0,High,16,3.0,3,3,No,Travel_Frequently,28.0,High,Very High,Medium,High,4,13,0,2,1,9,4,Single,No,07-09-2021,339303
EMP11097,20,Female,Bachelor's,Sales,Sales Executive,1,8886.0,High,0,0.0,0,0,Yes,Travel_Rarely,9.0,Very High,Medium,High,Medium,3,23,1,0,2,11,18,Married,No,21-09-2012,750723
EMP11098,49,Female,High School,Sales,Manager,3,6158.0,Medium,25,0.0,0,0,Yes,Travel_Frequently,29.0,Medium,High,Low,Medium,4,17,1,3,0,7,10,Married,No,28-06-2019,993585
EMP11099,51,Male,Master's,IT,Data Analyst,1,25000.0,Very High,31,11.0,2,0,No,Travel_Rarely,3.0,Very High,Medium,Medium,High,4,16,3,2,3,6,18,Married,No,20-06-2015,978355
EMP11100,47,Female,Master's,Research & Development,Research Director,1,23339.0,Very High,19,19.0,3,6,No,Travel_Frequently,18.0,Medium,Medium,Very High,Very High,3,22,0,5,4,3,20,Married,No,16-08-2012,839651
EMP11101,40,Male,Bachelor's,Sales,Sales Representative,1,19900.0,Very High,15,1.0,1,1,No,Non-Travel,2.0,High,Low,High,High,3,15,2,0,1,8,2,Married,No,18-04-2019,982695
EMP11102,32,Male,Bachelor's,Marketing,Marketing Specialist,4,25000.0,Very High,8,1.0,1,1,No,Travel_Rarely,4.0,Very High,Low,Very High,High,4,23,0,5,4,1,3,Single,No,24-11-2021,909817
EMP11103,46,Male,Master's,IT,IT Support,1,25000.0,Very High,18,1.0,1,1,No,Travel_Rarely,13.0,Very High,High,High,Medium,3,18,2,6,3,4,20,Single,No,01-05-2015,665303
EMP11104,55,Male,Bachelor's,Marketing,Marketing Executive,4,25000.0,Very High,27,5.0,0,1,No,Travel_Rarely,17.0,Low,High,Medium,High,3,19,3,3,4,1,15,Married,Yes,04-10-2017,580828
EMP11105,26,Female,Bachelor's,Marketing,Marketing Specialist,1,11770.0,High,4,4.0,3,3,No,Travel_Rarely,9.0,Medium,High,High,Very High,4,10,3,0,1,7,11,Married,No,24-11-2012,667846
EMP11106,41,Male,Bachelor's,Sales,Manager,4,21687.0,Very High,15,9.0,2,9,No,Travel_Rarely,19.0,Medium,Low,Very High,Medium,3,16,3,6,4,8,6,Married,No,04-04-2022,156275
EMP11107,29,Female,Master's,Research & Development,Manager,4,10641.0,High,6,6.0,4,1,No,Non-Travel,14.0,Medium,Medium,High,High,3,18,0,6,2,2,0,Married,No,30-01-2020,337841
EMP11108,58,Male,Master's,IT,Software Engineer,4,19866.0,Very High,32,3.0,3,0,No,Travel_Rarely,13.0,High,Medium,Very High,Medium,3,24,0,6,2,4,10,Married,No,01-10-2011,486874
EMP11109,34,Male,Master's,Finance,Financial Analyst,2,19695.0,Very High,10,5.0,5,4,No,Travel_Rarely,5.0,Very High,Medium,Low,Very High,3,19,2,4,3,8,14,Single,No,06-08-2015,926001
EMP11110,34,Male,High School,Sales,Sales Executive,3,25000.0,Very High,12,6.0,2,0,No,Travel_Rarely,18.0,Low,Medium,Medium,High,3,25,2,6,2,5,18,Single,No,12-03-2023,170753
EMP11111,23,Male,Bachelor's,IT,Data Analyst,4,22483.0,Very High,0,0.0,0,0,No,Travel_Frequently,24.0,Medium,Medium,Very High,Medium,3,23,1,3,4,2,14,Married,No,06-12-2019,385438
EMP11112,51,Male,Bachelor's,Sales,Sales Representative,1,25000.0,Very High,21,3.0,3,0,No,Travel_Rarely,15.0,Medium,Medium,Low,Low,3,25,3,4,0,5,8,Single,No,28-08-2010,867186
EMP11113,42,Male,Master's,Sales,Manager,2,25000.0,Very High,18,5.0,3,3,No,Travel_Rarely,27.0,Very High,High,High,High,3,22,2,6,4,8,12,Married,No,04-11-2024,396489
EMP11114,25,Male,Master's,Research & Development,Manager,3,25000.0,Very High,0,0.0,0,0,No,Travel_Rarely,11.0,Very High,High,Medium,High,4,23,0,2,0,10,17,Single,No,2017/11/11,223936
EMP11115,43,Female,Bachelor's,Human Resources,HR Specialist,1,19113.0,Very High,19,5.0,4,1,No,Travel_Rarely,30.0,Medium,Medium,High,High,3,11,2,5,4,10,16,Divorced,Yes,12-01-2016,765876
EMP11116,39,Female,High School,Human Resources,HR Executive,3,14422.0,High,18,5.0,1,5,No,Travel_Rarely,19.0,Low,Low,Medium,High,3,24,1,2,0,9,4,Divorced,No,17-03-2013,646445
EMP11117,56,Female,Bachelor's,Sales,Sales Executive,1,24606.0,Very High,39,6.0,0,4,Yes,Travel_Rarely,5.0,High,High,High,High,3,22,0,0,0,6,15,Single,No,19-12-2011,876992
EMP11118,39,Male,Bachelor's,IT,,2,15352.0,Very High,7,5.0,3,1,No,Travel_Frequently,7.0,High,Very High,Very High,Very High,4,13,0,1,1,3,6,Married,No,22-06-2023,995875
EMP11119,31,Male,Bachelor's,Sales,Sales Representative,1,25000.0,Very High,13,4.0,1,1,Yes,Non-Travel,2.0,Medium,Low,Medium,Very High,3,14,0,0,1,3,20,Married,No,19-01-2024,325706
EMP11120,52,Male,Bachelor's,Sales,Sales Executive,1,19391.0,Very High,25,6.0,2,4,No,Travel_Rarely,19.0,Very High,High,High,Medium,3,24,2,6,4,0,4,Single,No,21-06-2020,234273
EMP11121,47,Female,PhD,IT,Data Analyst,1,17077.0,Very High,14,3.0,2,3,No,Travel_Rarely,24.0,Very High,High,Low,High,3,24,3,5,2,2,10,Married,No,14-02-2013,262270
EMP11122,27,Male,Bachelor's,Marketing,Manager,3,17817.0,Very High,0,0.0,0,0,Yes,Non-Travel,16.0,High,High,High,Medium,3,20,3,5,1,11,15,Married,No,05-07-2021,377054
EMP11123,20,Male,Bachelor's,IT,IT Support,1,25000.0,Very High,0,0.0,0,0,No,Travel_Rarely,26.0,High,Very High,Medium,High,3,14,3,5,0,8,12,Single,No,08-02-2010,292432
EMP11124,56,Female,Bachelor's,IT,IT Support,3,20517.0,Very High,31,4.0,0,1,No,Travel_Rarely,30.0,Medium,Very High,High,High,3,20,3,4,4,0,1,Single,No,27-04-2014,108301
EMP11125,41,Male,Bachelor's,Finance,Finance Manager,3,16502.0,Very High,9,4.0,4,4,No,Travel_Rarely,24.0,High,Medium,Medium,High,3,22,3,5,2,1,11,Married,No,13-08-2017,293373
EMP11126,25,Female,Bachelor's,Research & Development,Research Scientist,2,25000.0,Very High,0,0.0,0,0,No,Travel_Rarely,3.0,Medium,High,Medium,High,3,16,0,3,4,1,11,Married,No,17-02-2010,523231
EMP11127,40,Male,Master's,Sales,Manager,1,14984.0,High,10,2.0,2,2,No,Travel_Rarely,29.0,Medium,High,High,Very High,3,19,0,1,0,7,9,Married,No,22-07-2016,271185
EMP11128,51,Male,High School,Research & Development,Manager,1,22382.0,Very High,24,3.0,1,2,No,Travel_Rarely,10.0,Low,Medium,Very High,Low,3,17,2,0,1,5,12,Single,No,14-04-2012,979188
EMP11129,54,Female,PhD,Research & Development,Laboratory Technician,2,25000.0,Very High,32,1.0,0,1,No,Non-Travel,12.0,Medium,High,Medium,Very High,3,22,0,4,1,6,11,Married,No,20-09-2019,651025
EMP11130,34,Male,Bachelor's,Sales,Manager,1,10571.0,High,11,0.0,0,0,No,Travel_Rarely,23.0,Medium,Very High,High,Medium,3,25,2,4,3,10,18,Married,No,07-07-2025,688915
EMP11131,24,Male,Bachelor's,Finance,Financial Analyst,2,25000.0,Very High,0,0.0,0,0,Yes,Travel_Rarely,30.0,High,High,High,Medium,3,18,2,2,3,3,16,Married,No,26-04-2023,666934
EMP11132,25,Male,Bachelor's,Research & Development,Manager,4,13701.0,High,0,0.0,0,0,No,Travel_Rarely,27.0,High,Very High,Low,Medium,3,14,1,0,4,10,15,Married,No,23-10-2017,870596
EMP11133,44,Female,Master's,Sales,Sales Executive,1,25000.0,Very High,13,5.0,1,2,No,Travel_Frequently,29.0,High,High,High,Very High,3,11,0,0,4,3,16,Single,No,24-07-2012,437479
EMP11134,59,Female,Bachelor's,Sales,Sales Representative,2,14283.0,High,37,6.0,3,3,No,Travel_Rarely,2.0,Medium,High,High,Very High,3,11,2,5,2,3,5,Single,No,15-05-2018,306985
EMP11135,48,Female,Bachelor's,Finance,Financial Analyst,4,25000.0,Very High,17,3.0,3,3,Yes,Travel_Rarely,25.0,Medium,High,High,High,3,14,3,6,1,11,17,Married,No,23-02-2012,918584
EMP11136,26,Female,Bachelor's,Sales,Manager,3,25000.0,Very High,0,0.0,0,0,No,Travel_Rarely,29.0,High,High,Low,High,3,24,3,5,1,5,10,Divorced,No,11-03-2018,725952
EMP11137,59,Male,Master's,IT,Manager,3,25000.0,Very High,36,3.0,3,2,No,Travel_Rarely,29.0,Medium,Medium,Very High,High,3,14,1,4,3,11,11,Single,Yes,06-04-2021,733360
EMP11138,32,Male,Bachelor's,Research & Development,Research Director,3,24664.0,Very High,5,2.0,1,2,No,Travel_Rarely,8.0,Very High,High,Low,High,4,14,2,0,0,11,16,Married,No,04-10-2018,207378
EMP11139,57,Male,Bachelor's,Research & Development,Research Scientist,1,19849.0,Very High,34,11.0,3,7,No,Travel_Frequently,25.0,Medium,High,Medium,Very High,3,23,0,5,0,3,1,Single,No,27-04-2019,456528
EMP11140,37,Female,Bachelor's,Human Resources,HR Executive,4,16994.0,Very High,5,5.0,0,0,No,Travel_Rarely,9.0,High,Very High,High,Very High,3,15,3,6,3,0,12,Married,No,20-03-2012,649609
EMP11141,21,Male,High School,IT,Software Engineer,4,25000.0,Very High,0,0.0,0,0,No,Non-Travel,23.0,Low,Medium,Medium,Very High,4,21,3,2,4,0,18,Single,No,09-01-2024,245649
EMP11142,27,Female,Bachelor's,Research & Development,Research Director,2,16078.0,Very High,5,0.0,0,0,No,Travel_Rarely,20.0,High,Low,Low,High,3,25,1,1,1,7,18,Married,No,20-10-2014,499901
EMP11143,30,Female,Bachelor's,Finance,Financial Analyst,2,13812.0,High,4,0.0,0,0,No,Travel_Rarely,12.0,Very High,High,High,High,3,24,3,4,1,1,3,Single,No,09-09-2012,396512
EMP11144,52,Female,Master's,Research & Development,Laboratory Technician,2,25000.0,Very High,22,2.0,1,1,No,Travel_Rarely,28.0,Very High,High,High,Medium,3,25,2,2,1,11,0,Single,No,19-12-2012,742429
EMP11145,57,Male,Bachelor's,Sales,Sales Representative,1,15394.0,Very High,35,18.0,5,3,Yes,Non-Travel,5.0,Very High,Low,Medium,High,3,17,1,2,0,8,1,Single,No,17-08-2012,503536
EMP11146,46,Male,Master's,IT,Data Analyst,1,14364.0,High,18,4.0,0,4,No,Travel_Frequently,23.0,Medium,High,High,Medium,3,25,3,3,4,9,17,Married,No,23-09-2014,228795
EMP11147,39,Male,Master's,IT,Software Engineer,2,11503.0,High,9,2.0,2,2,No,Travel_Rarely,13.0,High,Very High,Very High,Low,3,20,0,1,0,7,11,Single,Yes,20-09-2017,497324
EMP11148,31,Male,Bachelor's,Finance,Financial Analyst,2,17724.0,Very High,1,1.0,1,1,No,Travel_Rarely,5.0,Medium,Medium,Very High,High,3,14,2,2,4,0,8,Single,No,13-02-2020,671064
EMP11149,50,Female,Bachelor's,IT,Software Engineer,2,21222.0,Very High,24,3.0,2,3,No,Travel_Rarely,28.0,High,Very High,Medium,High,3,22,3,3,3,9,4,Married,No,06-10-2011,755803
EMP11150,46,Male,Master's,IT,Manager,1,24573.0,Very High,18,2.0,2,2,No,Travel_Rarely,26.0,Low,High,High,High,3,12,0,3,4,10,15,Single,No,27-01-2020,190249
EMP11151,51,Female,Master's,Finance,Finance Manager,3,25000.0,Very High,32,14.0,5,1,Yes,Travel_Rarely,15.0,Very High,Medium,Medium,Low,3,18,2,0,0,7,3,Single,No,31-08-2020,645984
EMP11152,29,Female,Master's,IT,IT Support,1,25000.0,Very High,7,7.0,1,1,No,Travel_Frequently,24.0,Very High,High,Very High,High,4,13,3,5,1,8,19,Married,No,17-09-2010,902131
EMP11153,22,Female,Master's,Finance,Finance Manager,1,20214.0,Very High,0,0.0,0,0,No,Travel_Rarely,21.0,Medium,High,Very High,High,3,21,1,2,0,3,2,Married,Yes,01-03-2013,331814
EMP11154,46,Male,High School,Finance,Finance Manager,2,20147.0,Very High,26,4.0,4,4,Yes,Travel_Rarely,5.0,Medium,Very High,Medium,Very High,4,17,0,4,3,6,17,Single,No,21-01-2019,485854
EMP11155,54,Male,Master's,Human Resources,HR Specialist,2,25000.0,Very High,25,8.0,4,3,Yes,Travel_Rarely,5.0,Low,Medium,High,Low,3,25,3,0,1,3,7,Single,Yes,09-07-2020,289919
EMP11156,50,Male,Bachelor's,IT,Data Analyst,1,25000.0,Very High,27,1.0,0,0,Yes,Travel_Rarely,4.0,High,Low,Very High,High,3,18,1,1,0,2,1,Single,No,04-10-2015,902329
EMP11157,34,Male,Bachelor's,Sales,Manager,2,23315.0,Very High,5,4.0,1,4,No,Travel_Rarely,27.0,Medium,Medium,High,Low,3,20,2,5,1,10,11,Married,No,08-05-2020,394124
EMP11158,35,Male,Bachelor's,IT,Software Engineer,3,17835.0,Very High,1,1.0,1,1,Yes,Travel_Rarely,28.0,Very High,Low,High,Medium,4,16,2,4,3,0,0,Married,No,11-01-2013,343316
EMP11159,32,Male,Master's,IT,Software Engineer,2,14090.0,High,3,2.0,2,2,No,Travel_Rarely,27.0,High,Medium,High,Medium,3,12,0,4,4,1,20,Married,Yes,not available,293061
EMP11160,54,Female,Bachelor's,Sales,Sales Representative,2,11495.0,High,25,8.0,2,3,No,Non-Travel,28.0,High,Medium,Very High,Medium,4,19,0,3,4,6,17,Married,No,16-10-2020,344021
EMP11161,30,Male,Master's,IT,Software Engineer,1,25000.0,Very High,0,0.0,0,0,No,Travel_Rarely,23.0,High,Medium,High,Very High,3,20,2,2,2,5,9,Divorced,No,14-03-2019,310476
EMP11162,40,Male,Master's,Sales,Manager,2,25000.0,Very High,24,0.0,0,0,No,Travel_Rarely,16.0,Low,High,Very High,Very High,3,15,1,3,1,7,20,Divorced,No,04-11-2013,313479
EMP11163,30,Male,Master's,Research & Development,Research Director,4,25000.0,Very High,3,3.0,3,0,No,Travel_Rarely,18.0,Very High,Low,High,Medium,3,16,2,3,3,10,7,Single,No,09-04-2019,198671
EMP11164,49,Female,Master's,Finance,Financial Analyst,2,20787.0,Very High,31,1.0,1,1,No,Travel_Rarely,10.0,High,High,Medium,High,3,21,3,2,0,2,3,Single,No,02-04-2011,832857
EMP11165,54,Female,Bachelor's,Sales,Sales Representative,3,25000.0,Very High,32,5.0,1,1,No,Travel_Frequently,29.0,Very High,Medium,High,Medium,3,16,3,2,0,5,17,Married,No,29-04-2013,756552
EMP11166,41,Male,Master's,IT,Data Analyst,2,17715.0,Very High,14,0.0,0,0,No,Travel_Rarely,20.0,High,Low,Medium,High,3,23,1,6,2,11,2,Single,No,14-03-2016,644940
EMP11167,57,Female,Master's,IT,Manager,3,25000.0,Very High,27,15.0,3,3,No,Travel_Frequently,27.0,High,High,Medium,Medium,3,17,3,2,0,5,2,Married,No,02-09-2010,484417
EMP11168,50,Female,Master's,Research & Development,Manager,4,21646.0,Very High,29,2.0,1,2,No,Travel_Frequently,3.0,Low,Low,High,Medium,3,19,3,3,3,11,11,Single,No,06-05-2023,820587
EMP11169,33,Female,Master's,Sales,Sales Executive,3,16751.0,Very High,12,1.0,1,1,Yes,Travel_Frequently,10.0,High,Medium,Very High,Medium,3,14,0,5,3,1,18,Married,No,01-07-2018,746457
EMP11170,43,Male,Bachelor's,Sales,Sales Representative,4,25000.0,Very High,17,1.0,1,1,No,Travel_Rarely,13.0,High,Low,Very High,High,3,14,3,6,4,0,16,Married,No,05-12-2021,953582
EMP11171,51,Female,Bachelor's,Human Resources,HR Executive,2,25000.0,Very High,25,15.0,2,7,No,Travel_Rarely,24.0,High,Very High,Medium,Low,3,22,1,2,1,1,16,Married,No,23-08-2021,760691
EMP11172,55,Male,,Marketing,Marketing Specialist,4,25000.0,Very High,28,6.0,4,1,No,Travel_Rarely,23.0,High,High,High,High,3,25,2,2,1,8,3,Married,No,12-10-2018,984973
EMP11173,51,Female,Master's,Human Resources,HR Specialist,2,22847.0,Very High,23,7.0,2,3,No,Travel_Frequently,3.0,Medium,Low,Very High,Medium,3,25,1,4,0,5,6,Married,No,29-11-2014,558621
EMP11174,34,Male,Bachelor's,Sales,Manager,3,21654.0,Very High,10,3.0,0,0,No,Travel_Rarely,4.0,Very High,High,Very High,Very High,3,11,0,3,1,2,6,Married,No,29-09-2024,414969
EMP11175,54,Female,Master's,Human Resources,Manager,1,25000.0,Very High,25,3.0,2,0,Yes,Travel_Rarely,13.0,Very High,Medium,Very High,Medium,3,21,1,2,2,9,6,Married,Yes,30-01-2011,643632
EMP11176,22,Female,Bachelor's,Research & Development,Research Scientist,2,25000.0,Very High,2,1.0,1,1,No,Travel_Rarely,14.0,Low,Medium,High,Low,3,20,2,3,1,6,7,Married,Yes,22-07-2018,324969
EMP11177,35,Male,Master's,IT,Software Engineer,3,25000.0,Very High,7,,4,2,No,Travel_Rarely,4.0,Very High,Medium,High,High,3,11,2,1,0,0,18,Married,No,25-01-2022,674780
EMP11178,24,Female,Master's,Sales,Sales Representative,1,23163.0,Very High,5,1.0,1,1,No,Travel_Frequently,12.0,Medium,High,Very High,Very High,4,24,1,0,1,7,20,Married,No,02-12-2018,401687
EMP11179,40,Male,Bachelor's,IT,Data Analyst,2,25000.0,Very High,15,15.0,1,2,No,Travel_Rarely,16.0,High,Low,Low,High,4,13,2,4,3,9,8,Married,No,28-10-2022,258096
EMP11180,29,Male,Master's,Research & Development,Laboratory Technician,3,25000.0,Very High,3,3.0,3,0,No,Travel_Rarely,10.0,Medium,High,Medium,High,4,16,0,6,3,6,8,Single,No,21-08-2012,802666
EMP11181,38,Male,Master's,Marketing,Marketing Specialist,1,22288.0,Very High,6,3.0,0,3,No,Travel_Rarely,23.0,Very High,Very High,Very High,Medium,3,25,1,4,4,2,13,Single,No,27-08-2011,596131
EMP11182,44,Female,Bachelor's,Research & Development,Laboratory Technician,2,19214.0,Very High,24,1.0,1,0,No,Travel_Rarely,24.0,Low,Medium,Medium,Low,3,17,3,6,4,3,20,Single,No,03-01-2012,961016
EMP11183,23,Male,Bachelor's,Human Resources,HR Specialist,2,21239.0,Very High,0,0.0,0,0,No,Travel_Rarely,20.0,Medium,Very High,Medium,Very High,3,12,1,3,4,10,17,Single,No,24-12-2025,890243
EMP11184,48,Male,High School,Marketing,Marketing Specialist,2,5289.0,Medium,23,1.0,1,1,No,Travel_Frequently,24.0,Medium,Very High,Medium,High,3,10,3,2,4,6,8,Married,No,21-02-2025,810836
EMP11185,38,Female,Master's,Sales,Sales Representative,1,24216.0,Very High,9,1.0,1,1,Yes,Travel_Rarely,17.0,Medium,High,Medium,High,3,13,3,6,1,3,4,Single,Yes,18-03-2021,477566
EMP11186,21,Female,Bachelor's,Marketing,Marketing Executive,1,17680.0,Very High,0,0.0,0,0,No,Travel_Rarely,29.0,High,High,Medium,High,3,15,1,3,0,4,7,Single,No,28-01-2025,647358
EMP11187,29,Female,Bachelor's,Finance,Accountant,1,25000.0,Very High,4,4.0,3,2,No,Travel_Rarely,25.0,Low,High,Low,High,3,15,2,5,1,11,3,Married,No,21-08-2024,520168
EMP11188,44,Male,Bachelor's,Sales,Manager,1,22219.0,Very High,19,8.0,0,4,Yes,Non-Travel,7.0,High,Very High,Medium,High,4,18,3,0,0,0,19,Married,No,27-07-2019,377039
EMP11189,39,Male,Bachelor's,Research & Development,Laboratory Technician,1,12900.0,High,10,2.0,2,2,Yes,Non-Travel,4.0,Very High,High,Very High,High,4,24,3,4,0,4,13,Married,No,07-04-2014,885591
EMP11190,38,Male,Master's,Finance,Finance Manager,3,21538.0,Very High,18,0.0,0,0,No,Travel_Frequently,24.0,High,Medium,Low,Medium,3,22,1,4,0,9,16,Single,Yes,25-12-2018,602720
EMP11191,42,Female,Master's,Sales,Sales Representative,2,13756.0,High,17,3.0,2,2,No,Travel_Rarely,12.0,Very High,High,Medium,Medium,3,16,3,0,0,9,20,Married,No,08-02-2014,421666
EMP11192,43,Male,Bachelor's,Human Resources,Manager,3,25000.0,Very High,18,7.0,0,7,No,Travel_Frequently,10.0,Medium,Very High,High,High,3,22,1,3,3,11,15,Married,No,08-01-2014,708003
EMP11193,30,Male,Master's,SALES,Research Director,1,25000.0,Very High,10,1.0,1,1,No,Travel_Frequently,2.0,Medium,Medium,High,Very High,3,21,3,4,0,3,8,Married,No,31-03-2015,429640
EMP11194,53,Female,Master's,Human Resources,HR Specialist,2,,Very High,20,1.0,1,1,No,Travel_Rarely,14.0,High,High,Medium,High,3,23,3,2,1,2,4,Divorced,No,20-04-2019,461109
EMP11195,47,Male,Bachelor's,Sales,Manager,1,15431.0,Very High,21,15.0,2,1,Yes,Travel_Rarely,8.0,Low,High,Medium,High,4,18,1,3,0,11,4,Married,No,02-10-2011,243730
EMP11196,24,Male,High School,IT,IT Support,3,22366.0,Very High,0,0.0,0,0,No,Non-Travel,10.0,Very High,Low,Low,Very High,3,19,1,2,3,8,5,Single,No,27-09-2013,313447
EMP11197,24,Male,Master's,Marketing,Marketing Specialist,3,11917.0,High,1,1.0,1,1,Yes,Travel_Rarely,6.0,Low,Medium,Very High,High,3,20,0,6,1,0,5,Single,No,30-09-2010,820920
EMP11198,40,Male,Master's,Marketing,Marketing Specialist,3,25000.0,Very High,12,8.0,0,3,Yes,Travel_Rarely,23.0,Very High,Medium,High,Medium,4,14,2,5,2,9,7,Married,No,30-04-2020,166553
EMP11199,31,Male,Master's,Finance,Financial Analyst,1,25000.0,Very High,0,0.0,0,0,Yes,Travel_Rarely,23.0,Low,High,Medium,Low,3,14,0,5,1,4,15,Single,Yes,11-10-2016,666659
EMP11200,23,Male,High School,Sales,Manager,3,25000.0,Very High,0,0.0,0,0,No,Travel_Rarely,2.0,High,High,Very High,Very High,3,14,1,5,3,9,13,Married,No,19-03-2012,963212
EMP11201,39,Female,Master's,IT,Data Analyst,2,22043.0,Very High,13,2.0,2,1,No,Travel_Rarely,14.0,Low,Low,Low,High,3,14,3,1,3,1,0,Married,No,16-06-2020,174036
EMP11202,57,Male,Bachelor's,Sales,Manager,3,25000.0,Very High,38,2.0,2,1,No,Travel_Rarely,11.0,Low,Low,Medium,High,4,23,2,0,4,4,15,Married,No,08-11-2021,798546
EMP11203,44,Male,Master's,Sales,Sales Representative,2,25000.0,Very High,19,16.0,4,2,No,Travel_Frequently,2.0,High,Medium,High,High,3,13,1,5,2,4,14,Married,No,29-12-2017,708461
EMP11204,33,Female,PhD,Research & Development,Research Scientist,2,19374.0,Very High,5,5.0,4,0,No,Travel_Frequently,4.0,Medium,High,High,High,3,15,0,4,0,9,4,Single,No,21-04-2013,984740
EMP11205,30,Female,PhD,Research & Development,Laboratory Technician,1,23444.0,Very High,3,3.0,3,2,NO,Travel_Frequently,6.0,High,Low,High,Medium,4,21,3,0,3,10,8,Single,Yes,18-06-2021,938961
EMP11206,51,Female,Master's,IT,IT Support,2,13511.0,High,26,1.0,1,1,No,Travel_Rarely,4.0,High,Medium,Medium,Very High,3,10,3,0,4,0,2,Single,No,06-02-2013,620369
EMP11207,30,Female,High School,Finance,Finance Manager,1,14902.0,High,2,2.0,1,1,No,Travel_Rarely,22.0,Low,Very High,High,Low,3,25,1,2,4,3,6,Married,No,22-01-2012,272346
EMP11208,37,Female,Master's,Research & Development,Manager,1,23018.0,Very High,6,6.0,5,0,Yes,Travel_Rarely,5.0,Very High,High,Medium,Very High,4,11,3,6,0,6,6,Single,No,20-05-2011,919036
EMP11209,46,Male,High School,Sales,Sales Executive,1,25000.0,Very High,23,1.0,1,1,No,Travel_Rarely,6.0,Medium,High,Medium,Medium,3,18,0,4,1,0,15,Single,No,12-04-2025,133684
EMP11210,37,Female,Master's,Marketing,Marketing Specialist,4,19627.0,Very High,14,10.0,2,3,No,Travel_Rarely,9.0,High,High,High,Low,3,15,3,1,2,11,2,Married,No,28-06-2010,971246
EMP11211,42,Male,Bachelor's,Research & Development,Manager,1,19808.0,Very High,12,2.0,1,1,No,Travel_Frequently,22.0,High,Medium,Very High,Low,3,15,0,0,0,9,14,Single,Yes,29-04-2025,183606
EMP11212,30,Male,Master's,Research & Development,Laboratory Technician,3,18341.0,Very High,0,0.0,0,0,No,Travel_Rarely,22.0,High,Medium,Medium,Very High,3,19,3,2,0,1,6,Divorced,No,18-03-2012,609520
EMP11213,40,Male,High School,Sales,Sales Executive,4,17316.0,Very High,15,5.0,2,3,No,Travel_Rarely,16.0,Medium,High,High,Low,3,13,2,5,1,3,2,Married,No,15-11-2015,278306
EMP11214,24,Male,Master's,IT,IT Support,4,25000.0,Very High,0,0.0,0,0,No,Travel_Rarely,11.0,Medium,High,High,Medium,3,14,1,2,1,9,15,Divorced,No,28-07-2010,260992
EMP11215,42,Male,Bachelor's,Finance,Finance Manager,4,11229.0,High,13,0.0,0,0,Yes,Travel_Rarely,11.0,High,Medium,Very High,Medium,3,18,1,5,3,1,5,Married,No,03-11-2020,415383
EMP11216,60,Male,Bachelor's,Sales,Manager,4,25000.0,Very High,37,2.0,1,1,No,Non-Travel,24.0,Medium,High,Medium,Low,4,11,3,6,1,1,7,Single,Yes,07-03-2025,659409
EMP11217,44,Male,Master's,Sales,Sales Executive,1,16327.0,Very High,15,15.0,9,5,Yes,Non-Travel,21.0,Medium,Medium,High,High,3,12,1,4,1,0,15,Single,No,13-02-2010,452565
EMP11218,60,Female,Master's,Finance,Accountant,1,25000.0,Very High,29,6.0,1,2,No,Travel_Rarely,21.0,High,Low,High,Very High,4,19,2,3,2,1,5,Married,No,04-04-2023,287482
EMP11219,29,Female,High School,Finance,Finance Manager,2,12438.0,High,3,3.0,3,2,Yes,Travel_Rarely,10.0,High,Very High,Medium,Very High,4,25,0,3,2,2,15,Single,No,03-09-2025,800303
EMP11220,41,Female,Bachelor's,Sales,Sales Executive,2,25000.0,Very High,19,1.0,1,1,No,Travel_Rarely,29.0,Low,Medium,High,Medium,3,17,2,6,2,3,1,Single,No,24-12-2015,817061
EMP11221,38,Female,High School,Marketing,Marketing Executive,1,25000.0,Very High,16,0.0,0,0,Yes,Travel_Frequently,27.0,Medium,Very High,High,Very High,3,18,2,1,0,0,0,Married,Yes,16-06-2017,238024
EMP11222,20,Male,Master's,Sales,Sales Representative,2,25000.0,Very High,0,0.0,0,0,No,Travel_Rarely,1.0,Medium,Very High,Very High,High,3,24,0,6,2,0,18,Married,No,30-05-2015,489557
EMP11223,26,Female,PhD,Research & Development,Research Director,2,14080.0,High,3,1.0,1,1,No,Travel_Rarely,22.0,Low,Medium,High,Medium,3,21,1,5,2,6,13,Divorced,No,25-11-2020,104617
EMP11224,23,Male,Master's,Marketing,Marketing Specialist,3,24644.0,Very High,0,0.0,0,0,Yes,Travel_Rarely,17.0,Medium,Very High,Medium,High,3,14,0,2,4,4,18,Single,No,01-07-2025,529173
EMP11225,20,Male,Bachelor's,Research & Development,Manager,2,12934.0,High,0,0.0,0,0,No,Travel_Rarely,27.0,Low,Very High,Medium,Medium,3,12,0,3,2,6,3,Single,Yes,18-11-2020,605274
EMP11226,34,Male,Bachelor's,Human Resources,HR Executive,2,19658.0,Very High,2,2.0,2,2,Yes,Travel_Rarely,8.0,Very High,Very High,High,Very High,3,24,0,6,0,9,1,Married,No,26-07-2012,337136
EMP11227,59,Male,PhD,Research & Development,Research Scientist,2,25000.0,Very High,38,2.0,2,1,Yes,Travel_Rarely,26.0,High,High,High,High,3,10,1,0,4,8,1,Single,Yes,02-02-2017,295942
EMP11228,31,Male,Bachelor's,Sales,Sales Representative,2,25000.0,Very High,9,9.0,6,0,Yes,Travel_Rarely,16.0,Low,Very High,Medium,Medium,3,21,0,1,0,0,11,Married,Yes,25-10-2021,179021
EMP11229,41,Male,Bachelor's,Marketing,Marketing Specialist,4,22177.0,Very High,20,1.0,1,0,,Travel_Rarely,25.0,Low,High,Medium,High,3,11,2,5,0,7,10,Divorced,Yes,06-04-2018,549997
EMP11230,41,Male,Bachelor's,Research & Development,Laboratory Technician,1,14205.0,High,18,3.0,1,3,No,Non-Travel,6.0,High,Very High,Very High,High,3,13,0,0,4,9,20,Married,No,03-10-2012,470059
EMP11231,36,Male,Master's,IT,IT Support,2,25000.0,Very High,9,0.0,0,0,Yes,Travel_Rarely,14.0,Medium,High,Low,High,3,13,0,3,4,3,17,Married,No,19-02-2017,436101
EMP11232,48,Male,Master's,Sales,Manager,2,22219.0,Very High,22,3.0,0,3,Yes,Travel_Rarely,25.0,High,Very High,Medium,Medium,3,25,3,2,4,8,18,Married,No,03-04-2020,892732
EMP11233,33,Female,Bachelor's,Sales,Manager,2,7753.0,Medium,10,0.0,0,0,No,Non-Travel,2.0,Very High,High,High,High,3,14,3,3,4,1,16,Divorced,No,27-03-2015,985069
EMP11234,39,Male,,Sales,Manager,1,25000.0,Very High,14,14.0,2,2,No,Travel_Frequently,9.0,High,High,High,High,3,18,2,1,0,8,3,Married,No,28-03-2025,164199
EMP11235,52,Male,Bachelor's,Finance,Accountant,1,21788.0,Very High,33,8.0,0,0,No,Travel_Rarely,4.0,Medium,Very High,High,High,3,23,1,5,4,7,11,Single,No,30-05-2024,682960
EMP11236,34,Female,Bachelor's,Research & Development,Manager,1,25000.0,Very High,9,3.0,3,3,No,Travel_Rarely,19.0,High,Medium,Medium,Very High,3,25,3,1,1,5,2,Married,No,08-09-2017,704903
EMP11237,31,Female,Bachelor's,IT,Software Engineer,1,13455.0,High,7,0.0,0,0,No,Travel_Rarely,,Very High,Low,Very High,Low,3,21,2,0,2,4,15,Married,No,17-04-2021,696944
EMP11238,59,Male,Bachelor's,Research & Development,Research Scientist,3,5274.0,Medium,29,4.0,4,3,No,Travel_Rarely,1.0,High,Low,Low,High,3,11,3,0,2,2,3,Single,No,01-02-2012,960458
EMP11239,39,Female,Bachelor's,Marketing,Manager,2,24974.0,Very High,16,7.0,5,3,No,Non-Travel,24.0,High,Very High,High,High,3,24,3,1,1,0,5,Single,No,18-07-2021,455942
EMP11240,49,Male,Master's,Sales,Sales Representative,1,25000.0,Very High,26,1.0,1,1,No,Travel_Rarely,2.0,Medium,Very High,High,Low,3,24,1,6,0,5,0,Single,No,15-01-2010,484518
EMP11241,57,Male,High School,IT,Software Engineer,2,10293.0,High,30,4.0,3,1,No,Travel_Rarely,17.0,Medium,High,Medium,Very High,3,11,1,6,0,9,4,Divorced,No,17-03-2016,476459
EMP11242,22,Male,High School,IT,Manager,1,14181.0,High,0,0.0,0,0,No,Travel_Rarely,2.0,High,Very High,High,Medium,3,25,3,0,2,4,9,Single,No,20-01-2022,839340
EMP11243,47,Female,Bachelor's,IT,IT Support,4,25000.0,Very High,16,7.0,7,2,No,Travel_Rarely,3.0,Very High,Medium,Medium,Very High,3,14,3,6,3,7,13,Married,No,21-06-2023,506204
EMP11244,45,Male,Bachelor's,IT,Data Analyst,2,19196.0,Very High,17,8.0,6,0,No,Travel_Rarely,4.0,High,Low,High,High,3,21,1,4,1,0,4,Single,No,04-07-2022,870430
EMP11245,49,Female,Bachelor's,IT,Manager,5,25000.0,Very High,25,11.0,4,0,No,Travel_Rarely,13.0,High,High,High,High,3,11,1,5,1,9,9,Single,No,02-09-2014,587598
EMP11246,32,Male,Bachelor's,Human Resources,HR Executive,1,16436.0,Very High,11,11.0,8,2,No,Travel_Rarely,27.0,Low,Medium,High,Very High,3,23,2,1,2,0,8,Married,No,27-06-2017,569394
EMP11247,32,Female,Master's,Sales,Sales Executive,3,8599.0,High,5,3.0,2,3,Yes,Travel_Rarely,25.0,Medium,Medium,Very High,Very High,3,19,3,5,4,6,12,Single,No,08-09-2020,981282
EMP11248,21,Male,PhD,Sales,Sales Executive,1,20402.0,Very High,0,0.0,0,0,No,Travel_Rarely,23.0,High,High,Medium,Very High,3,14,1,0,3,7,16,Married,No,18-02-2020,909834
EMP11249,56,Male,Master's,Marketing,Marketing Executive,1,19545.0,Very High,34,8.0,8,0,No,Travel_Rarely,12.0,Low,Medium,Very High,High,3,21,3,6,0,9,18,Married,No,24-07-2016,375111
EMP11250,57,Male,Bachelor's,Human Resources,Manager,1,18399.0,Very High,32,6.0,2,0,No,Travel_Rarely,21.0,High,High,Very High,Medium,3,14,2,5,0,11,19,Married,No,21-03-2021,206763
EMP11251,21,Female,PhD,IT,Software Engineer,2,20919.0,Very High,0,0.0,0,0,No,Travel_Rarely,5.0,Medium,Medium,Low,Very High,3,16,0,3,0,0,0,Married,No,21-11-2012,487742
EMP11252,55,Male,Bachelor's,Research & Development,Research Director,1,24808.0,Very High,29,0.0,0,0,Yes,Travel_Rarely,14.0,High,Very High,Very High,High,3,13,3,2,0,8,8,Married,No,15-08-2023,215362
EMP11253,45,Female,Bachelor's,Sales,Sales Executive,2,20588.0,Very High,26,2.0,2,2,Yes,Travel_Rarely,6.0,High,High,High,Medium,3,11,2,6,1,6,17,Married,No,,243699
EMP11254,30,Female,Bachelor's,Sales,Manager,3,12471.0,High,7,2.0,2,2,No,Travel_Frequently,1.0,Medium,High,Very High,Very High,3,17,0,4,1,6,4,Married,No,07-11-2025,941537
EMP11255,27,Male,Bachelor's,Finance,Accountant,1,25000.0,Very High,0,0.0,0,0,No,Travel_Rarely,16.0,Medium,Medium,Very High,High,4,23,3,4,4,7,13,Married,No,19-02-2019,281274
EMP11256,59,Female,Master's,Research & Development,Manager,1,9162.0,High,31,1.0,1,1,No,Non-Travel,6.0,High,Very High,Very High,High,3,10,2,2,1,7,18,Married,No,11-05-2016,611234
EMP11257,41,Female,Bachelor's,Sales,Sales Representative,3,8755.0,High,18,6.0,1,0,Yes,Travel_Frequently,13.0,Very High,Low,Medium,High,3,25,0,2,4,0,14,Married,No,08-10-2011,198095
EMP11258,39,Male,Bachelor's,Research & Development,Research Director,2,25000.0,Very High,8,0.0,0,0,No,Travel_Rarely,13.0,High,Medium,High,Very High,3,19,2,5,4,3,3,Single,No,29-07-2016,663092
EMP11259,27,Male,Bachelor's,Sales,Sales Representative,3,25000.0,Very High,3,3.0,3,3,No,Travel_Rarely,11.0,Low,Low,High,Medium,3,10,2,5,0,10,3,Single,No,04-06-2022,802322
EMP11260,48,Male,Master's,Human Resources,HR Executive,2,21465.0,Very High,24,6.0,0,0,No,Travel_Rarely,16.0,Low,Very High,Medium,Low,3,21,2,3,0,8,17,Married,No,17-09-2017,995539
EMP11261,59,Male,Master's,Sales,Sales Representative,2,11755.0,High,29,1.0,0,1,No,Non-Travel,22.0,Medium,Very High,Medium,High,3,21,2,5,1,2,17,Single,No,01-07-2019,847654
EMP11262,45,Male,Bachelor's,IT,Data Analyst,1,16018.0,Very High,13,1.0,0,1,No,Travel_Rarely,14.0,,Very High,High,Very High,3,20,0,2,1,5,7,Single,No,22-09-2017,226258
EMP11263,49,Male,Master's,Research & Development,Laboratory Technician,4,19570.0,Very High,21,5.0,5,0,No,Travel_Rarely,11.0,High,High,High,High,3,21,1,4,4,3,1,Single,No,03-09-2011,978048
EMP11264,36,Female,Master's,Research & Development,Research Scientist,4,10741.0,High,15,7.0,3,7,No,Travel_Rarely,5.0,High,Low,Very High,High,3,16,2,3,2,0,15,Married,No,26-03-2013,139724
EMP11265,39,Male,Bachelor's,Sales,Sales Representative,5,15795.0,Very High,17,10.0,9,2,Yes,Travel_Frequently,,,Very High,Very High,Low,4,13,0,2,0,2,13,Married,No,29-09-2021,456141
EMP11266,35,Female,Master's,Sales,Manager,2,25000.0,Very High,10,10.0,3,7,No,Travel_Rarely,25.0,Medium,Medium,Medium,High,3,12,2,3,3,2,0,Married,No,12-08-2018,922048
EMP11267,26,Male,Bachelor's,Research & Development,Research Director,3,25000.0,Very High,0,0.0,0,0,No,Travel_Rarely,26.0,Medium,Medium,High,Low,3,10,3,3,2,2,16,Married,No,18-05-2022,443843
EMP11268,35,Male,High School,Research & Development,Manager,2,18238.0,Very High,14,4.0,4,1,No,Travel_Rarely,10.0,Very High,Medium,High,High,3,21,3,5,0,10,9,Married,No,05-01-2015,821936
EMP11269,46,Female,Master's,Human Resources,HR Executive,2,25000.0,Very High,16,12.0,1,1,No,Travel_Rarely,21.0,High,Medium,Medium,High,4,22,1,5,0,5,15,Single,No,04-04-2012,951333
EMP11270,42,Female,Bachelor's,Sales,Sales Executive,3,9308.0,High,16,8.0,1,0,No,Travel_Rarely,25.0,High,High,Medium,Very High,3,17,0,0,1,8,2,Married,No,16-12-2022,734772
EMP11271,43,Male,Bachelor's,Finance,Finance Manager,1,25000.0,Very High,21,11.0,2,4,No,Travel_Rarely,26.0,Medium,Medium,Medium,Medium,3,17,3,2,3,6,18,Single,No,28-03-2020,489925
EMP11272,28,Male,Master's,IT,Software Engineer,1,15340.0,Very High,2,0.0,0,0,No,Travel_Frequently,15.0,High,Medium,Very High,Low,3,21,0,5,3,6,10,Married,No,03-02-2017,174812
EMP11273,54,Male,High School,IT,Data Analyst,1,25000.0,Very High,28,17.0,1,8,No,Travel_Frequently,7.0,Medium,High,Very High,Medium,3,13,3,0,0,0,14,Married,No,13-01-2010,308185
EMP11274,39,Female,Bachelor's,Sales,Sales Representative,3,19703.0,Very High,16,3.0,0,1,No,Travel_Frequently,3.0,Medium,Medium,Very High,Medium,3,25,0,5,4,8,17,Single,No,20-07-2018,578191
EMP11275,56,Male,Bachelor's,Research & Development,Manager,2,25000.0,Very High,27,8.0,1,3,Yes,Travel_Rarely,11.0,High,Low,High,Medium,4,25,2,4,3,3,19,Single,No,17-10-2022,767211
EMP11276,36,Female,High School,Sales,Sales Representative,2,14861.0,High,7,1.0,1,1,No,Travel_Frequently,9.0,High,Very High,Medium,High,3,11,2,6,2,7,18,Married,No,27-09-2022,552363
EMP11277,50,Male,Bachelor's,Sales,Sales Representative,5,25000.0,Very High,28,3.0,3,3,No,Travel_Rarely,10.0,Medium,Medium,Very High,Medium,3,13,3,3,4,11,6,Single,No,17-09-2011,184669
EMP11278,27,Male,PhD,Marketing,Marketing Specialist,2,19423.0,Very High,0,0.0,0,0,Yes,Travel_Rarely,23.0,Low,High,Medium,Very High,3,16,1,4,1,0,5,Married,No,21-07-2015,326799
EMP11279,34,Male,Bachelor's,Sales,Sales Executive,1,20512.0,Very High,6,2.0,1,2,Yes,Non-Travel,4.0,Medium,High,High,Medium,3,13,3,3,0,7,8,Single,No,05-10-2022,887461
EMP11280,50,Male,Master's,Research & Development,Laboratory Technician,2,,Very High,30,1.0,0,1,No,Travel_Frequently,30.0,Medium,Low,Medium,Very High,3,22,3,2,0,8,12,Married,No,03-06-2022,471916
EMP11281,49,Male,Bachelor's,Human Resources,HR Specialist,3,15055.0,Very High,24,8.0,2,0,No,Travel_Rarely,28.0,High,High,Very High,Low,3,20,1,6,2,4,7,Single,No,29-07-2013,486297
EMP11282,39,Male,Master's,Finance,Finance Manager,1,21887.0,Very High,17,0.0,0,0,No,Travel_Frequently,25.0,Very High,Medium,Low,Very High,3,20,2,1,2,6,17,Married,Yes,24-05-2010,464975
EMP11283,58,Male,PhD,Research & Development,Research Director,2,21414.0,Very High,29,2.0,2,1,Yes,Non-Travel,22.0,Low,Medium,Medium,High,4,12,2,2,1,10,2,Divorced,Yes,28-09-2017,729079
EMP11284,31,Female,Bachelor's,Sales,Manager,1,24552.0,Very High,2,1.0,1,1, yes,Travel_Rarely,25.0,Medium,Low,High,High,3,19,3,3,1,9,0,Married,No,26-06-2020,874761
EMP11285,36,Male,Master's,Research & Development,Research Scientist,2,22880.0,Very High,11,4.0,1,1,No,Travel_Rarely,20.0,Medium,Low,Medium,High,3,21,0,1,3,1,17,Single,No,29-09-2010,724032
EMP11286,49,Female,PhD,Research & Development,Manager,1,25000.0,Very High,27,1.0,0,1,Yes,Travel_Frequently,26.0,High,High,Very High,Very High,3,10,3,1,4,0,3,Married,Yes,20-03-2025,243892
EMP11287,48,Male,Master's,Sales,Manager,1,25000.0,Very High,28,1.0,1,0,Yes,Travel_Rarely,18.0,Medium,Low,Medium,High,3,18,2,2,0,11,17,Married,No,19-12-2024,143007
EMP11288,38,Male,Bachelor's,Research & Development,Research Director,2,13728.0,High,21,3.0,3,0,Yes,Travel_Rarely,29.0,High,Medium,Very High,Medium,3,14,0,4,3,10,15,Single,No,21-07-2018,862342
EMP11289,30,Female,Master's,Sales,Sales Executive,4,25000.0,Very High,0,0.0,0,0,Yes,Travel_Frequently,14.0,Medium,Very High,High,High,4,11,1,2,1,5,17,Single,No,04-08-2015,157239
EMP11290,53,Female,Master's,Sales,Sales Executive,3,12915.0,High,27,1.0,0,1,Yes,Travel_Rarely,9.0,High,Low,High,Very High,3,15,2,3,2,8,2,Married,No,27-03-2017,546518
EMP11291,26,Male,Bachelor's,Research & Development,Manager,4,25000.0,Very High,1,1.0,0,1,No,Travel_Rarely,26.0,Very High,Medium,Very High,Very High,3,11,1,6,3,11,13,Divorced,No,06-04-2025,143184
EMP11292,53,Female,Bachelor's,Sales,Sales Representative,2,25000.0,Very High,27,1.0,1,1,Yes,Travel_Rarely,28.0,Very High,High,High,High,3,21,2,4,2,0,9,Single,No,10-03-2014,757131
EMP11293,39,Female,Bachelor's,Research & Development,Laboratory Technician,1,9320.0,High,10,10.0,1,10,No,Travel_Rarely,30.0,Very High,Very High,Medium,Medium,3,15,2,3,4,9,4,Single,No,20-03-2017,795155
EMP11294,57,Female,Bachelor's,Finance,Financial Analyst,1,22968.0,Very High,27,3.0,3,1,No,Non-Travel,20.0,High,Low,Medium,High,3,18,0,5,2,0,7,Divorced,No,10-08-2016,434291
EMP11295,43,Male,Master's,IT,IT Support,4,17840.0,Very High,21,5.0,3,0,No,Travel_Rarely,16.0,Very High,Medium,Medium,Very High,3,11,2,5,0,3,17,Single,No,26-10-2011,749710
EMP11296,29,Female,Bachelor's,Sales,Sales Representative,2,15655.0,Very High,2,1.0,1,1,No,Travel_Rarely,27.0,Medium,Medium,High,High,3,22,3,6,4,9,4,Married,No,30-04-2024,832680
EMP11297,51,Female,Bachelor's,Sales,Sales Representative,5,25000.0,Very High,26,3.0,2,3,No,Non-Travel,2.0,Medium,Medium,Medium,Medium,3,24,1,4,2,5,11,Single,No,29-03-2011,781822
EMP11298,34,Female,Master's,Sales,Sales Executive,1,16413.0,Very High,13,0.0,0,0,No,Non-Travel,23.0,Low,Medium,Medium,High,3,10,2,0,3,8,3,Divorced,Yes,18-12-2016,797307
EMP11299,56,Female,Bachelor's,Human Resources,Manager,1,15323.0,Very High,22,0.0,0,0,No,Travel_Rarely,7.0,High,Medium,Medium,Medium,3,16,3,4,0,1,11,Married,No,09-11-2022,908053
EMP11300,39,Female,Bachelor's,Finance,Accountant,2,22790.0,Very High,21,3.0,3,0,No,Non-Travel,5.0,Very High,Medium,High,Very High,3,17,1,0,0,4,12,Single,No,24-09-2021,499141
EMP11301,22,Male,Bachelor's,Sales,Sales Executive,1,25000.0,Very High,0,0.0,0,0,No,Travel_Rarely,21.0,Medium,Low,Medium,Very High,3,11,3,3,1,6,13,Single,No,11-12-2019,234532
EMP11302,56,Male,Bachelor's,Marketing,Marketing Executive,1,20666.0,Very High,34,1.0,1,0,No,Travel_Rarely,24.0,High,Medium,Very High,Low,3,13,2,2,1,11,13,Single,No,03-08-2025,582916
EMP11303,59,Male,Bachelor's,Sales,Sales Representative,2,25000.0,Very High,33,6.0,5,6,Yes,Travel_Rarely,22.0,High,High,Medium,Very High,3,17,3,3,3,3,18,Married,No,15-11-2020,722504
EMP11304,27,Male,High School,Research & Development,Research Scientist,2,25000.0,Very High,5,5.0,0,1,No,Travel_Rarely,17.0,Very High,Medium,High,Very High,3,21,1,2,1,5,9,Single,No,16-05-2013,941121
EMP11305,59,Male,Bachelor's,Finance,Financial Analyst,1,8265.0,High,36,3.0,2,3,No,Travel_Rarely,11.0,High,Medium,Very High,Medium,3,24,1,5,2,5,8,Single,No,16-07-2022,391017
EMP11306,42,Female,Master's,IT,Manager,1,17357.0,Very High,12,5.0,1,2,No,Travel_Rarely,30.0,Very High,Medium,Medium,High,3,23,1,0,1,3,17,Single,No,07-08-2018,924159
EMP11307,59,Male,Master's,Finance,Financial Analyst,3,17106.0,Very High,33,16.0,4,2,Yes,Travel_Rarely,28.0,Medium,Low,High,Low,4,13,2,2,0,3,16,Single,No,18-02-2017,884228
EMP11308,30,Female,Bachelor's,IT,Software Engineer,2,25000.0,Very High,4,4.0,0,1,No,Travel_Rarely,4.0,Medium,High,High,Low,3,21,0,3,3,8,4,Married,No,11-12-2016,455262
EMP11309,27,Female,Master's,Research & Development,Manager,2,6760.0,Medium,5,3.0,3,3,No,Travel_Rarely,17.0,High,Very High,Very High,High,3,18,3,3,2,10,1,Divorced,No,06-02-2024,289584
EMP11310,48,Male,Master's,IT,IT Support,2,25000.0,Very High,23,7.0,0,0,Yes,Travel_Rarely,21.0,Medium,Medium,High,Low,3,10,1,3,0,0,9,Single,Yes,26-11-2025,765635
EMP11311,49,Female,Bachelor's,Sales,Sales Representative,4,25000.0,Very High,26,1.0,0,1,No,Travel_Rarely,5.0,Low,Medium,Medium,Very High,4,19,1,6,0,4,0,Married,Yes,08-08-2019,220204
EMP11312,29,Male,PhD,IT,Software Engineer,2,23553.0,Very High,5,4.0,4,0,No,Travel_Rarely,4.0,High,High,Very High,Very High,3,22,0,4,4,10,7,Single,No,26-11-2019,449413
EMP11313,58,Female,Master's,Research & Development,Research Scientist,4,25000.0,Very High,32,2.0,2,0,No,Travel_Rarely,25.0,High,Low,High,Low,4,16,1,3,1,8,7,Divorced,No,24-01-2015,822130
EMP11314,47,Female,Bachelor's,IT,Data Analyst,2,25000.0,Very High,13,1.0,1,1,No,Travel_Rarely,24.0,High,Very High,Low,Low,3,12,1,4,2,8,5,Married,No,16-03-2022,735349
EMP11315,55,Male,Bachelor's,Research & Development,Manager,1,25000.0,Very High,25,3.0,2,3,No,Travel_Rarely,30.0,Medium,Low,Very High,Medium,3,20,2,1,3,8,20,Married,No,05-11-2014,568751
EMP11316,32,Male,Bachelor's,Human Resources,Manager,2,25000.0,Very High,10,1.0,1,1,NO,Travel_Rarely,10.0,High,High,Very High,Very High,3,21,0,0,3,1,4,Single,No,06-09-2010,754341
EMP11317,51,Male,Bachelor's,Research & Development,Research Scientist,2,23361.0,Very High,30,6.0,4,2,No,Travel_Frequently,30.0,Medium,Medium,Medium,High,3,19,1,1,3,6,20,Married,No,28-02-2023,518250
EMP11318,55,Female,Master's,Finance,Accountant,2,20667.0,Very High,25,3.0,1,0,NO,Non-Travel,3.0,Low,Medium,Low,High,4,20,2,1,4,9,17,Single,No,13-02-2024,569150
EMP11319,56,Female,PhD,Sales,Manager,2,17781.0,Very High,22,4.0,0,0,No,Travel_Frequently,21.0,High,Low,High,High,3,20,2,4,2,7,6,Single,Yes,11-11-2023,752433
EMP11320,45,Male,High School,Sales,Sales Representative,1,15188.0,Very High,17,1.0,1,1,No,Travel_Rarely,6.0,Low,High,Very High,Medium,3,12,2,4,0,0,3,Married,No,31-08-2018,466943
EMP11321,41,Female,Master's,Sales,Sales Representative,2,16169.0,Very High,21,1.0,1,1,No,Travel_Rarely,21.0,Low,High,Medium,Medium,3,20,2,6,4,1,0,Single,No,26-09-2017,122184
EMP11322,23,Male,Bachelor's,Sales,Sales Representative,3,11995.0,High,0,0.0,0,0,Yes,Travel_Rarely,8.0,High,Very High,High,Medium,4,16,0,0,1,0,1,Married,No,06-10-2017,922318
EMP11323,50,Male,Bachelor's,IT,Data Analyst,2,21287.0,Very High,24,21.0,9,5,Yes,Non-Travel,5.0,Low,Medium,High,High,3,24,0,0,0,8,18,Married,No,05-05-2017,904375
EMP11324,37,Female,Master's,Sales,Sales Executive,2,10321.0,High,10,1.0,1,1,No,Travel_Rarely,8.0,Very High,High,Medium,High,3,15,2,5,3,9,2,Single,No,25-08-2010,665357
EMP11325,57,Male,PhD,Marketing,Marketing Specialist,5,24002.0,Very High,36,2.0,2,0,No,Travel_Rarely,10.0,High,Medium,High,Medium,3,12,0,0,1,10,0,Single,No,05-08-2025,971375
EMP11326,43,Female,Bachelor's,Research & Development,Research Director,2,21669.0,Very High,18,10.0,10,2,No,Travel_Rarely,26.0,Very High,High,Low,High,4,23,3,6,2,4,20,Single,No,24-09-2011,825478
EMP11327,42,Female,Bachelor's,Sales,Sales Executive,1,23532.0,Very High,14,0.0,0,0,Yes,Travel_Frequently,30.0,Low,Medium,High,High,3,23,3,3,2,3,12,Married,Yes,07-03-2020,128888
EMP11328,41,Female,High School,IT,IT Support,3,17414.0,Very High,16,10.0,1,4,No,Travel_Rarely,19.0,High,High,High,Medium,3,11,2,3,4,7,7,Married,No,03-02-2020,212743
EMP11329,21,Male,Bachelor's,Finance,Accountant,1,25000.0,Very High,0,0.0,0,0,No,Travel_Rarely,21.0,Medium,Very High,Medium,Low,3,20,1,6,2,2,11,Married,No,2018/08/02,843128
EMP11330,50,Male,Bachelor's,Research & Development,Laboratory Technician,3,25000.0,Very High,22,3.0,3,2,No,Travel_Frequently,4.0,High,Very High,Very High,Medium,3,20,1,0,3,7,7,Married,No,23-03-2016,892108
EMP11331,30,Male,Bachelor's,Research & Development,Research Director,1,12581.0,High,9,2.0,2,2,Yes,Travel_Rarely,29.0,Medium,High,Medium,Medium,3,15,3,4,4,2,6,Single,No,08-06-2016,488434
EMP11332,47,Female,Bachelor's,Finance,Finance Manager,1,24460.0,Very High,18,2.0,2,2,No,Travel_Rarely,27.0,Medium,Medium,High,High,4,19,2,1,4,5,7,Married,No,11-07-2010,552297
EMP11333,51,Female,Master's,Sales,Manager,1,16754.0,Very High,22,2.0,0,2,Yes,Travel_Rarely,6.0,Very High,Very High,High,Low,3,16,3,0,3,3,14,Divorced,No,22-11-2025,525728
EMP11334,24,Male,Bachelor's,Marketing,Marketing Executive,2,13953.0,High,0,0.0,0,0,Yes,Travel_Rarely,3.0,Medium,Very High,Medium,Very High,4,18,3,5,2,7,20,Single,No,20-07-2013,580538
EMP11335,57,Female,Bachelor's,Marketing,Marketing Specialist,1,12052.0,High,34,,1,0,No,Travel_Rarely,28.0,Low,Medium,Low,Low,3,18,1,0,1,6,6,Married,No,11-03-2011,959163
EMP11336,29,Male,Master's,Finance,Finance Manager,1,25000.0,Very High,0,0.0,0,0,Yes,Travel_Rarely,26.0,Medium,Very High,Low,High,3,18,3,1,4,11,11,Single,No,09-03-2025,573853
EMP11337,59,Male,Master's,Sales,Manager,3,16210.0,Very High,35,8.0,7,0,Yes,Travel_Rarely,4.0,High,Very High,Medium,Very High,3,20,2,2,1,4,17,Married,No,03-10-2018,825935
EMP11338,43,Male,Bachelor's,Finance,Financial Analyst,3,25000.0,Very High,19,1.0,0,1,No,Travel_Frequently,27.0,Medium,Medium,High,Low,3,19,1,0,1,2,3,Single,Yes,01-03-2016,359618
EMP11339,54,Male,Bachelor's,Sales,Sales Executive,3,25000.0,Very High,31,5.0,5,5,Yes,Travel_Rarely,4.0,Medium,High,High,Medium,4,10,1,0,1,4,5,Married,No,10-06-2020,627874
EMP11340,42,Male,Master's,Sales,Sales Representative,3,25000.0,Very High,13,3.0,0,3,No,Travel_Rarely,5.0,Low,High,Very High,Medium,4,13,3,3,1,3,10,Married,No,05-05-2025,130117
EMP11341,36,Male,High School,Sales,Manager,2,15009.0,Very High,8,8.0,8,4,Yes,Travel_Rarely,27.0,High,High,High,Medium,4,13,0,1,3,7,9,Single,No,01-12-2017,490873
EMP11342,20,Female,Bachelor's,Research & Development,Manager,3,25000.0,Very High,0,0.0,0,0,No,Travel_Frequently,15.0,High,Medium,Low,High,3,19,3,5,0,10,18,Single,No,30-01-2017,496075
EMP11343,50,Female,Bachelor's,IT,IT Support,2,25000.0,Very High,28,5.0,4,1,,Travel_Rarely,16.0,Medium,Medium,Medium,Medium,3,17,2,0,2,4,17,Married,No,28-08-2018,396189
EMP11344,50,Male,Bachelor's,Finance,Accountant,2,17794.0,Very High,27,11.0,1,1,Yes,Travel_Rarely,6.0,Medium,Low,Low,Low,3,12,0,5,0,9,11,Single,No,10-12-2019,907812
EMP11345,53,Female,Bachelor's,Finance,Financial Analyst,3,15564.0,Very High,31,3.0,3,3,No,Travel_Rarely,18.0,Low,High,Low,Very High,4,25,2,0,0,9,16,Married,No,19-09-2011,897935
EMP11346,28,Male,Bachelor's,Research & Development,Laboratory Technician,1,25000.0,Very High,7,0.0,0,0,No,Travel_Rarely,26.0,Medium,Very High,High,High,3,23,1,2,4,4,19,Married,No,19-09-2015,537382
EMP11347,41,Male,Master's,Research & Development,Research Director,3,24401.0,Very High,18,4.0,0,2,Yes,Travel_Rarely,12.0,Low,High,Medium,Medium,3,10,2,1,0,1,1,Single,No,01-01-2020,142461
EMP11348,32,Female,Master's,Research & Development,Research Scientist,2,25000.0,Very High,11,2.0,0,2,No,Travel_Frequently,24.0,Medium,Low,High,High,3,12,2,0,0,8,18,Single,No,09-06-2010,316536
EMP11349,44,Female,PhD,Marketing,Manager,1,15215.0,Very High,21,6.0,1,1,No,Travel_Rarely,20.0,High,Very High,Low,Low,3,15,2,2,3,5,11,Single,No,28-01-2013,471041
EMP11350,37,Female,High School,Sales,Sales Representative,1,12725.0,High,8,8.0,1,6,Yes,Non-Travel,7.0,Very High,Low,High,Low,3,16,3,0,1,10,10,Married,No,29-05-2025,702478
EMP11351,31,Female,Bachelor's,IT,Manager,1,17047.0,Very High,0,0.0,0,0,Yes,Travel_Rarely,23.0,Low,Very High,Low,Low,3,18,3,4,0,0,14,Single,No,27-03-2019,992472
EMP11352,59,Female,Master's,Human Resources,Manager,4,20831.0,Very High,34,3.0,3,1,No,Travel_Frequently,12.0,High,High,High,High,4,14,2,2,0,2,10,Married,No,21-06-2013,970484
EMP11353,36,Male,Bachelor's,Research & Development,Manager,5,13645.0,High,15,5.0,1,0,No,Travel_Rarely,14.0,High,High,Medium,High,3,14,3,5,4,3,10,Single,No,02-12-2010,262972
EMP11354,34,Female,Bachelor's,Finance,Finance Manager,2,21929.0,Very High,3,1.0,1,1,No,Travel_Rarely,13.0,High,High,Medium,Very High,3,12,1,6,2,9,9,Married,No,09-02-2015,342878
EMP11355,34,Male,Bachelor's,Research & Development,Research Scientist,1,10303.0,High,13,1.0,1,1,No,Travel_Rarely,26.0,Very High,Low,Medium,Medium,3,21,1,4,4,9,18,Single,No,04-11-2013,989763
EMP11356,34,Female,Bachelor's,IT,Data Analyst,1,13306.0,High,3,3.0,3,0,No,Travel_Rarely,11.0,Medium,High,Low,High,3,12,0,6,2,1,2,Married,Yes,19-09-2022,270919
EMP11357,58,Male,Bachelor's,Marketing,Marketing Executive,3,25000.0,Very High,33,6.0,0,2,No,Travel_Frequently,11.0,Low,Medium,Medium,Low,3,18,3,0,2,10,3,Married,No,15-05-2011,869522
EMP11358,32,Male,Bachelor's,Research & Development,Manager,1,25000.0,Very High,4,0.0,0,0,No,Travel_Rarely,2.0,High,High,Low,High,3,12,3,2,2,9,2,Married,No,16-08-2017,787713
EMP11359,36,Female,PhD,Sales,Sales Executive,4,18465.0,Very High,7,1.0,1,1,No,Travel_Rarely,14.0,Medium,Medium,Very High,Medium,3,12,2,1,3,3,14,Single,No,21-01-2015,185684
EMP11360,51,Male,Bachelor's,Human Resources,HR Specialist,2,13933.0,High,32,6.0,1,6,Yes,Travel_Rarely,15.0,Low,High,Low,Medium,3,25,0,6,3,1,5,Married,No,19-11-2017,145711
EMP11361,28,Female,PhD,Marketing,Marketing Specialist,4,13873.0,High,10,7.0,1,7,No,Travel_Frequently,23.0,Medium,Very High,Very High,High,3,18,1,6,1,5,8,Married,No,17-02-2024,609613
EMP11362,59,Male,Master's,Sales,Sales Executive,2,18621.0,Very High,36,9.0,8,8,No,Travel_Rarely,28.0,Medium,Medium,High,Low,3,13,1,5,2,9,7,Married,No,21-07-2020,800907
EMP11363,39, female ,Bachelor's,Human Resources,HR Specialist,2,25000.0,Very High,11,2.0,2,0,No,Travel_Frequently,1.0,High,High,High,Very High,4,22,2,3,3,8,1,Single,No,15-09-2015,850827
EMP11364,45,Male,Master's,Human Resources,HR Executive,2,25000.0,Very High,21,13.0,0,4,No,Travel_Frequently,12.0,Low,Very High,High,High,4,15,3,0,3,0,18,Single,Yes,20-07-2012,426658
EMP11365,46,Male,Master's,Finance,Finance Manager,3,17616.0,Very High,22,4.0,2,1,No,Travel_Frequently,14.0,Medium,Low,High,Medium,3,10,2,2,0,4,14,Married,Yes,09-03-2017,968374
EMP11366,40,Male,Bachelor's,Sales,Sales Representative,3,13107.0,High,19,6.0,1,1,No,Travel_Rarely,18.0,Medium,High,Medium,Very High,3,20,0,4,2,8,7,Single,No,02-02-2010,749356
EMP11367,37,Female,Bachelor's,Finance,Accountant,2,24848.0,Very High,13,5.0,5,5,No,Travel_Rarely,21.0,Medium,Medium,Low,Medium,3,11,1,2,4,10,18,Married,No,20-02-2013,561985
EMP11368,32,Female,Bachelor's,Marketing,Manager,2,15205.0,Very High,7,1.0,1,1,No,Travel_Rarely,24.0,Very High,High,High,High,3,20,0,1,0,6,4,Married,No,,710525
EMP11369,35,Male,Master's,Sales,Sales Representative,4,17445.0,Very High,15,15.0,1,7,Yes,Travel_Frequently,28.0,Low,Very High,Medium,Very High,3,23,1,2,3,10,11,Single,No,17-06-2019,549254
EMP11370,28,Female,Bachelor's,Sales,Sales Executive,4,25000.0,Very High,0,0.0,0,0,No,Travel_Frequently,23.0,Very High,Very High,High,Very High,3,12,1,4,3,5,11,Married,No,26-04-2019,468025
EMP11371,31,Female,Bachelor's,Marketing,Marketing Executive,2,25000.0,Very High,2,1.0,1,1,No,Travel_Rarely,3.0,High,Medium,Very High,Medium,4,11,0,0,3,6,8,Married,No,26-07-2023,257715
EMP11372,57,Female,Bachelor's,Sales,Sales Executive,1,23649.0,Very High,36,8.0,2,0,No,Travel_Frequently,29.0,High,Low,High,High,3,23,1,5,3,8,17,Married,No,05-11-2016,828621
EMP11373,38,Male,Bachelor's,IT,IT Support,1,12427.0,High,15,5.0,1,1,No,Travel_Rarely,26.0,Medium,Very High,Medium,Medium,3,20,1,4,4,2,9,Divorced,No,11-06-2024,959237
EMP11374,26,Male,Bachelor's,Research & Development,Laboratory Technician,3,24225.0,Very High,5,5.0,3,2,No,Travel_Rarely,25.0,Medium,Very High,Medium,High,3,19,0,5,1,7,4,Single,No,09-11-2019,310742
EMP11375,54,Male,Bachelor's,Sales,Sales Executive,1,25000.0,Very High,23,4.0,1,2,Yes,Travel_Rarely,12.0,Very High,High,Low,Medium,4,24,1,5,1,0,14,Married,No,15-11-2012,303656
EMP11376,37,Male,Master's,IT,Data Analyst,1,18601.0,Very High,18,2.0,2,2,No,Non-Travel,29.0,Very High,Low,High,Medium,3,25,0,4,2,9,19,Married,No,21-11-2011,861318
EMP11377,35,Male,Master's,Research & Development,Research Director,1,25000.0,Very High,12,12.0,1,8,No,Travel_Frequently,5.0,Medium,High,High,Low,3,12,2,4,3,5,18,Married,No,23-07-2018,334802
EMP11378,58,Male,Master's,Research & Development,Manager,2,25000.0,Very High,32,0.0,0,0,No,Travel_Frequently,3.0,Medium,Medium,High,High,3,21,3,3,2,8,20,Married,No,06-10-2020,922328
EMP11379,23,Male,Master's,Research & Development,Manager,2,25000.0,Very High,0,0.0,0,0,No,Non-Travel,7.0,Medium,Very High,Medium,High,4,23,3,5,4,0,9,Single,No,11-10-2021,556527
EMP11380,44,Female,Master's,Human Resources,HR Executive,1,25000.0,Very High,15,1.0,1,1,Yes,Travel_Rarely,16.0,Very High,Medium,Medium,Medium,3,14,3,0,2,4,16,Married,Yes,13-03-2020,896588
EMP11381,51,Female,Bachelor's,Sales,Sales Representative,1,25000.0,Very High,21,9.0,4,2,No,Non-Travel,20.0,Medium,High,Very High,High,3,21,1,3,1,7,5,Single,No,01-01-2015,564011
EMP11382,59,Female,High School,Research & Development,Laboratory Technician,3,25000.0,Very High,28,1.0,1,1,No,Travel_Rarely,17.0,High,Medium,Low,High,3,10,0,5,1,9,8,Single,No,18-05-2020,984185
EMP11383,32,Male,PhD,Marketing,Marketing Executive,4,25000.0,Very High,10,4.0,0,3,No,Travel_Frequently,21.0,High,High,Medium,Medium,3,10,3,2,1,10,16,Single,No,25-09-2010,804463
EMP11384,36,Male,High School,Sales,Manager,1,17579.0,Very High,16,11.0,1,1,No,Travel_Frequently,27.0,High,High,Low,High,3,20,1,0,2,5,17,Single,No,28-12-2012,514016
EMP11385,56, female ,Bachelor's,Finance,Financial Analyst,1,18001.0,Very High,28,3.0,1,3,No,Travel_Rarely,8.0,High,High,Medium,Low,3,16,1,0,3,5,13,Married,No,,118699
EMP11386,25,Male,Bachelor's,Research & Development,Research Scientist,2,24523.0,Very High,7,7.0,0,0,No,Travel_Rarely,15.0,Medium,Very High,Very High,High,3,18,0,5,0,2,5,Married,No,13-05-2010,305235
EMP11387,38,Male,High School,IT,Software Engineer,3,12323.0,High,12,8.0,4,2,No,Travel_Rarely,28.0,Very High,High,Medium,High,3,24,2,2,1,7,10,Married,No,27-12-2021,500125
EMP11388,32,Male,Master's,Sales,Manager,3,20651.0,Very High,15,7.0,1,3,No,Non-Travel,20.0,High,Low,High,Low,3,18,0,2,2,0,18,Single,No,16-01-2010,772725
EMP11389,45,Male,Bachelor's,Marketing,Marketing Executive,3,25000.0,Very High,21,13.0,0,1,No,Travel_Rarely,15.0,High,High,Medium,High,3,16,1,4,0,11,15,Married,No,13-09-2024,634847
EMP11390,33,Female,Master's,Research & Development,Manager,4,8217.0,High,5,3.0,3,3,No,Travel_Rarely,23.0,Medium,High,High,High,3,20,2,5,1,3,1,Single,No,14-04-2025,427352
EMP11391,50,Female,Bachelor's,Sales,Manager,1,25000.0,Very High,29,1.0,1,1,No,Travel_Frequently,8.0,High,Medium,Very High,High,3,20,2,5,1,7,6,Married,Yes,15-04-2017,761084
EMP11392,23,Male,Bachelor's,Sales,Sales Representative,1,25000.0,Very High,0,0.0,0,0,Yes,Travel_Rarely,25.0,Medium,Medium,Medium,High,3,22,3,0,4,5,20,Married,No,12-08-2025,718002
EMP11393,58,Male,Bachelor's,Sales,Manager,2,17910.0,Very High,31,1.0,1,1,No,Travel_Rarely,11.0,Medium,Low,Low,High,3,11,1,6,1,10,5,Married,No,15-10-2021,813435
EMP11394,27,Female,Master's,Research & Development,Manager,3,25000.0,Very High,0,0.0,0,0,Yes,Travel_Rarely,25.0,High,Medium,Medium,High,3,20,0,1,0,8,14,Married,No,06-03-2016,720244
EMP11395,44,Male,Master's,Research & Development,Research Director,2,22058.0,Very High,19,4.0,2,4,Yes,Travel_Rarely,21.0,High,Medium,High,High,4,16,0,5,0,0,12,Single,Yes,27-08-2022,117745
EMP11396,32,Male,Bachelor's,IT,Software Engineer,4,25000.0,Very High,1,1.0,1,1,No,Travel_Frequently,22.0,High,Very High,High,Medium,3,22,3,4,3,1,6,Single,No,10-01-2022,641416
EMP11397,51,Male,Bachelor's,Research & Development,Laboratory Technician,3,25000.0,Very High,22,0.0,0,0,No,Travel_Rarely,23.0,Medium,High,Very High,Very High,3,21,1,0,0,11,19,Single,No,26-10-2020,925367
EMP11398,85,Male,PhD,Sales,Sales Executive,3,11731.0,High,34,0.0,0,0,No,Travel_Rarely,10.0,High,High,Low,Low,3,18,0,2,2,0,2,Married,No,26-10-2022,758713
EMP11399,57,Male,Bachelor's,Human Resources,Manager,1,25000.0,Very High,29,9.0,9,1,Yes,Travel_Rarely,18.0,Medium,High,High,Medium,3,24,0,2,2,10,14,Single,No,18-04-2011,268810
EMP11400,47,Female,Bachelor's,Finance,Accountant,1,20080.0,Very High,17,4.0,3,4,No,Travel_Rarely,9.0,High,High,Low,High,4,16,0,1,1,3,19,Single,Yes,18-11-2025,735703
EMP11401,49,Male,Bachelor's,Sales,Sales Executive,3,22863.0,Very High,20,2.0,2,2,No,Non-Travel,16.0,Medium,High,Low,Very High,3,11,2,0,3,8,2,Single,No,20-04-2012,983513
EMP11402,22,Male,High School,Sales,Sales Representative,1,15872.0,Very High,0,0.0,0,0,No,Travel_Frequently,1.0,High,Low,High,Low,3,24,2,3,1,3,14,Married,No,23-02-2013,852159
EMP11403,47,Male,Bachelor's,Sales,Manager,1,25000.0,Very High,19,0.0,0,0,No,Travel_Rarely,30.0,High,High,Very High,Low,4,25,3,4,3,8,2,Married,No,13-05-2016,909217
EMP11404,22,Female,High School,Finance,Accountant,4,25000.0,Very High,0,0.0,0,0,No,Travel_Rarely,22.0,Medium,Low,Medium,Medium,3,24,3,0,4,5,14,Married,No,28-04-2020,341608
EMP11405,53,Male,Master's,Finance,Accountant,4,15790.0,Very High,26,5.0,5,5,Yes,Travel_Rarely,6.0,Medium,Very High,Medium,Medium,3,16,0,3,3,4,0,Married,No,06-08-2022,130033
EMP11406,35,Male,Master's,Research & Development,Manager,1,12081.0,High,8,1.0,1,0,No,Travel_Rarely,30.0,High,Medium,High,Very High,3,23,1,2,4,9,20,Single,No,27-04-2011,683856
EMP11407,41,Male,Master's,IT,Manager,3,18517.0,Very High,13,6.0,5,3,No,Travel_Rarely,23.0,High,High,High,Very High,3,13,1,2,4,3,19,Married,No,10-10-2023,246928
EMP11408,51,Male,Bachelor's,IT,IT Support,1,25000.0,Very High,26,7.0,7,7,No,Travel_Frequently,2.0,High,High,Very High,Low,3,17,3,3,1,9,10,Married,No,16-07-2019,994381
EMP11409,57,Male,Master's,Human Resources,HR Executive,1,24541.0,Very High,37,3.0,2,3,Yes,Travel_Rarely,13.0,High,Low,Medium,Low,3,12,1,3,2,1,3,Married,No,29-12-2013,416908
EMP11410,27,Male,Master's,IT,IT Support,2,25000.0,Very High,5,5.0,3,5,No,Travel_Rarely,22.0,Medium,Medium,High,Very High,3,21,1,1,3,7,18,Married,No,09-11-2018,176370
EMP11411,27,Female,Master's,Sales,Sales Representative,3,25000.0,Very High,0,0.0,0,0,No,Travel_Rarely,6.0,Medium,High,Medium,Medium,3,23,0,0,1,2,9,Divorced,No,21-03-2018,442905
EMP11412,25,Female,High School,Sales,Manager,1,25000.0,Very High,0,0.0,0,0,Yes,Travel_Rarely,9.0,Medium,Very High,High,Medium,3,14,0,2,4,0,20,Married,No,02-05-2016,191958
EMP11413,33,Male,Bachelor's,Sales,Sales Representative,1,25000.0,Very High,5,0.0,0,0,No,Travel_Rarely,14.0,Low,High,Medium,Medium,3,12,1,4,4,10,3,Married,Yes,23-06-2016,863621
EMP11414,51,Male,Master's,Sales,Manager,1,11788.0,High,28,1.0,0,1,No,Travel_Rarely,24.0,High,Very High,Medium,Medium,3,16,0,2,0,9,15,Married,No,05-09-2018,956331
EMP11415,54,Male,PhD,Research & Development,Laboratory Technician,5,20170.0,Very High,26,1.0,1,1,No,Travel_Rarely,21.0,Low,Low,Very High,Medium,4,25,1,0,0,6,0,Married,No,09-11-2022,255887
EMP11416,29,Female,PhD,Marketing,Marketing Specialist,2,25000.0,Very High,2,2.0,2,2,No,Travel_Rarely,7.0,Very High,Low,High,Medium,3,24,1,3,3,7,12,Single,No,06-05-2024,968468
EMP11417,22,Male,Master's,Sales,Sales Executive,2,21522.0,Very High,0,0.0,0,0,Yes,Non-Travel,23.0,High,High,Low,High,4,12,2,1,2,6,18,Married,Yes,23-03-2015,783593
EMP11418,31,Female,Bachelor's,Sales,Sales Representative,1,25000.0,Very High,5,3.0,3,3,No,Travel_Rarely,5.0,Very High,Medium,High,High,3,19,1,6,0,3,13,Married,No,02-10-2022,115765
EMP11419,50,Female,Bachelor's,Research & Development,Research Scientist,2,19083.0,Very High,31,4.0,0,4,No,Travel_Frequently,7.0,Very High,High,High,High,3,14,2,2,4,7,12,Married,No,17-02-2024,855977
EMP11420,48,Female,PhD,Marketing,Manager,2,13858.0,High,18,11.0,2,1,No,Travel_Rarely,3.0,Medium,High,Medium,Very High,3,10,3,1,1,9,3,Married,No,23-02-2024,680913
EMP11421,24,Female,Bachelor's,Research & Development,Research Director,3,20837.0,Very High,0,0.0,0,0,No,Travel_Frequently,23.0,High,Very High,High,Very High,3,13,1,3,2,3,9,Single,No,01-03-2021,691852
EMP11422,44,Female,Bachelor's,Research & Development,Research Scientist,1,25000.0,Very High,9,7.0,7,3,Yes,Travel_Frequently,13.0,Low,Low,High,Medium,3,15,3,5,3,11,7,Married,No,11-12-2016,448815
EMP11423,60,Male,PhD,Sales,Manager,5,16398.0,Very High,30,18.0,1,3,No,Travel_Rarely,22.0,Low,Low,Medium,High,4,11,0,0,1,4,8,Married,No,06-06-2025,180675
EMP11424,50,Male,Bachelor's,Sales,Manager,2,19810.0,Very High,28,8.0,3,1,No,Travel_Frequently,12.0,High,High,Very High,High,3,15,2,2,3,7,13,Single,No,25-10-2019,855703
EMP11425,40,Male,Master's,Marketing,Marketing Specialist,1,14433.0,High,19,17.0,5,1,Yes,Travel_Rarely,6.0,Low,Low,High,Very High,3,19,3,0,1,1,7,Single,No,13-02-2018,693468
EMP11426,39,Male,Master's,Marketing,Marketing Executive,1,25000.0,Very High,20,6.0,4,3,No,Travel_Rarely,2.0,Very High,High,Very High,Medium,3,16,0,4,1,9,0,Single,No,24-09-2010,919786
EMP11427,58,Female,High School,Sales,Manager,2,19293.0,Very High,35,0.0,0,0,No,Travel_Rarely,15.0,High,High,High,High,3,25,1,0,2,7,10,Single,No,09-02-2013,991920
EMP11428,41,Male,Bachelor's,Marketing,Marketing Executive,4,25000.0,Very High,11,3.0,0,1,No,Travel_Rarely,15.0,High,Medium,High,High,3,17,2,6,3,4,15,Married,No,21-08-2015,749048
EMP11429,23,Female,Bachelor's,Human Resources,HR Specialist,3,25000.0,Very High,2,2.0,2,1,No,Travel_Rarely,18.0,Medium,Medium,Low,High,3,12,1,5,0,4,0,Single,Yes,01-09-2025,624160
EMP11430,32,Male,Master's,IT,Manager,2,21238.0,Very High,5,2.0,2,1,No,Travel_Frequently,23.0,High,Medium,High,Medium,3,21,3,3,1,6,18,Married,No,13-07-2022,663211
EMP11431,39,Female,Bachelor's,Research & Development,Research Director,1,13991.0,High,9,2.0,2,2,No,Travel_Frequently,17.0,Low,Medium,High,Medium,3,19,1,3,1,3,19,Single,No,21-03-2023,196770
EMP11432,32,Male,High School,Research & Development,Research Director,1,8616.0,High,3,3.0,3,3,Yes,Travel_Rarely,25.0,High,High,Medium,High,3,20,0,4,0,2,17,Married,No,09-12-2010,156178
EMP11433,36,Male,PhD,Research & Development,Research Scientist,2,11357.0,High,9,9.0,2,4,No,Travel_Frequently,3.0,Low,Medium,High,High,3,12,3,6,2,5,6,Divorced,No,09-09-2017,168168
EMP11434,55,Male,Bachelor's,Finance,Accountant,3,11870.0,High,28,0.0,0,0,Yes,Travel_Rarely,22.0,High,Medium,Low,Low,3,14,2,0,2,5,8,Single,No,20-03-2024,282354
EMP11435,52,Female,Bachelor's,Sales,Sales Executive,3,25000.0,Very High,31,7.0,4,2,No,Travel_Rarely,3.0,Medium,High,High,Very High,3,12,0,5,2,9,5,Married,No,18-03-2020,533810
EMP11436,20,Male,Bachelor's,Sales,Manager,1,23205.0,Very High,0,0.0,0,0,Yes,Non-Travel,28.0,Low,Very High,Very High,Medium,3,18,0,3,4,11,19,Single,No,30-07-2018,333854
EMP11437,34,Male,Bachelor's,Research & Development,Manager,1,25000.0,Very High,6,6.0,6,1,Yes,Travel_Rarely,9.0,Medium,Very High,High,Medium,3,16,2,3,4,5,5,Single,No,29-09-2012,337130
EMP11438,32,Male,PhD,Finance,Finance Manager,2,8110.0,High,10,10.0,7,4,Yes,Travel_Rarely,10.0,Low,Very High,Low,High,3,25,0,3,2,6,0,Single,No,07-10-2010,232055
EMP11439,36,Female,Bachelor's,Sales,Sales Representative,4,12848.0,High,17,7.0,5,2,No,Travel_Frequently,12.0,High,High,High,Medium,3,14,3,3,2,3,5,Single,Yes,03-02-2024,296373
EMP11440,43,Male,Bachelor's,Finance,Financial Analyst,2,25000.0,Very High,17,4.0,2,4,No,Travel_Rarely,23.0,Medium,Medium,High,Medium,3,14,1,1,0,2,15,Married,No,04-01-2022,379040
EMP11441,27,Female,Master's,Marketing,Manager,1,25000.0,Very High,7,1.0,1,1,No,Travel_Rarely,1.0,Medium,High,Very High,High,3,10,2,6,4,2,3,Married,No,27-12-2023,175316
EMP11442,46,Male,Master's,Sales,Manager,1,20615.0,Very High,13,4.0,1,0,Yes,Travel_Rarely,4.0,High,Medium,Low,Low,3,18,2,2,3,2,2,Married,No,21-08-2012,472220
EMP11443,42,Male,Bachelor's,Finance,Financial Analyst,1,25000.0,Very High,18,7.0,1,1,NO,Travel_Rarely,30.0,Medium,High,High,Medium,3,23,3,1,2,1,8,Married,No,01-09-2015,356171
EMP11444,27,Female,Master's,Research & Development,Laboratory Technician,2,25000.0,Very High,6,6.0,2,5,No,Non-Travel,21.0,Medium,Low,Medium,Low,3,24,3,3,2,5,7,Single,No,14-01-2017,104586
EMP11445,27,Male,Master's,IT,Manager,3,19941.0,Very High,0,0.0,0,0,No,Travel_Rarely,23.0,High,High,High,Medium,3,11,2,6,2,0,6,Married,Yes,04-10-2025,341929
EMP11446,45,Female,Bachelor's,Sales,Sales Representative,4,22725.0,Very High,13,1.0,1,1,No,Travel_Rarely,23.0,Low,Medium,Very High,Very High,4,25,2,5,1,5,11,Married,No,28-09-2011,337002
EMP11447,32,Male,Master's,Finance,Finance Manager,2,24021.0,Very High,1,1.0,1,1,No,Travel_Rarely,5.0,Low,Medium,Very High,Very High,4,16,2,0,4,7,0,Married,No,17-06-2022,496295
EMP11448,58,Female,Master's,IT,Software Engineer,1,25000.0,Very High,28,2.0,2,2,No,Travel_Rarely,28.0,Medium,High,High,Medium,3,23,2,1,3,5,11,Married,No,09-08-2023,560944
EMP11449,56,Female,Bachelor's,Marketing,Marketing Specialist,2,8564.0,High,25,0.0,0,0,Yes,Travel_Rarely,17.0,Medium,High,High,Medium,3,16,3,4,1,1,15,Married,No,02-09-2011,183653
EMP11450,47,Female,Master's,Finance,Financial Analyst,3,25000.0,Very High,22,1.0,1,0,Yes,Travel_Rarely,21.0,High,Low,Very High,Medium,3,11,1,2,1,6,13,Married,No,25-10-2015,843162
EMP11451,44,Male,PhD,Research & Development,Laboratory Technician,1,20917.0,Very High,21,1.0,0,1,No,Travel_Rarely,5.0,Medium,Very High,High,High,3,17,2,0,3,11,10,Single,No,20-02-2016,140070
EMP11452,35,Male,Master's,Human Resources,HR Specialist,3,25000.0,Very High,12,9.0,6,3,No,Travel_Rarely,4.0,High,Medium,Medium,Very High,3,23,0,1,3,2,19,Single,Yes,08-01-2025,932124
EMP11453,21,Female,Bachelor's,IT,Manager,3,16386.0,Very High,0,0.0,0,0,Yes,Travel_Rarely,29.0,Low,Very High,Very High,Very High,4,17,0,2,3,8,18,Married,No,03-09-2020,811486
EMP11454,37,Female,Bachelor's,Human Resources,HR Executive,2,21546.0,Very High,6,2.0,2,1,No,Travel_Rarely,22.0,Medium,High,Medium,Low,3,18,0,6,3,11,18,Married,No,03-03-2014,422398
EMP11455,36,Male,Master's,Sales,Manager,2,25000.0,Very High,19,16.0,3,6,No,Travel_Frequently,15.0,Medium,High,High,Medium,3,11,3,5,3,10,12,Married,No,04-09-2017,314436
EMP11456,49,Male,Bachelor's,Marketing,Manager,3,25000.0,Very High,29,2.0,2,0,No,Non-Travel,24.0,High,Very High,Medium,Medium,3,10,2,6,2,7,11,Single,No,14-06-2020,806627
EMP11457,58,Male,PhD,Finance,Accountant,2,,Very High,30,0.0,0,0,No,Travel_Rarely,10.0,Very High,High,Low,Very High,3,25,3,1,3,5,9,Married,No,12-03-2023,771295
EMP11458,32,Female,Bachelor's,Finance,Finance Manager,1,15039.0,Very High,9,2.0,1,2,Yes,Travel_Rarely,5.0,High,Low,High,High,3,18,0,4,3,0,14,Single,No,22-03-2019,420765
EMP11459,51,Male,Bachelor's,Sales,Sales Representative,1,18202.0,Very High,25,1.0,1,0,No,Travel_Frequently,14.0,Very High,Low,High,Medium,4,23,1,3,4,1,12,Married,No,17-06-2010,922022
EMP11460,48,Male,Master's,Finance,Accountant,1,17961.0,Very High,27,1.0,1,1,Yes,Travel_Rarely,24.0,Medium,Medium,Medium,Very High,3,12,0,4,2,11,12,Single,No,05-02-2016,770095
EMP11461,49,Male,Bachelor's,Research & Development,Laboratory Technician,3,9818.0,High,19,0.0,0,0,No,Travel_Rarely,28.0,Low,High,Medium,Very High,3,19,2,3,1,7,14,Divorced,No,18-01-2019,378488
EMP11462,37,Male,Bachelor's,Finance,Finance Manager,2,18986.0,Very High,7,4.0,2,0,Yes,Travel_Frequently,21.0,Low,High,Medium,High,3,22,1,2,2,5,16,Single,Yes,06-09-2016,330755
EMP11463,32,Male,High School,Sales,Manager,2,25000.0,Very High,0,0.0,0,0,No,Travel_Frequently,13.0,Medium,High,High,Medium,3,22,1,1,0,0,10,Married,Yes,23-03-2020,331138
EMP11464,40,Female,Master's,Finance,Financial Analyst,3,12414.0,High,16,2.0,0,2,No,Non-Travel,19.0,Medium,Medium,Medium,Medium,3,11,1,1,3,8,9,Single,No,15-10-2011,285101
EMP11465,49,Male,,Marketing,Manager,1,25000.0,Very High,18,10.0,3,8,No,Travel_Frequently,8.0,Low,High,Very High,Low,3,19,0,4,1,7,3,Single,No,05-12-2013,649113
EMP11466,40,Female,Master's,Sales,Manager,3,25000.0,Very High,10,3.0,2,2,Yes,Travel_Rarely,12.0,Medium,High,Low,High,3,11,3,0,0,1,16,Single,No,01-06-2013,901955
EMP11467,36,Male,Bachelor's,Marketing,Marketing Executive,2,15829.0,Very High,18,12.0,0,2,Yes,Travel_Rarely,20.0,Medium,High,Very High,High,3,11,0,2,1,9,13,Single,Yes,13-06-2014,797204
EMP11468,59,Male,Bachelor's,Research & Development,Laboratory Technician,2,20667.0,Very High,28,3.0,3,0,Yes,Non-Travel,30.0,Low,High,High,High,4,17,2,5,2,11,1,Married,No,17-07-2020,382440
EMP11469,38,Male,Master's,IT,Data Analyst,1,25000.0,Very High,4,3.0,1,3,No,Travel_Rarely,19.0,Medium,High,Medium,Low,3,12,1,3,0,4,6,Married,No,16-12-2021,465834
EMP11470,34,Female,PhD,IT,Manager,4,25000.0,Very High,0,0.0,0,0,No,Non-Travel,19.0,Very High,High,Low,High,4,10,3,6,3,2,15,Married,No,11-11-2020,710687
EMP11471,28,Female,Bachelor's,Research & Development,Manager,3,22114.0,Very High,7,0.0,0,0,No,Travel_Rarely,6.0,Medium,Very High,High,High,3,17,3,2,3,0,16,Single,No,09-06-2017,115744
EMP11472,29,Male,Master's,Finance,Accountant,1,19792.0,Very High,7,0.0,0,0,Yes,Travel_Rarely,8.0,High,Medium,Very High,Low,3,11,2,6,0,6,3,Single,No,04-04-2012,748456
EMP11473,50,Male,Bachelor's,IT,IT Support,4,22799.0,Very High,22,5.0,1,1,Yes,Travel_Frequently,10.0,High,High,Very High,High,3,15,2,5,2,8,2,Married,No,24-12-2012,739512
EMP11474,42,Female,Bachelor's,Research & Development,Laboratory Technician,3,17496.0,Very High,19,3.0,2,0,Yes,Travel_Rarely,21.0,Medium,Medium,High,Very High,4,17,2,4,0,11,4,Married,Yes,09-01-2020,363783
EMP11475,49,Female,Master's,Research & Development,Manager,1,8543.0,High,23,8.0,8,4,No,Travel_Frequently,17.0,Medium,Medium,Low,High,3,19,1,5,2,10,5,Married,No,01-04-2010,754094
EMP11476,52,Male,High School,Finance,,1,25000.0,Very High,22,,1,5,No,Travel_Rarely,1.0,Medium,Very High,Medium,Low,3,18,1,1,1,6,5,Married,Yes,03-10-2019,425372
EMP11477,28,Female,Bachelor's,IT,IT Support,1,23621.0,Very High,0,0.0,0,0,No,Travel_Frequently,19.0,High,High,Medium,Low,3,10,2,3,2,2,5,Divorced,No,19-08-2024,635097
EMP11478,20,Male,Bachelor's,IT,Data Analyst,2,25000.0,Very High,0,0.0,0,0,No,Travel_Rarely,12.0,Medium,Very High,Low,Low,3,18,1,3,0,5,18,Single,No,11-11-2010,773815
EMP11479,54,Male,Bachelor's,IT,Manager,2,21460.0,Very High,32,3.0,0,0,Yes,Travel_Rarely,28.0,Medium,Very High,High,High,3,17,0,5,0,2,10,Divorced,No,27-08-2022,464103
EMP11480,30,Male,Master's,Research & Development,Manager,1,15823.0,Very High,5,5.0,3,0,Yes,Travel_Rarely,22.0,Low,Low,High,High,3,15,3,3,1,3,18,Single,No,27-07-2012,603155
EMP11481,53,Male,High School,IT,Manager,2,20259.0,Very High,32,9.0,7,3,No,Travel_Rarely,2.0,Very High,Very High,High,High,3,21,1,3,0,0,13,Single,No,23-11-2025,816380
EMP11482,35,Female,Master's,Sales,Sales Representative,1,10724.0,High,13,12.0,2,3,No,Travel_Frequently,17.0,Medium,Low,Low,High,3,14,3,2,4,1,14,Married,No,13-01-2018,459366
EMP11483,28,Male,Bachelor's,Research & Development,Manager,1,25000.0,Very High,7,1.0,1,1,No,Travel_Rarely,7.0,High,Low,Medium,Very High,3,25,0,2,0,0,4,Single,No,02-06-2017,906014
EMP11484,51,Female,Master's,Sales,Sales Representative,2,12638.0,High,19,7.0,3,2,Yes,Travel_Rarely,14.0,Medium,High,Medium,High,3,15,1,5,4,9,11,Married,Yes,12-12-2016,695117
EMP11485,34,Female,Bachelor's,Research & Development,Research Scientist,1,13844.0,High,10,2.0,2,2,Yes,Travel_Rarely,14.0,Very High,Medium,Very High,High,4,11,2,6,0,1,12,Single,No,03-11-2015,744546
EMP11486,31,Male,Master's,Research & Development,Research Scientist,2,18068.0,Very High,5,1.0,1,1,No,Travel_Rarely,12.0,High,Very High,Very High,Medium,3,20,2,6,0,3,17,Divorced,No,10-11-2013,309982
EMP11487,52,Male,Master's,Research & Development,Research Director,4,25000.0,Very High,32,14.0,1,8,Yes,Travel_Rarely,16.0,Medium,High,Medium,Medium,3,12,0,4,1,5,2,Single,No,20-10-2018,875790
EMP11488,33,Female,PhD,Finance,Accountant,1,22171.0,Very High,6,0.0,0,0,Yes,Travel_Rarely,18.0,Very High,Medium,High,Very High,3,24,0,5,4,10,11,Divorced,No,08-11-2024,981815
EMP11489,27,Male,Master's,Research & Development,Laboratory Technician,1,12629.0,High,0,0.0,0,0,No,Travel_Rarely,8.0,High,Low,High,High,3,18,1,5,1,11,4,Married,No,31-08-2017,310771
EMP11490,27,Male,Bachelor's,Research & Development,Research Director,1,25000.0,Very High,4,1.0,1,1,Yes,Travel_Frequently,2.0,Low,High,High,Medium,3,12,0,6,4,7,12,Single,No,31-12-2025,280697
EMP11491,46,Male,High School,Sales,Manager,2,25000.0,Very High,22,9.0,1,2,Yes,Travel_Rarely,11.0,Low,Medium,Medium,High,3,22,3,1,4,9,12,Single,No,20-02-2023,728218
EMP11492,31,Male,Master's,Research & Development,Manager,3,25000.0,Very High,4,2.0,2,2,No,Non-Travel,1.0,High,Low,High,High,4,25,2,5,3,8,5,Single,No,01-07-2015,628293
EMP11493,20,Female,Master's,Sales,Sales Representative,2,25000.0,Very High,0,0.0,0,0,No,Travel_Rarely,10.0,High,High,Medium,Very High,3,19,1,5,4,9,15,Married,No,06-10-2023,282267
EMP11494,59,Female,High School,Sales,Sales Representative,2,25000.0,Very High,36,1.0,1,1,No,Travel_Rarely,18.0,High,Very High,High,High,3,25,0,1,1,6,2,Divorced,No,01-01-2024,959886
EMP11495,30,Male,Bachelor's,Human Resources,HR Specialist,2,25000.0,Very High,9,4.0,3,4,No,Travel_Rarely,16.0,High,Medium,Medium,High,3,16,3,2,1,3,6,Single,No,05-05-2012,582029
EMP11496,58,Male,Master's,Finance,Financial Analyst,1,16171.0,Very High,26,2.0,2,2,No,Travel_Rarely,2.0,High,Medium,High,Medium,3,20,2,4,2,6,20,Single,No,26-01-2010,925130
EMP11497,50,Female,Master's,Human Resources,HR Executive,2,25000.0,Very High,17,5.0,2,3,Yes,Travel_Rarely,23.0,Medium,Low,High,High,4,22,2,6,0,0,9,Married,No,07-05-2019,197287
EMP11498,36,Male,Master's,Research & Development,Laboratory Technician,2,25000.0,Very High,6,0.0,0,0,No,Travel_Frequently,17.0,High,Medium,Very High,High,3,22,1,0,3,10,3,Married,No,24-12-2014,890751
EMP11499,52,Male,Bachelor's,Research & Development,Research Scientist,1,25000.0,Very High,31,0.0,0,0,Yes,Travel_Rarely,16.0,Low,Medium,Low,Low,3,13,1,5,0,11,11,Single,No,02-10-2010,253799
EMP11500,51,Female,Bachelor's,IT,Software Engineer,3,10285.0,High,24,1.0,0,1,Yes,Travel_Frequently,19.0,Very High,Medium,High,Medium,3,21,1,5,1,9,5,Married,No,30-11-2019,608036
EMP11501,48,Female,High School,Research & Development,Research Scientist,2,20401.0,Very High,30,3.0,3,1,No,Travel_Rarely,5.0,High,High,Very High,High,3,20,1,5,3,10,17,Single,No,24-07-2012,791023
EMP11502,40,Male,Bachelor's,Research & Development,Research Director,1,15279.0,Very High,19,8.0,4,5,No,Travel_Rarely,28.0,High,Low,Medium,High,3,22,0,3,4,10,6,Single,Yes,27-06-2020,442554
EMP11503,40,Male,Master's,Sales,Sales Representative,2,25000.0,Very High,15,11.0,4,0,No,Travel_Rarely,23.0,Medium,Low,High,High,3,18,1,5,1,5,1,Married,No,05-10-2018,604189
EMP11504,59,Male,Master's,Research & Development,Laboratory Technician,4,25000.0,Very High,33,1.0,1,1,No,Non-Travel,30.0,Low,Very High,Low,Very High,4,21,0,1,1,0,7,Single,No,20-04-2017,787294
EMP11505,42,Male,Bachelor's,Research & Development,Manager,1,8660.0,High,13,4.0,4,1,No,Travel_Rarely,6.0,Medium,High,High,High,3,22,3,3,1,7,17,Married,No,26-06-2012,313696
EMP11506,25,Female,High School,Research & Development,Manager,1,21809.0,Very High,2,2.0,1,2,No,Travel_Frequently,24.0,High,Medium,Low,Medium,3,13,3,1,1,3,12,Single,Yes,07-03-2018,715300
EMP11507,41,Male,Bachelor's,Human Resources,Manager,2,25000.0,Very High,9,2.0,1,1,No,Travel_Rarely,17.0,High,High,High,High,3,19,2,5,3,7,2,Single,No,15-07-2023,355980
EMP11508,57,Male,PhD,Research & Development,Research Scientist,2,20252.0,Very High,38,3.0,1,0,No,Travel_Rarely,16.0,Medium,High,Medium,Medium,4,24,3,0,0,7,12,Married,No,25-05-2022,440019
EMP11509,56,Male,Bachelor's,Human Resources,HR Specialist,1,25000.0,Very High,23,4.0,0,1,No,Travel_Rarely,16.0,High,High,Medium,Medium,3,22,3,6,0,1,6,Single,No,03-06-2020,993920
EMP11510,27,Female,Bachelor's,IT,Manager,4,25000.0,Very High,3,1.0,1,1,Yes,Travel_Frequently,7.0,High,Very High,High,High,3,22,1,5,4,5,0,Married,No,14-02-2015,912931
EMP11511,60,Male,Master's,IT,Software Engineer,2,25000.0,Very High,34,0.0,0,0,No,Travel_Frequently,16.0,Low,Medium,High,Medium,3,23,1,1,1,9,17,Married,No,15-11-2016,702444
EMP11512,54,Male,Master's,Finance,Accountant,3,19495.0,Very High,32,1.0,1,1,No,Travel_Rarely,9.0,Medium,High,Medium,High,4,19,1,5,1,3,20,Single,No,29-12-2014,601170
EMP11513,30,Female,Master's,Marketing,Marketing Executive,1,12740.0,High,8,5.0,4,4,Yes,Travel_Frequently,23.0,High,High,Medium,High,3,15,3,0,0,2,15,Married,No,13-09-2010,224657
EMP11514,43,Male,Bachelor's,Sales,Manager,3,13297.0,High,14,0.0,0,0,No,Travel_Rarely,6.0,High,High,High,Very High,3,21,1,1,4,8,10,Single,No,05-09-2024,590166
EMP11515,40,Male,Bachelor's,Sales,Manager,2,25000.0,Very High,8,1.0,1,1,No,Non-Travel,16.0,High,Very High,Medium,High,3,25,1,2,2,11,16,Single,No,30-12-2017,702585
EMP11516,21,Male,Bachelor's,Sales,Sales Executive,1,22220.0,Very High,2,2.0,2,2,Yes,Travel_Frequently,9.0,High,High,Low,Medium,4,11,1,3,3,9,4,Single,No,02-10-2025,573896
EMP11517,59,Male,Master's,Human Resources,HR Executive,4,20695.0,Very High,34,0.0,0,0,Yes,Travel_Rarely,29.0,Very High,High,High,Low,4,16,1,4,0,11,5,Married,Yes,19-10-2011,345406
EMP11518,38,Male,Master's,IT,Manager,1,18201.0,Very High,17,1.0,1,1,No,Travel_Frequently,4.0,Low,Very High,High,Medium,3,12,0,4,3,8,13,Married,No,26-12-2016,381378
EMP11519,58,Male,Master's,Sales,Sales Representative,4,19200.0,Very High,25,12.0,1,1,No,Travel_Rarely,28.0,Medium,High,Low,Low,4,10,1,1,0,1,13,Married,No,13-05-2025,997743
EMP11520,47,Male,Bachelor's,Marketing,Manager,2,25000.0,Very High,25,0.0,0,0,No,Travel_Rarely,26.0,Low,Low,Medium,High,3,21,3,4,4,4,18,Single,No,24-03-2017,920024
EMP11521,36,Male,Master's,Sales,Sales Executive,5,18942.0,Very High,12,5.0,1,2,Yes,Travel_Rarely,22.0,Low,High,Low,High,3,16,1,5,1,9,4,Married,No,30-08-2020,834615
EMP11522,25,Male,Bachelor's,Marketing,Marketing Executive,2,12046.0,High,0,0.0,0,0,Yes,Travel_Rarely,6.0,Medium,Very High,High,High,3,14,1,3,2,9,17,Single,No,08-07-2021,822740
EMP11523,38,Male,High School,Research & Development,Laboratory Technician,3,25000.0,Very High,14,6.0,2,3,No,Travel_Rarely,30.0,Low,Medium,High,Very High,4,20,0,2,3,6,10,Married,Yes,11-09-2017,561597
EMP11524,57,Male,High School,Sales,Sales Representative,1,20087.0,Very High,28,4.0,4,1,No,Travel_Rarely,26.0,Very High,Medium,Medium,High,3,21,1,2,2,8,11,Married,No,15-07-2013,333850
EMP11525,47,Male,Master's,Research & Development,Laboratory Technician,2,22340.0,Very High,24,1.0,1,1,No,Travel_Rarely,14.0,Very High,Very High,Very High,High,3,16,1,0,1,7,18,Single,No,03-01-2018,756123
EMP11526,21,Female,Bachelor's,Sales,Manager,3,25000.0,Very High,0,0.0,0,0,No,Travel_Rarely,3.0,Medium,High,Very High,Medium,3,24,2,4,0,9,20,Divorced,No,14-12-2019,900757
EMP11527,57,Male,Master's,Sales,Sales Representative,3,21824.0,Very High,34,3.0,0,0,No,Travel_Rarely,23.0,High,High,Very High,Very High,3,25,1,5,4,3,16,Married,No,17-02-2010,741744
EMP11528,56,Male,Master's,Research & Development,Research Director,1,25000.0,Very High,34,9.0,1,3,Yes,Travel_Rarely,17.0,High,Very High,Very High,Very High,3,10,3,3,1,2,20,Married,No,31-07-2017,171884
EMP11529,23,Female,High School,IT,IT Support,2,12958.0,High,0,0.0,0,0,Yes,Travel_Frequently,11.0,High,Medium,Very High,Very High,3,14,2,4,2,0,16,Married,Yes,22-02-2014,380824
EMP11530,41,Male,Master's,Research & Development,Research Director,2,19953.0,Very High,13,13.0,2,1,No,Travel_Rarely,24.0,High,Very High,Medium,Very High,3,11,2,3,2,0,1,Single,No,21-04-2024,225830
EMP11531,45,Female,Bachelor's,Research & Development,Manager,1,25000.0,Very High,18,7.0,2,0,No,Travel_Frequently,8.0,Low,High,Low,Very High,3,10,3,6,2,8,5,Married,No,11-03-2010,989736
EMP11532,55,Female,Bachelor's,Human Resources,HR Specialist,2,10939.0,High,36,17.0,3,5,No,Travel_Rarely,8.0,High,Very High,High,High,4,15,3,0,0,3,18,Single,No,20-02-2020,363316
EMP11533,32,Female,Master's,Finance,Accountant,3,24110.0,Very High,5,4.0,2,4,No,Travel_Rarely,25.0,High,Medium,Medium,High,3,21,1,6,2,7,5,Single,No,25-07-2023,702781
EMP11534,51,Female,Master's,Sales,Sales Representative,1,23049.0,Very High,29,3.0,3,0,No,Travel_Rarely,4.0,High,Very High,Medium,Medium,3,14,1,5,0,3,0,Single,No,20-03-2021,816260
EMP11535,36,Male,Bachelor's,Research & Development,Manager,2,22440.0,Very High,3,3.0,1,3,Yes,Travel_Rarely,15.0,Very High,High,Low,High,3,13,1,6,2,11,13,Single,No,27-11-2020,424373
EMP11536,60,Female,Master's,Sales,Sales Representative,4,25000.0,Very High,31,11.0,3,1,Yes,Travel_Rarely,16.0,Very High,High,High,High,3,10,2,4,3,5,1,Married,No,01-11-2017,627278
EMP11537,55,Male,Master's,Sales,Sales Executive,1,25000.0,Very High,29,17.0,3,9,Yes,Travel_Rarely,22.0,High,Medium,High,Very High,3,24,3,6,3,3,20,Married,No,04-08-2025,295901
EMP11538,38,Male,Bachelor's,Finance,Accountant,2,25000.0,Very High,14,2.0,1,2,Yes,Travel_Rarely,11.0,High,High,Medium,High,3,14,0,2,1,1,20,Married,No,14-12-2023,106654
EMP11539,54,Female,Bachelor's,Sales,Sales Executive,3,14085.0,High,32,8.0,2,7,No,Travel_Rarely,28.0,Very High,High,High,Very High,4,16,0,0,1,0,11,Married,No,12-06-2023,505790
EMP11540,59,Male,Master's,Research & Development,Research Director,3,23416.0,Very High,30,1.0,1,1,Yes,Travel_Frequently,7.0,Medium,Very High,Very High,High,3,10,1,5,4,7,16,Married,No,22-02-2024,354729
EMP11541,47,Female,High School,Finance,Financial Analyst,3,22880.0,Very High,23,4.0,1,0,Yes,Travel_Rarely,18.0,Medium,High,High,Medium,3,13,3,6,2,5,3,Married,No,07-06-2021,648637
EMP11542,20,Male,Master's,Sales,Sales Representative,3,13614.0,High,0,0.0,0,0,No,Travel_Rarely,6.0,Medium,High,High,Medium,4,15,1,4,2,0,3,Married,No,,502141
EMP11543,37,Male,Master's,Research & Development,Research Scientist,1,25000.0,Very High,3,2.0,1,2,No,Travel_Rarely,24.0,Very High,High,Medium,High,4,22,2,2,0,4,6,Single,No,09-07-2022,948774
EMP11544,59,Male,Bachelor's,Sales,Sales Representative,2,25000.0,Very High,31,13.0,1,0,No,Travel_Rarely,4.0,High,Medium,Medium,High,3,17,2,2,1,2,12,Single,No,05-05-2014,720686
EMP11545,52,Female,PhD,Marketing,Manager,3,21859.0,Very High,27,1.0,1,1,No,Non-Travel,5.0,Low,Medium,High,Medium,3,16,0,3,3,1,16,Single,No,04-12-2013,226354
EMP11546,31,Male,Bachelor's,Research & Development,Laboratory Technician,1,25000.0,Very High,0,0.0,0,0,No,Travel_Rarely,24.0,Very High,Medium,Very High,High,3,24,3,2,0,2,13,Single,No,07-07-2015,997609
EMP11547,27,Male,Master's,IT,Software Engineer,1,22880.0,Very High,4,4.0,0,1,No,Travel_Rarely,3.0,High,Low,Very High,Medium,3,16,3,1,3,1,16,Divorced,No,11-12-2013,619334
EMP11548,43,Male,Bachelor's,Research & Development,Manager,3,15977.0,Very High,23,1.0,0,1,Yes,Travel_Rarely,6.0,Very High,Medium,High,Very High,3,24,2,6,0,9,15,Married,No,29-12-2010,908794
EMP11549,35,Female,Master's,Sales,Manager,3,9708.0,High,4,2.0,2,1,Yes,Travel_Rarely,14.0,Low,High,Medium,Low,3,17,3,4,1,1,15,Married,No,23-07-2013,925090
EMP11550,23,Male,Bachelor's,Human Resources,HR Executive,2,16033.0,Very High,0,0.0,0,0,No,Travel_Rarely,1.0,High,High,High,Medium,3,22,0,4,2,0,5,Single,No,06-06-2013,660738
EMP11551,57,Female,Master's,Marketing,Marketing Specialist,4,11774.0,High,29,1.0,1,1,No,Non-Travel,20.0,High,High,Medium,High,3,24,1,3,2,2,1,Married,No,29-11-2010,467155
EMP11552,46,Male,Bachelor's,Human Resources,HR Specialist,3,25000.0,Very High,21,8.0,0,1,No,Travel_Rarely,14.0,High,Medium,Medium,Very High,3,16,3,2,1,2,16,Single,No,24-10-2022,830491
EMP11553,28,Male,Bachelor's,IT,Manager,4,20915.0,Very High,1,1.0,0,1,Yes,Travel_Rarely,6.0,High,Medium,High,High,3,22,3,3,3,3,1,Married,No,08-09-2019,697201
EMP11554,35,Male,High School,IT,Software Engineer,4,18851.0,Very High,11,1.0,0,1,No,Travel_Rarely,3.0,High,Medium,High,Low,3,13,0,1,4,2,17,Married,No,11-05-2018,435703
EMP11555,31,Female,Master's,Sales,Manager,2,25000.0,Very High,12,1.0,1,1,No,Travel_Rarely,17.0,Medium,High,Very High,Very High,3,20,0,3,4,7,20,Single,No,12-11-2011,784812
EMP11556,50, female ,Bachelor's,Sales,Sales Executive,3,13296.0,High,25,3.0,3,3,No,Travel_Rarely,22.0,High,Medium,High,High,3,15,1,4,1,11,19,Married,No,23-01-2025,590539
EMP11557,43,Male,Master's,Human Resources,HR Specialist,2,15598.0,Very High,15,7.0,2,2,Yes,Travel_Rarely,14.0,Low,Medium,Very High,Medium,3,21,0,5,0,3,11,Married,No,03-05-2016,588976
EMP11558,33,Female,Master's,Research & Development,Research Director,3,22712.0,Very High,13,2.0,2,2,No,Travel_Rarely,19.0,Medium,Medium,Low,High,3,11,2,5,2,9,3,Married,No,10-05-2014,556010
EMP11559,44,Male,Master's,IT,Manager,3,25000.0,Very High,14,0.0,0,0,No,Travel_Rarely,24.0,Low,High,Medium,High,3,17,2,3,3,0,8,Single,No,15-01-2019,809264
EMP11560,53,Female,Bachelor's,Marketing,Marketing Executive,1,25000.0,Very High,29,4.0,4,0,No,Travel_Rarely,7.0,Medium,High,High,High,3,12,1,4,4,1,10,Married,No,29-09-2012,123859
EMP11561,22,Male,Master's,Research & Development,Manager,1,24631.0,Very High,0,0.0,0,0,Yes,Travel_Rarely,11.0,Medium,Medium,High,Very High,3,25,1,0,2,6,16,Married,Yes,29-09-2022,396624
EMP11562,43,Male,Bachelor's,Sales,Sales Representative,1,,Very High,16,2.0,0,1,No,Travel_Rarely,7.0,High,Low,Medium,High,3,13,3,1,1,5,12,Married,No,05-06-2021,696818
EMP11563,28,Male,Master's,IT,Data Analyst,3,25000.0,Very High,4,3.0,1,1,Yes,Travel_Rarely,13.0,High,Medium,High,High,3,11,2,6,2,8,18,Single,No,29-12-2017,446182
EMP11564,45,Male,Master's,Sales,Sales Executive,3,24119.0,Very High,24,17.0,0,1,Yes,Travel_Rarely,28.0,Medium,High,Very High,Low,3,25,2,1,4,5,7,Married,No,28-03-2012,948786
EMP11565,39,Female,High School,IT,Data Analyst,2,13857.0,High,9,6.0,6,3,No,Travel_Rarely,24.0,High,Very High,High,High,3,25,2,4,3,1,4,Married,No,01-08-2023,216603
EMP11566,59,Female,Bachelor's,Research & Development,Laboratory Technician,2,22488.0,Very High,29,6.0,1,1,Yes,Travel_Frequently,23.0,Low,Medium,High,High,3,24,2,5,0,7,9,Married,No,24-03-2015,587644
EMP11567,29,Male,Bachelor's,Finance,Financial Analyst,3,13587.0,High,8,4.0,2,4,NO,Travel_Frequently,21.0,Medium,Medium,High,High,3,18,0,0,0,8,14,Married,Yes,27-12-2010,994621
EMP11568,38,Female,Bachelor's,Sales,Sales Executive,1,22845.0,Very High,7,7.0,1,2,No,Non-Travel,26.0,High,Medium,High,High,3,11,2,2,2,4,18,Single,No,02-03-2010,856329
EMP11569,22,Male,Master's,Human Resources,HR Specialist,1,17742.0,Very High,0,0.0,0,0,Yes,Non-Travel,24.0,High,High,Very High,High,3,23,1,3,0,5,8,Divorced,Yes,26-03-2021,388254
EMP11570,43,Male,Bachelor's,Research & Development,Laboratory Technician,2,25000.0,Very High,20,11.0,0,0,No,Travel_Frequently,14.0,High,Very High,High,High,3,22,3,6,4,3,15,Married,No,18-07-2013,690364
EMP11571,24,Female,PhD,Human Resources,HR Specialist,4,21635.0,Very High,0,0.0,0,0,No,Non-Travel,24.0,Medium,Low,Medium,High,3,15,3,6,3,10,15,Single,No,04-12-2017,213125
EMP11572,22,Female,Bachelor's,Sales,Sales Executive,3,11709.0,High,2,2.0,2,2,Yes,Travel_Frequently,11.0,High,High,High,High,3,12,1,2,0,1,7,Single,Yes,22-08-2022,722983
EMP11573,46,Male,PhD,Finance,Finance Manager,2,20736.0,Very High,17,2.0,2,2,No,Travel_Frequently,8.0,High,High,Medium,Medium,4,21,2,6,0,11,2,Single,No,01-08-2010,737507
EMP11574,35,Female,Master's,IT,Software Engineer,1,25000.0,Very High,8,2.0,2,1,No,Travel_Rarely,12.0,Very High,High,Low,High,4,25,0,0,1,4,2,Single,No,03-04-2013,523219
EMP11575,34,Male,Master's, sales ,Sales Executive,2,25000.0,Very High,16,8.0,2,1,No,Travel_Rarely,,Medium,Medium,Medium,High,3,24,2,1,0,4,9,Married,No,19-08-2010,979178
EMP11576,54,Female,Bachelor's,Sales,Manager,3,16895.0,Very High,22,2.0,0,1,No,Travel_Frequently,10.0,High,Low,Medium,High,3,15,2,2,0,0,11,Married,Yes,30-10-2011,523508
EMP11577,31,Female,Master's,Sales,Sales Representative,2,10807.0,High,1,1.0,1,1,No,Travel_Rarely,22.0,High,High,Low,High,3,13,1,0,4,11,14,Single,No,08-08-2016,620046
EMP11578,60,Male,Bachelor's,Human Resources,HR Specialist,2,25000.0,Very High,36,1.0,0,1,Yes,Travel_Frequently,2.0,Very High,High,High,Medium,4,22,3,1,0,4,14,Divorced,No,25-08-2015,351961
EMP11579,45,Male,Bachelor's,Human Resources,Manager,1,11834.0,High,18,8.0,7,5,No,Travel_Rarely,24.0,Medium,Very High,High,Medium,3,17,3,5,1,0,18,Married,No,25-09-2018,800399
EMP11580,53,Female,Master's,Research & Development,Manager,4,18101.0,Very High,30,1.0,1,1,No,Travel_Rarely,13.0,High,High,Medium,High,3,12,3,2,1,2,13,Married,No,15-06-2021,831196
EMP11581,42,Female,Master's,Sales,Sales Executive,1,19615.0,Very High,23,9.0,1,1,No,Travel_Rarely,10.0,Medium,Low,Medium,High,4,17,1,6,1,10,10,Single,No,06-06-2025,979015
EMP11582,50,Male,High School,Research & Development,Manager,1,21347.0,Very High,20,5.0,2,1,No,Non-Travel,17.0,High,Medium,High,Medium,3,12,0,5,0,8,5,Married,No,21-01-2012,927664
EMP11583,39,Male,Bachelor's,Human Resources,HR Executive,3,25000.0,Very High,14,1.0,1,0,No,Travel_Rarely,25.0,Medium,High,Medium,High,3,23,0,1,2,3,11,Single,No,24-03-2016,966529
EMP11584,31,Female,Bachelor's,Research & Development,Research Scientist,5,16193.0,Very High,11,4.0,1,4,No,Travel_Frequently,25.0,Low,High,High,Medium,4,14,3,4,2,8,17,Single,No,02-09-2020,861168
EMP11585,42,Male,High School,Marketing,Marketing Specialist,2,19474.0,Very High,12,2.0,1,2,No,Travel_Frequently,22.0,High,High,High,Medium,3,20,3,6,4,5,1,Single,Yes,15-03-2020,191494
EMP11586,23,Male,Bachelor's,Sales,Sales Executive,2,21885.0,Very High,6,2.0,0,1,No,Travel_Rarely,10.0,Medium,Low,Very High,Medium,3,22,0,1,2,0,15,Single,No,21-06-2013,893482
EMP11587,42,Male,Master's,Finance,Accountant,1,23560.0,Very High,10,2.0,2,1,Yes,Travel_Rarely,22.0,Medium,Low,Medium,Medium,3,11,1,1,4,11,3,Single,No,25-02-2011,977906
EMP11588,20,Male,High School,Research & Development,Research Scientist,1,23018.0,Very High,0,0.0,0,0,Yes,Travel_Rarely,6.0,Medium,High,High,Low,3,15,0,6,4,2,3,Married,Yes,21-03-2021,104959
EMP11589,44,Female,Master's,Research & Development,Laboratory Technician,1,25000.0,Very High,12,12.0,4,0,No,Travel_Rarely,27.0,Low,Medium,High,High,3,16,2,0,1,2,20,Married,No,24-05-2022,984695
EMP11590,21,Female,Bachelor's,Finance,Finance Manager,2,25000.0,Very High,2,0.0,0,0,No,Travel_Rarely,20.0,Very High,Medium,High,High,3,17,2,0,3,3,16,Divorced,No,15-10-2013,692709
EMP11591,49,Male,Master's,Finance,Financial Analyst,1,25000.0,Very High,23,5.0,5,5,Yes,Travel_Rarely,1.0,High,High,Very High,High,3,22,1,3,4,9,19,Married,No,15-12-2022,669681
EMP11592,22,Female,Bachelor's,Marketing,Marketing Executive,4,25000.0,Very High,0,0.0,0,0,Yes,Travel_Rarely,17.0,High,Low,High,High,4,13,3,6,0,3,9,Single,Yes,29-09-2023,139288
EMP11593,40,Female,Master's,Sales,Sales Representative,1,10808.0,High,18,5.0,2,0,Yes,Travel_Frequently,1.0,Medium,Very High,Medium,Medium,4,18,2,0,1,7,17,Single,No,13-09-2020,449871
EMP11594,44,Female,High School,Sales,Sales Executive,2,22530.0,Very High,17,2.0,0,1,No,Travel_Rarely,5.0,Very High,Low,High,High,3,11,0,4,0,2,18,Single,No,22-04-2025,680876
EMP11595,39,Male,Bachelor's,Finance,Accountant,2,25000.0,Very High,13,6.0,3,6,No,Travel_Rarely,29.0,Medium,High,Very High,High,4,23,2,4,0,10,10,Married,No,20-12-2025,374038
EMP11596,41,Female,Bachelor's,Human Resources,HR Specialist,2,25000.0,Very High,12,7.0,5,0,No,Travel_Rarely,15.0,High,Medium,Very High,Very High,3,23,0,5,2,3,13,Married,No,03-01-2020,925497
EMP11597,40,Male,Master's,Sales,Sales Executive,1,16130.0,Very High,8,6.0,2,2,No,Travel_Frequently,23.0,Medium,Medium,Very High,Very High,3,17,0,1,0,11,3,Married,Yes,20-10-2022,981671
EMP11598,52,Male,Master's,Sales,Sales Executive,3,16374.0,Very High,25,1.0,1,1,No,Travel_Frequently,1.0,High,High,Low,High,3,15,0,0,4,11,15,Single,No,27-05-2010,464825
EMP11599,57,Male,High School,Sales,Sales Executive,2,17012.0,Very High,27,5.0,5,5,No,Travel_Rarely,17.0,High,High,High,High,3,13,2,6,0,2,2,Married,No,27-09-2024,163344
EMP11600,34,Female,High School,IT,Data Analyst,3,25000.0,Very High,9,2.0,1,2,No,Non-Travel,14.0,Medium,Medium,High,Very High,4,11,1,6,0,6,10,Married,No,20-07-2020,896045
EMP11601,34,Male,Bachelor's,Sales,Sales Representative,2,25000.0,Very High,5,0.0,0,0,Yes,Travel_Frequently,13.0,Low,Low,Medium,Medium,3,13,0,6,2,5,4,Married,Yes,25-11-2017,177045
EMP11602,44,Female,Bachelor's,Research & Development,Manager,1,18336.0,Very High,20,3.0,0,3,No,Travel_Frequently,28.0,High,Very High,Medium,High,3,24,2,3,0,0,20,Married,Yes,04-04-2023,699976
EMP11603,40,Male,Master's,Sales,Manager,2,25000.0,Very High,16,3.0,2,1,No,Travel_Frequently,11.0,Medium,Medium,Very High,High,3,12,3,0,4,9,1,Single,No,20-08-2020,561957
EMP11604,43,Female,Master's,Research & Development,Manager,2,23285.0,Very High,15,3.0,1,1,No,Travel_Rarely,12.0,Low,Medium,High,Medium,3,22,1,6,4,0,11,Single,No,15-09-2013,965935
EMP11605,24,Male,PhD,Sales,Sales Executive,4,20828.0,Very High,0,0.0,0,0,No,Travel_Rarely,6.0,Medium,Low,High,Low,3,13,2,3,0,5,12,Single,No,01-03-2024,205767
EMP11606,25,Male,PhD,Research & Development,Research Director,4,20028.0,Very High,0,0.0,0,0,No,Travel_Rarely,11.0,High,Very High,High,High,4,13,1,1,4,2,1,Single,No,20-08-2020,147578
EMP11607,42,Male,Master's,Sales,Sales Executive,1,25000.0,Very High,14,2.0,2,0,Yes,Travel_Rarely,2.0,High,Low,Medium,Medium,3,24,2,6,4,8,4,Single,No,10-02-2012,224899
EMP11608,23,Female,High School,IT,Software Engineer,1,25000.0,Very High,4,0.0,0,0,Yes,Travel_Rarely,18.0,Low,Medium,High,Medium,3,20,0,6,2,11,18,Single,No,25-10-2015,510763
EMP11609,46,Female,Bachelor's,Sales,Sales Representative,1,25000.0,Very High,18,6.0,4,2,No,Travel_Frequently,12.0,Medium,Medium,High,Medium,3,16,3,5,1,11,4,Single,No,28-05-2016,812702
EMP11610,37,Female,Bachelor's,Research & Development,Laboratory Technician,5,15010.0,Very High,3,3.0,3,3,No,Travel_Rarely,29.0,High,High,High,High,3,10,2,5,1,1,2,Divorced,No,19-10-2025,507936
EMP11611,40,Female,Bachelor's,IT,Manager,1,25000.0,Very High,13,2.0,1,2,No,Non-Travel,23.0,High,Medium,Low,Medium,4,24,1,4,3,11,18,Married,No,24-06-2019,528023
EMP11612,47,Female,Master's,Finance,Financial Analyst,2,17359.0,Very High,23,6.0,3,3,No,Travel_Rarely,15.0,Medium,High,High,High,4,18,3,0,1,2,18,Married,No,16-11-2023,981948
EMP11613,54,Male,PhD,Research & Development,Manager,2,14896.0,High,25,4.0,2,3,No,Travel_Rarely,9.0,High,Medium,Medium,High,3,14,3,0,0,8,10,Single,No,09-11-2014,222064
EMP11614,41,Male,Master's,Research & Development,Manager,2,21919.0,Very High,22,3.0,3,3,No,Travel_Rarely,8.0,Medium,Medium,Low,High,3,12,3,4,4,11,11,Single,No,30-04-2017,140017
EMP11615,59,Male,Bachelor's,Research & Development,Research Scientist,1,23431.0,Very High,32,4.0,0,1, yes,Travel_Rarely,18.0,Medium,Very High,High,Medium,3,16,0,4,1,5,18,Single,Yes,29-04-2021,279632
EMP11616,42,Male,Bachelor's,Finance,Financial Analyst,1,25000.0,Very High,23,5.0,1,1,Yes,Non-Travel,16.0,Very High,High,Medium,Low,4,16,0,5,2,0,19,Single,No,07-10-2014,773527
EMP11617,22,Female,Master's,Marketing,Marketing Specialist,2,20275.0,Very High,2,2.0,2,2,No,Travel_Frequently,30.0,Very High,Medium,Very High,High,3,17,2,5,3,1,9,Divorced,Yes,08-06-2022,672815
EMP11618,59,Male,Master's,Finance,Finance Manager,1,13246.0,High,30,2.0,1,0,No,Travel_Rarely,23.0,Medium,High,High,Very High,3,19,0,5,0,6,16,Married,Yes,28-01-2011,830466
EMP11619,29, female ,Bachelor's,Research & Development,Manager,1,24906.0,Very High,2,1.0,1,1,Yes,Non-Travel,21.0,Low,High,High,Low,3,13,3,2,1,5,11,Single,No,12-12-2024,579880
EMP11620,44,Male,Master's,Finance,Financial Analyst,1,8659.0,High,17,1.0,1,1,No,Travel_Frequently,29.0,Medium,High,Medium,High,3,22,1,2,4,0,2,Married,Yes,01-08-2014,272986
EMP11621,27,Female,Master's,Research & Development,Laboratory Technician,2,21134.0,Very High,4,4.0,0,2,No,Travel_Rarely,27.0,Low,High,Medium,High,3,18,3,2,2,9,20,Single,Yes,10-02-2010,651275
EMP11622,30,Male,Bachelor's,Sales,Sales Executive,2,22186.0,Very High,6,6.0,1,2,No,Travel_Rarely,10.0,Low,Low,High,Very High,3,11,3,4,1,1,7,Married,Yes,18-02-2018,490438
EMP11623,24,Male,Bachelor's,Research & Development,Research Director,1,25000.0,Very High,0,0.0,0,0,Yes,Travel_Rarely,12.0,Medium,Low,Very High,Medium,4,15,0,2,4,5,7,Single,Yes,11-01-2024,611397
EMP11624,56,Female,Master's,Marketing,Marketing Specialist,1,25000.0,Very High,36,1.0,1,1,Yes,Travel_Rarely,30.0,Very High,Medium,Low,High,4,12,1,0,1,11,12,Married,No,2015/08/20,188042
EMP11625,57,Female,Master's,Sales,Sales Executive,1,17560.0,Very High,30,7.0,1,7,No,Travel_Frequently,29.0,Very High,High,High,High,3,17,3,4,0,5,12,Married,Yes,15-07-2011,553637
EMP11626,48,Male,Bachelor's,Finance,Accountant,2,20583.0,Very High,28,9.0,1,1,Yes,Travel_Rarely,20.0,High,Very High,Medium,Medium,4,17,1,0,3,5,9,Married,No,03-07-2012,385264
EMP11627,24,Male,Master's,Sales,Sales Executive,1,15603.0,Very High,4,4.0,2,2,No,Travel_Rarely,12.0,High,High,High,Medium,3,25,1,4,4,8,14,Single,No,21-03-2024,367095
EMP11628,28,Male,Master's,Research & Development,Manager,2,13258.0,High,0,0.0,0,0,Yes,Travel_Rarely,30.0,Low,Low,High,Low,3,15,3,6,3,1,15,Married,No,27-09-2015,784617
EMP11629,21,Female,Master's,Sales,Manager,1,25000.0,Very High,0,0.0,0,0,Yes,Non-Travel,10.0,Medium,High,Low,High,3,13,0,1,3,9,12,Divorced,No,01-10-2018,697471
EMP11630,20,Male,Bachelor's,Research & Development,Laboratory Technician,4,12418.0,High,0,0.0,0,0,Yes,Travel_Frequently,14.0,Low,High,High,High,3,23,0,0,2,9,10,Married,No,20-03-2013,546266
EMP11631,59,Female,PhD,IT,IT Support,1,18277.0,Very High,39,1.0,1,1,No,Travel_Rarely,4.0,High,Medium,Very High,Low,4,17,2,6,4,10,11,Married,No,24-06-2014,179362
EMP11632,49,Female,Bachelor's,Research & Development,Research Scientist,4,14075.0,High,16,0.0,0,0,No,Travel_Rarely,15.0,Low,Medium,High,Medium,3,15,3,4,2,8,13,Married,Yes,12-06-2022,253490
EMP11633,30,Female,Master's,Finance,Finance Manager,3,25000.0,Very High,0,0.0,0,0,No,Travel_Rarely,20.0,Very High,High,Medium,Medium,4,21,3,3,3,8,19,Married,No,15-05-2023,426882
EMP11634,47,Male,Master's,IT,IT Support,2,25000.0,Very High,21,0.0,0,0,Yes,Travel_Frequently,9.0,High,High,Medium,Low,3,18,1,4,0,9,2,Divorced,Yes,09-05-2017,876858
EMP11635,31,Male,Bachelor's,Marketing,Manager,4,12262.0,High,2,2.0,1,2,No,Travel_Rarely,7.0,Medium,Medium,Very High,Medium,3,23,1,1,0,8,14,Married,No,20-04-2020,138168
EMP11636,58,Male,Bachelor's,Sales,Sales Representative,1,9568.0,High,37,3.0,0,1,No,Travel_Frequently,7.0,Low,Medium,High,Low,3,16,2,4,1,8,10,Single,No,03-05-2016,234868
EMP11637,45,Female,Master's, sales ,Research Director,1,20823.0,Very High,22,2.0,2,1,Yes,Non-Travel,30.0,High,High,Medium,Medium,4,18,2,1,1,2,2,Single,Yes,13-02-2019,242017
EMP11638,32,Female,Master's,Sales,Manager,1,22183.0,Very High,10,10.0,5,5,No,Travel_Rarely,20.0,Very High,High,Medium,High,3,22,1,2,4,9,17,Married,No,02-07-2020,281587
EMP11639,27,Female,Bachelor's,Marketing,Manager,1,24304.0,Very High,0,0.0,0,0,Yes,Travel_Rarely,9.0,High,High,Very High,High,3,23,1,0,0,8,7,Single,No,28-10-2016,468022
EMP11640,47,Female,Bachelor's,Marketing,Marketing Specialist,1,18019.0,Very High,21,2.0,2,2,No,Travel_Rarely,24.0,Medium,Very High,High,Medium,4,25,2,1,3,9,7,Married,No,10-07-2022,156894
EMP11641,49,Male,High School,Research & Development,,2,20125.0,Very High,24,7.0,3,3,No,Travel_Rarely,10.0,High,Low,Low,Medium,3,17,0,3,0,8,12,Single,No,29-12-2025,342105
EMP11642,28,Male,Bachelor's,SALES,Software Engineer,1,25000.0,Very High,3,0.0,0,0,No,Travel_Rarely,20.0,Medium,Medium,Low,Very High,3,23,2,0,4,2,5,Married,No,31-05-2024,455040
EMP11643,58,Male,PhD,Research & Development,Laboratory Technician,2,25000.0,Very High,33,6.0,0,4,Yes,Travel_Rarely,13.0,Very High,High,Very High,Medium,3,25,1,4,1,3,9,Married,No,2017/03/17,243153
EMP11644,50,Male,Master's,Human Resources,Manager,1,9138.0,High,21,8.0,5,1,No,Travel_Rarely,6.0,High,High,High,Low,3,13,3,4,1,3,14,Married,No,04-06-2014,247847
EMP11645,40,Female,PhD,Sales,Sales Representative,2,18657.0,Very High,13,13.0,1,1,Yes,Travel_Rarely,4.0,High,Very High,Low,Medium,4,21,1,1,2,3,4,Single,No,28-10-2012,667159
EMP11646,53,Female,High School,IT,Manager,5,24251.0,Very High,29,10.0,4,1,No,Travel_Frequently,17.0,Medium,High,High,High,4,15,0,6,1,6,0,Married,No,07-04-2013,114770
EMP11647,50,Female,Master's,Sales,Sales Executive,2,14573.0,High,21,2.0,0,1,No,Travel_Rarely,21.0,High,High,Medium,Low,3,23,1,3,3,4,7,Married,No,27-09-2023,902039
EMP11648,44,Female,High School,IT,Data Analyst,2,25000.0,Very High,14,4.0,4,0,Yes,Travel_Rarely,26.0,Medium,High,High,Very High,3,16,1,1,4,6,1,Single,No,08-04-2023,998345
EMP11649,31,Female,Master's,IT,IT Support,2,16549.0,Very High,7,0.0,0,0,No,Travel_Frequently,14.0,Low,Medium,Medium,Medium,4,13,2,6,1,5,0,Divorced,No,09-01-2016,298462
EMP11650,20,Male,Bachelor's,Finance,Accountant,3,21621.0,Very High,0,0.0,0,0,No,Travel_Rarely,27.0,Medium,High,Medium,Medium,4,13,0,3,1,6,15,Single,No,06-12-2024,349246
EMP11651,41,Male,High School,Sales,Manager,1,25000.0,Very High,21,0.0,0,0,No,Travel_Rarely,3.0,Very High,Medium,Medium,High,3,19,2,5,3,7,4,Single,No,16-01-2011,925448
EMP11652,59,Female,Bachelor's,Research & Development,Manager,4,16881.0,Very High,36,2.0,1,1,Yes,Travel_Frequently,1.0,High,Medium,Medium,Medium,3,12,3,1,1,5,18,Married,No,21-04-2018,456410
EMP11653,56,Male,Bachelor's,Sales,Sales Executive,2,9595.0,High,32,10.0,2,3,No,Travel_Rarely,18.0,Low,Low,Medium,High,4,19,3,2,3,8,10,Married,No,06-07-2020,518001
EMP11654,20,Male,Master's,Research & Development,Research Director,1,18162.0,Very High,0,0.0,0,0,No,Travel_Rarely,2.0,Very High,Very High,Low,High,3,15,0,2,1,3,7,Married,No,05-04-2025,851710
EMP11655,20,Male,Master's,Sales,Sales Representative,5,25000.0,Very High,2,2.0,2,1,No,Travel_Rarely,8.0,Medium,Very High,Low,Low,4,20,3,2,3,11,3,Single,Yes,12-09-2013,403705
EMP11656,40,Female,Master's,Marketing,Manager,4,18928.0,Very High,16,3.0,3,2,No,Travel_Rarely,16.0,Medium,Low,Very High,Very High,3,11,3,1,1,4,13,Single,No,24-12-2013,269303
EMP11657,34,Male,PhD,Research & Development,Research Director,2,15050.0,Very High,8,3.0,3,0,No,Travel_Rarely,4.0,Medium,High,High,High,3,22,1,6,4,8,16,Divorced,No,31-10-2022,405202
EMP11658,36,Female,Bachelor's,Research & Development,Manager,1,25000.0,Very High,7,7.0,1,3,No,Non-Travel,19.0,High,Very High,Medium,Medium,3,20,2,0,2,8,8,Single,No,29-07-2018,814680
EMP11659,41,Female,Bachelor's,Research & Development,Manager,3,18980.0,Very High,17,2.0,2,1,Yes,Travel_Rarely,20.0,High,High,High,High,3,13,2,4,2,1,3,Single,No,25-02-2013,578084
EMP11660,57,Female,Master's,Research & Development,Laboratory Technician,1,17508.0,Very High,28,5.0,0,2,No,Travel_Rarely,10.0,Medium,High,High,Low,3,17,2,0,0,1,1,Divorced,No,07-11-2013,596116
EMP11661,54,Male,Bachelor's,Human Resources,HR Executive,2,23559.0,Very High,22,3.0,3,2,No,Non-Travel,17.0,High,Low,Low,High,3,12,0,4,2,8,9,Married,No,2013/04/08,614762
EMP11662,35,Female,High School,Research & Development,Research Scientist,1,25000.0,Very High,6,0.0,0,0,No,Travel_Frequently,17.0,Medium,Medium,Low,High,3,21,1,3,3,5,18,Single,No,06-07-2011,794835
EMP11663,27,Male,Master's,Marketing,Marketing Specialist,2,25000.0,Very High,5,3.0,3,3,No,Travel_Rarely,21.0,High,Medium,High,Very High,3,22,1,2,3,7,8,Married,No,16-11-2012,951927
EMP11664,36,Male,High School,Research & Development,Research Director,3,25000.0,Very High,12,8.0,1,2,Yes,Travel_Rarely,7.0,Low,Very High,Medium,High,3,17,0,2,2,7,15,Divorced,Yes,15-08-2015,929120
EMP11665,36,Female,Bachelor's, sales ,Marketing Specialist,1,25000.0,Very High,7,1.0,1,0,No,Travel_Rarely,9.0,High,High,High,Very High,4,16,2,4,3,7,19,Married,No,01-11-2023,250667
EMP11666,45,Male,Bachelor's,IT,IT Support,4,17541.0,Very High,23,0.0,0,0,No,Non-Travel,7.0,High,Very High,High,Medium,4,23,1,2,4,4,16,Single,No,03-04-2019,817925
EMP11667,32,Female,High School,Sales,Sales Representative,1,13882.0,High,5,1.0,0,1,Yes,Travel_Rarely,27.0,High,High,Low,Low,3,16,1,0,3,10,1,Single,No,02-11-2014,793142
EMP11668,36,Male,High School,Marketing,Marketing Executive,1,22653.0,Very High,7,7.0,3,4,No,Travel_Frequently,21.0,Medium,High,High,Very High,4,20,2,1,4,10,18,Single,No,25-01-2025,410391
EMP11669,57,Male,High School,Sales,Manager,2,23115.0,Very High,26,6.0,6,6,No,Travel_Rarely,3.0,High,High,Medium,Medium,4,18,3,2,4,9,1,Single,No,10-09-2010,509907
EMP11670,36,Female,Bachelor's,IT,IT Support,3,13557.0,High,6,4.0,3,0,Yes,Travel_Frequently,24.0,Low,High,Medium,Very High,3,13,0,5,4,3,15,Single,No,02-12-2023,758283
EMP11671,33,Female,Bachelor's,Research & Development,Research Scientist,4,20356.0,Very High,7,3.0,0,1,Yes,Travel_Rarely,12.0,Very High,Very High,High,Medium,3,20,1,6,1,2,15,Married,Yes,28-06-2010,551032
EMP11672,25,Male,Bachelor's,IT,Software Engineer,3,25000.0,Very High,1,1.0,1,1,No,Non-Travel,23.0,Low,Medium,High,Medium,3,17,2,6,0,3,13,Single,No,24-01-2025,724062
EMP11673,54,Female,Master's,IT,Manager,1,25000.0,Very High,25,7.0,7,1,No,Non-Travel,4.0,Low,Low,Medium,High,4,11,3,2,3,7,19,Married,No,24-09-2025,558827
EMP11674,33,Female,Bachelor's,IT,Data Analyst,5,25000.0,Very High,9,8.0,0,0,Yes,Travel_Rarely,17.0,High,Medium,Low,High,3,24,2,5,1,3,0,Divorced,No,14-09-2010,772386
EMP11675,27,Male,High School,IT,IT Support,4,25000.0,Very High,2,2.0,1,2,No,Travel_Frequently,29.0,High,Low,High,Very High,3,12,2,3,0,7,8,Single,Yes,17-04-2025,634679
EMP11676,34,Female,Bachelor's,Research & Development,Research Director,1,17533.0,Very High,9,5.0,5,1,No,Travel_Frequently,3.0,Low,Low,Very High,Very High,3,13,3,1,1,7,14,Married,No,20-09-2020,482681
EMP11677,46,Male,Bachelor's,Sales,Sales Representative,2,17479.0,Very High,20,3.0,3,1,No,Non-Travel,11.0,Very High,Medium,Very High,High,3,18,0,4,3,0,14,Married,No,15-04-2023,282862
EMP11678,32,Male,Bachelor's,Research & Development,Research Scientist,2,12842.0,High,8,8.0,4,8,No,Travel_Rarely,8.0,Very High,Medium,Medium,High,3,10,1,1,4,10,10,Single,No,29-06-2017,893438
EMP11679,50,Male,Bachelor's,Sales,Sales Executive,2,25000.0,Very High,22,13.0,13,1,No,Travel_Rarely,2.0,High,High,Medium,High,3,25,0,1,1,10,4,Married,No,19-01-2014,807050
EMP11680,54,Male,Master's,Finance,Accountant,5,22160.0,Very High,30,0.0,0,0,No,Travel_Frequently,25.0,Medium,High,Very High,High,3,16,0,4,0,11,7,Single,No,not available,175689
EMP11681,25,Male,Master's,Research & Development,Laboratory Technician,1,19907.0,Very High,2,0.0,0,0,Yes,Travel_Frequently,14.0,High,Medium,Medium,Very High,3,11,2,1,0,11,6,Single,No,13-03-2013,606260
EMP11682,24,Female,PhD,Marketing,Manager,2,14502.0,High,1,1.0,1,1,No,Travel_Rarely,4.0,Medium,Medium,Low,Medium,3,14,2,3,0,8,5,Married,No,26-11-2019,699764
EMP11683,41,Female,Bachelor's,Human Resources,HR Specialist,1,25000.0,Very High,10,2.0,2,2,No,Travel_Frequently,16.0,Medium,High,High,Low,3,10,2,5,1,2,6,Single,No,27-03-2017,419862
EMP11684,42,Male,Bachelor's,IT,Data Analyst,2,13589.0,High,19,10.0,5,0,Yes,Travel_Rarely,14.0,Very High,Medium,Medium,High,3,15,0,0,0,5,18,Married,No,04-05-2025,693236
EMP11685,44,Female,Bachelor's,Sales,Sales Executive,3,18161.0,Very High,27,2.0,2,1,No,Travel_Frequently,7.0,Very High,Low,Medium,Medium,3,22,1,1,2,2,13,Married,No,21-01-2020,875286
EMP11686,53,Male,Master's,IT,Manager,1,25000.0,Very High,29,1.0,1,1,Yes,Travel_Rarely,10.0,Very High,High,Medium,Medium,3,21,2,0,0,8,10,Single,Yes,28-04-2018,617103
EMP11687,45,Female,Bachelor's,Marketing,Manager,2,25000.0,Very High,18,0.0,0,0,No,Travel_Rarely,12.0,Medium,High,Very High,High,4,12,3,3,0,0,18,Married,No,06-04-2019,853816
EMP11688,24,Male,Bachelor's,Research & Development,Laboratory Technician,4,25000.0,Very High,0,0.0,0,0,No,Travel_Rarely,23.0,Medium,Medium,High,Very High,4,22,1,3,1,6,13,Married,No,18-01-2012,584875
EMP11689,45,Female,Bachelor's,Human Resources,Manager,3,25000.0,Very High,19,1.0,1,1,No,Travel_Rarely,28.0,Medium,Medium,High,Medium,3,15,1,6,3,4,18,Married,No,23-07-2017,357839
EMP11690,39,Female,Master's,IT,IT Support,2,25000.0,Very High,15,,1,1,Yes,Travel_Rarely,8.0,Medium,High,High,Medium,3,17,1,6,1,11,5,Single,No,29-12-2025,490756
EMP11691,25,Female,Master's,Sales,Manager,1,13695.0,High,8,6.0,5,6,Yes,Travel_Rarely,23.0,Medium,High,High,Very High,3,17,3,1,1,2,0,Single,No,03-06-2017,189809
EMP11692,25,Female,PhD,Research & Development,Laboratory Technician,2,19621.0,Very High,5,5.0,1,1,No,Travel_Rarely,11.0,Medium,Medium,Very High,Very High,3,21,3,2,2,11,13,Single,Yes,26-05-2023,207205
EMP11693,37,Male,Bachelor's,Research & Development,Manager,3,25000.0,Very High,15,3.0,0,1,No,Travel_Rarely,20.0,High,Very High,Medium,Medium,4,13,2,1,3,10,11,Single,No,28-10-2016,900540
EMP11694,23,Female,Bachelor's,Sales,Sales Representative,3,25000.0,Very High,1,1.0,1,1,No,Travel_Frequently,13.0,High,Medium,High,High,3,16,1,0,1,6,11,Single,No,06-04-2010,248636
EMP11695,36,Male,Master's,Research & Development,Laboratory Technician,1,11743.0,High,5,4.0,4,4,No,Travel_Rarely,12.0,High,High,Medium,High,3,21,0,3,2,0,8,Married,No,26-02-2022,608077
EMP11696,33,Male,Bachelor's,Sales,Manager,2,25000.0,Very High,8,4.0,1,1,Yes,Travel_Rarely,7.0,High,Very High,High,Very High,3,25,0,0,1,5,8,Married,No,04-03-2023,980877
EMP11697,33,Female,Bachelor's,Sales,Manager,1,23884.0,Very High,2,2.0,2,1,No,Travel_Rarely,21.0,Low,Low,High,High,4,25,0,0,2,6,13,Single,No,01-09-2010,743835
EMP11698,32,Female,Master's,Sales,Sales Executive,1,25000.0,Very High,8,0.0,0,0,No,Non-Travel,12.0,Low,Low,Low,High,3,15,2,6,4,8,19,Married,No,26-02-2020,712895
EMP11699,26,Male,Master's,Marketing,Marketing Specialist,2,21038.0,Very High,1,0.0,0,0,Yes,Travel_Rarely,10.0,High,Low,High,High,3,11,0,4,0,8,1,Married,No,22-06-2011,921743
EMP11700,34,Male,PhD,Research & Development,Research Scientist,1,15077.0,Very High,4,1.0,0,1,No,Travel_Rarely,7.0,High,Low,High,Very High,3,15,1,3,0,6,13,Married,No,29-06-2019,561964
EMP11701,38,Male,Master's,Marketing,Marketing Executive,1,25000.0,Very High,15,1.0,1,1,No,Travel_Frequently,19.0,High,High,Medium,High,3,11,2,3,1,4,6,Married,No,20-12-2021,810509
EMP11702,54,Male,Bachelor's,Research & Development,Laboratory Technician,3,25000.0,Very High,32,6.0,1,3,Yes,Non-Travel,26.0,Low,High,Low,Medium,4,22,2,0,2,6,14,Divorced,No,10-01-2015,722772
EMP11703,36,Male,Bachelor's,Research & Development,Research Scientist,2,25000.0,Very High,15,1.0,1,1,No,Travel_Rarely,27.0,Medium,Very High,Medium,High,3,13,3,5,4,10,7,Married,No,24-07-2020,589569
EMP11704,54,Male,Master's,Research & Development,Research Director,3,21895.0,Very High,31,11.0,2,5,No,Non-Travel,7.0,High,Medium,High,High,3,14,1,3,0,0,18,Married,No,06-06-2025,896981
EMP11705,38,Male,Master's,Research & Development,Research Scientist,2,16816.0,Very High,11,11.0,1,1,No,Travel_Rarely,23.0,Very High,High,High,High,4,18,0,5,1,6,1,Married,No,24-05-2020,118811
EMP11706,39,Female,Master's,Sales,Manager,3,10922.0,High,15,15.0,1,5,No,Travel_Rarely,18.0,Very High,High,Very High,High,4,22,1,5,1,11,0,Married,No,06-04-2024,974483
EMP11707,55,Female,PhD,Human Resources,HR Specialist,1,,Very High,31,14.0,0,2,No,Travel_Rarely,24.0,High,Medium,Medium,Medium,3,12,1,1,2,9,18,Single,No,05-08-2014,269331
EMP11708,54,Male,Master's,Sales,Sales Representative,1,25000.0,Very High,29,2.0,2,0,Yes,Travel_Rarely,23.0,High,High,Medium,Very High,3,21,2,4,3,3,7,Divorced,No,25-08-2011,857148
EMP11709,51,Female,Bachelor's,Human Resources,HR Specialist,2,14263.0,High,21,4.0,3,4,No,Travel_Rarely,25.0,High,High,High,Very High,4,25,0,1,1,1,6,Single,No,14-08-2019,729426
EMP11710,59,Female,Master's,Finance,Financial Analyst,1,17286.0,Very High,35,1.0,1,1,No,Travel_Rarely,12.0,High,High,High,Very High,4,14,0,6,4,5,17,Married,Yes,04-09-2022,401515
EMP11711,43,Male,Master's,Sales,Sales Representative,3,17854.0,Very High,24,8.0,1,3,No,Travel_Rarely,4.0,High,Medium,High,High,4,11,0,2,4,6,18,Married,No,18-01-2021,154448
EMP11712,36,Male,High School,Sales,Sales Representative,2,11301.0,High,5,5.0,1,5,Yes,Travel_Rarely,25.0,Very High,Medium,Medium,Medium,3,12,3,2,3,10,12,Single,Yes,09-12-2012,272894
EMP11713,26,Male,Bachelor's,IT,Data Analyst,1,15246.0,Very High,0,0.0,0,0,No,Travel_Rarely,1.0,High,High,Medium,High,4,22,1,5,4,6,15,Divorced,No,24-06-2014,768584
EMP11714,20,Male,Master's,Research & Development,Manager,2,13224.0,High,0,0.0,0,0,No,Travel_Rarely,5.0,Very High,Low,High,Low,3,14,2,0,2,7,10,Single,Yes,29-09-2010,190581
EMP11715,54,Male,Bachelor's,Sales,,4,18295.0,Very High,24,7.0,2,6,No,Travel_Rarely,10.0,Medium,High,Low,High,3,16,2,5,1,4,9,Married,No,17-10-2020,637305
EMP11716,51,Male,Master's,Marketing,Marketing Executive,1,15797.0,Very High,19,1.0,1,1,No,Non-Travel,7.0,High,Low,Medium,High,3,22,2,2,2,9,18,Married,No,16-02-2021,696970
EMP11717,55,Male,Bachelor's,Sales,Sales Representative,1,10592.0,High,34,0.0,0,0,No,Travel_Rarely,20.0,High,Medium,Low,Medium,3,25,0,1,3,10,4,Single,No,15-02-2014,478635
EMP11718,32,Female,PhD,Finance,Financial Analyst,3,25000.0,Very High,14,7.0,5,1,Yes,Travel_Rarely,29.0,Low,Medium,High,High,3,15,0,2,3,9,11,Single,Yes,22-04-2025,270352
EMP11719,25,Male,Bachelor's,Marketing,Marketing Specialist,1,25000.0,Very High,0,0.0,0,0,No,Travel_Rarely,7.0,High,Low,Medium,Low,3,23,2,0,2,10,3,Single,No,05-02-2022,745605
EMP11720,33,Female,High School,Sales,Manager,1,15513.0,Very High,13,13.0,0,3,No,Travel_Rarely,30.0,Medium,Medium,Low,Very High,3,23,1,3,0,7,15,Divorced,No,17-12-2014,689571
EMP11721,56,Male,Bachelor's,Sales,Sales Executive,1,24899.0,Very High,30,1.0,1,1,No,Travel_Rarely,28.0,High,Very High,Low,Medium,3,11,2,4,3,3,1,Married,No,12-07-2010,809164
EMP11722,34,Female,Bachelor's,Sales,Sales Executive,2,25000.0,Very High,10,10.0,1,3,No,Travel_Rarely,25.0,High,Low,Medium,High,4,22,1,0,1,9,3,Married,Yes,23-05-2011,849360
EMP11723,23,Male,Bachelor's,Research & Development,Research Director,2,25000.0,Very High,0,0.0,0,0,No,Travel_Frequently,13.0,Medium,Low,High,Medium,3,23,2,0,3,0,15,Married,No,07-03-2013,215657
EMP11724,59,Female,Bachelor's,Sales,Sales Executive,2,15239.0,Very High,38,9.0,1,1,No,Travel_Rarely,14.0,Medium,High,High,High,3,18,1,0,2,11,10,Single,No,18-12-2023,945043
EMP11725,35,Female,Master's,Finance,Finance Manager,4,25000.0,Very High,12,8.0,6,3,Yes,Travel_Rarely,5.0,High,Medium,Very High,High,3,17,2,1,2,7,5,Divorced,No,24-08-2019,972574
EMP11726,47,Female,Bachelor's,Sales,Sales Executive,3,17213.0,Very High,21,12.0,12,5,No,Travel_Rarely,21.0,High,Medium,Medium,Medium,4,18,3,3,4,3,10,Divorced,No,13-12-2020,542001
EMP11727,35,Female,Master's,Research & Development,Research Scientist,5,12075.0,High,14,2.0,1,2,No,Travel_Frequently,2.0,Medium,High,Low,High,3,18,3,0,0,4,9,Married,No,11-09-2019,586189
EMP11728,23,Male,Master's,Marketing,Manager,2,25000.0,Very High,0,0.0,0,0, yes,Travel_Frequently,14.0,Very High,Medium,Medium,High,4,14,0,3,2,3,14,Married,No,04-07-2022,236303
EMP11729,45,Female,Master's,IT,Data Analyst,1,25000.0,Very High,20,1.0,1,1,Yes,Travel_Rarely,21.0,High,Medium,Medium,High,3,20,0,5,4,6,20,Married,No,17-07-2014,359026
EMP11730,47,Male,Bachelor's,Human Resources,HR Specialist,4,25000.0,Very High,19,0.0,0,0,Yes,Travel_Rarely,8.0,High,High,High,Low,3,16,0,6,4,9,6,Single,No,06-11-2015,871513
EMP11731,51,Male,Bachelor's,Research & Development,Research Scientist,1,12837.0,High,25,3.0,3,2,No,Non-Travel,20.0,Low,Low,Very High,High,4,16,0,6,1,2,20,Single,Yes,29-05-2022,565166
EMP11732,21,Male,Bachelor's,Human Resources,HR Executive,3,25000.0,Very High,0,0.0,0,0,No,Travel_Rarely,2.0,Very High,Very High,Medium,Medium,3,25,2,0,4,1,14,Divorced,No,04-08-2021,472025
EMP11733,50,Male,Master's,Research & Development,Research Director,1,18317.0,Very High,28,3.0,3,3,Yes,Travel_Rarely,8.0,Low,Low,Medium,High,3,19,3,1,0,9,0,Divorced,No,31-05-2020,936246
EMP11734,22,Female,Master's,Research & Development,Laboratory Technician,3,25000.0,Very High,0,0.0,0,0,Yes,Travel_Rarely,20.0,High,High,Medium,Low,3,18,0,0,1,11,7,Married,No,30-06-2020,826422
EMP11735,27,Female,Bachelor's,Sales,Sales Executive,4,11365.0,High,0,0.0,0,0,No,Travel_Rarely,30.0,High,High,Very High,Medium,4,18,1,6,2,1,4,Married,No,05-01-2025,220660
EMP11736,43,Male,High School,IT,IT Support,2,12478.0,High,21,1.0,1,1,No,Non-Travel,29.0,Medium,Medium,High,Low,4,15,1,5,2,6,20,Married,No,09-02-2015,595513
EMP11737,34,Female,Bachelor's,Research & Development,Manager,1,15535.0,Very High,3,3.0,3,1,Yes,Non-Travel,5.0,High,Low,Very High,Very High,3,12,0,2,4,10,5,Married,Yes,19-10-2020,822156
EMP11738,50,Female,Bachelor's,Sales,Sales Executive,1,22823.0,Very High,27,0.0,0,0,No,Travel_Frequently,30.0,Medium,Very High,High,Very High,3,17,0,1,3,11,3,Married,No,21-02-2018,513857
EMP11739,28,Male,Bachelor's,Research & Development,Manager,2,16507.0,Very High,5,5.0,0,4,No,Travel_Rarely,12.0,High,High,High,Very High,4,10,0,6,0,9,14,Married,No,14-07-2021,609308
EMP11740,58,Male,Master's,Research & Development,Research Director,1,25000.0,Very High,36,2.0,2,2,No,Travel_Rarely,7.0,High,Medium,Low,High,3,19,2,0,0,5,3,Married,No,26-04-2012,666056
EMP11741,21,Female,Bachelor's,IT,Data Analyst,2,25000.0,Very High,0,0.0,0,0,No,Travel_Rarely,27.0,Very High,Low,Very High,High,3,20,1,0,4,1,2,Single,No,13-04-2025,676972
EMP11742,27,Male,Master's,Finance,Accountant,2,25000.0,Very High,0,0.0,0,0,No,Non-Travel,21.0,Very High,Very High,High,High,3,13,1,0,0,7,15,Single,No,16-08-2012,377816
EMP11743,26,Male,PhD,IT,Manager,1,25000.0,Very High,0,0.0,0,0,Yes,Travel_Rarely,13.0,High,Medium,High,High,3,19,1,2,1,5,15,Single,Yes,13-12-2017,781240
EMP11744,58,Male,Master's,Sales,Manager,2,25000.0,Very High,31,2.0,2,2,Yes,Travel_Rarely,15.0,High,Medium,Medium,Very High,4,11,3,2,4,7,7,Single,No,10-03-2024,156245
EMP11745,35,Male,Bachelor's,Research & Development,Research Director,2,12739.0,High,15,1.0,1,1,No,Travel_Rarely,10.0,High,Very High,Low,High,3,14,2,6,3,5,20,Single,No,02-01-2013,555211
EMP11746,54,Female,Bachelor's,Research & Development,Research Director,1,25000.0,Very High,30,1.0,1,1,No,Travel_Rarely,4.0,Medium,Medium,Medium,High,3,21,3,0,2,3,5,Married,No,25-04-2025,246139
EMP11747,49,Male,Bachelor's,Sales,Sales Representative,3,16776.0,Very High,25,1.0,1,0,No,Non-Travel,16.0,High,High,Low,Very High,3,21,2,6,0,7,20,Single,No,19-06-2018,318252
EMP11748,29,Male,Master's,Sales,Manager,4,25000.0,Very High,9,3.0,3,3,No,Travel_Rarely,7.0,Very High,High,Very High,Very High,3,16,1,2,2,3,12,Single,No,18-11-2012,953045
EMP11749,57,Male,Bachelor's,IT,IT Support,1,25000.0,Very High,30,8.0,1,0,Yes,Travel_Rarely,13.0,Medium,High,High,High,3,20,1,0,3,5,8,Single,Yes,17-06-2024,896186
EMP11750,37,Male,Bachelor's,Sales,Manager,1,25000.0,Very High,14,4.0,2,4,No,Travel_Rarely,4.0,Medium,Low,High,Medium,3,10,3,2,3,4,8,Married,No,16-07-2017,932007
EMP11751,24,Male,Master's,Research & Development,Research Scientist,3,11234.0,High,1,1.0,1,1,No,Travel_Rarely,26.0,Medium,Very High,High,High,3,13,1,3,1,3,10,Married,Yes,26-09-2014,960643
EMP11752,48,Female,Bachelor's,Sales,Sales Executive,1,14571.0,High,19,5.0,3,5,No,Non-Travel,12.0,Medium,Very High,High,Low,3,12,0,5,3,6,7,Single,No,10-10-2025,378005
EMP11753,58,Female,Master's,Sales,Sales Executive,1,25000.0,Very High,35,6.0,6,0,No,Non-Travel,20.0,Low,Medium,Low,Very High,3,13,2,6,3,7,12,Married,Yes,15-06-2015,837450
EMP11754,53,Male,High School,Sales,Sales Representative,2,20412.0,Very High,34,6.0,0,1,No,Non-Travel,2.0,Medium,High,Low,Very High,3,15,1,0,0,5,18,Single,No,19-06-2023,221207
EMP11755,42,Male,Bachelor's,Marketing,Manager,1,22829.0,Very High,18,3.0,3,0,No,Travel_Frequently,5.0,Medium,Very High,Very High,High,4,19,0,5,2,0,0,Married,No,03-10-2020,981349
EMP11756,24,Male,Bachelor's,IT,Manager,1,25000.0,Very High,0,0.0,0,0,No,Travel_Rarely,8.0,High,High,Low,High,3,15,3,0,0,6,16,Single,No,21-07-2013,637676
EMP11757,49,Male,Bachelor's,Marketing,Marketing Specialist,5,25000.0,Very High,28,0.0,0,0,No,Travel_Rarely,4.0,Medium,High,High,Medium,3,21,1,4,0,3,5,Single,No,08-11-2014,672243
EMP11758,25,Male,Master's,Research & Development,Research Director,1,24971.0,Very High,2,2.0,0,2,Yes,Travel_Rarely,27.0,High,High,High,Very High,3,10,1,4,4,1,11,Single,No,11-10-2014,918358
EMP11759,23,Male,Bachelor's,Sales,Sales Executive,4,20052.0,Very High,2,2.0,1,0,No,Travel_Rarely,29.0,Very High,High,High,Very High,3,12,2,1,4,2,3,Married,No,30-12-2021,673119
EMP11760,48,Male,Bachelor's,Research & Development,Laboratory Technician,1,19135.0,Very High,23,1.0,1,1,No,Travel_Rarely,2.0,Very High,High,Very High,Low,3,10,1,3,1,9,20,Married,No,11-07-2013,323802
EMP11761,42,Female,Master's,Research & Development,Research Director,3,25000.0,Very High,19,7.0,3,2,No,Travel_Rarely,25.0,High,High,Medium,Medium,3,22,2,3,1,3,15,Single,No,29-03-2020,334732
EMP11762,25,Male,Master's,IT,Manager,2,25000.0,Very High,0,0.0,0,0,No,Travel_Rarely,6.0,Low,Medium,High,Medium,3,10,3,1,3,6,20,Married,No,18-02-2015,986426
EMP11763,51,Female,High School,Sales,Sales Representative,1,19618.0,Very High,30,1.0,1,1,No,Travel_Rarely,3.0,Very High,High,High,High,3,10,2,4,1,8,2,Married,No,18-02-2025,525968
EMP11764,37,Male,Bachelor's,Research & Development,Manager,3,25000.0,Very High,8,0.0,0,0,No,Travel_Frequently,29.0,High,Low,Very High,Medium,3,12,3,6,1,9,16,Single,No,08-09-2019,486546
EMP11765,34,Male,Bachelor's,Sales,Sales Representative,4,20784.0,Very High,9,8.0,2,3,No,Non-Travel,14.0,Medium,Medium,Very High,Medium,4,23,1,1,3,10,17,Married,No,21-05-2017,792288
EMP11766,59,Female,Bachelor's,Research & Development,Research Scientist,1,15014.0,Very High,31,7.0,1,5,Yes,Travel_Rarely,10.0,Low,Medium,Medium,Medium,3,11,0,4,2,5,17,Single,No,24-10-2025,261603
EMP11767,51,Male,Bachelor's,Finance,Financial Analyst,3,15654.0,Very High,28,8.0,0,7,No,Travel_Rarely,11.0,Low,High,Medium,High,3,23,3,6,3,9,17,Single,No,25-09-2011,967649
EMP11768,28,Male,Bachelor's,Research & Development,Research Scientist,2,14180.0,High,8,0.0,0,0,No,Non-Travel,5.0,Low,Medium,Very High,Very High,3,21,1,0,3,4,7,Single,Yes,14-06-2020,397195
EMP11769,56,Female,PhD,Research & Development,Manager,3,19485.0,Very High,33,3.0,1,1,No,Travel_Rarely,22.0,Low,High,Medium,High,3,13,3,5,2,8,7,Single,No,10/06/2022,592185
EMP11770,29,Female,Bachelor's,Research & Development,Research Scientist,3,25000.0,Very High,4,4.0,1,3,No,Travel_Rarely,16.0,Very High,High,Medium,High,4,16,1,1,3,11,12,Married,No,07-02-2022,673728
EMP11771,39,Female,Master's,Research & Development,Manager,1,15332.0,Very High,18,1.0,0,0,No,Travel_Rarely,9.0,High,Medium,High,Low,4,20,1,2,4,7,11,Married,No,11-04-2021,356235
EMP11772,25,Female,Master's,IT,Manager,1,23976.0,Very High,0,0.0,0,0,No,Travel_Rarely,21.0,High,Medium,High,High,3,20,0,5,1,7,14,Married,No,11-08-2010,293260
EMP11773,22,Female,PhD,IT,Manager,2,16391.0,Very High,0,0.0,0,0,No,Travel_Rarely,16.0,High,Medium,High,Medium,3,23,2,4,3,7,9,Single,No,04-09-2025,510021
EMP11774,30,Male,Bachelor's,Marketing,Marketing Executive,4,19592.0,Very High,0,0.0,0,0,Yes,Travel_Frequently,9.0,High,Very High,High,Medium,3,24,0,0,0,7,8,Married,No,18-04-2012,456742
EMP11775,36,Male,Master's,IT,Data Analyst,1,11164.0,High,12,3.0,3,0,No,Travel_Rarely,17.0,Very High,High,High,Medium,3,11,3,6,1,7,2,Married,No,16-05-2023,192892
EMP11776,51,Male,PhD,Research & Development,Manager,2,19945.0,Very High,27,5.0,5,0,No,Travel_Rarely,12.0,Very High,Low,High,Medium,3,11,0,2,4,9,9,Married,No,08-02-2010,531240
EMP11777,23,Male,Bachelor's,Finance,Accountant,1,20188.0,Very High,0,0.0,0,0,No,Travel_Rarely,15.0,Medium,Very High,Very High,Low,4,22,1,2,4,9,16,Single,No,30-11-2014,889900
EMP11778,23,Male,Bachelor's,Research & Development,Manager,3,25000.0,Very High,1,1.0,1,1,Yes,Travel_Rarely,10.0,Very High,Low,Medium,High,3,21,1,6,3,6,14,Married,No,10-02-2012,354701
EMP11779,36,Female,High School,Sales,Sales Executive,2,24355.0,Very High,6,1.0,1,1,No,Travel_Rarely,4.0,High,High,Low,Low,3,21,0,3,2,1,9,Married,No,22-02-2018,703183
EMP11780,60,Male,Master's,IT,Software Engineer,3,12845.0,High,34,1.0,1,1,No,Travel_Rarely,17.0,Low,High,Medium,High,3,24,3,4,0,1,19,Married,No,17-02-2019,309453
EMP11781,38,Female,Master's,Sales,Sales Executive,4,25000.0,Very High,14,1.0,0,0,No,Travel_Rarely,18.0,High,Low,Very High,High,3,22,2,0,3,10,20,Married,No,29-08-2016,105183
EMP11782,24,Male,Bachelor's,Marketing,Marketing Specialist,1,24213.0,Very High,0,0.0,0,0,No,Travel_Rarely,18.0,High,Medium,Low,High,3,20,2,4,2,4,13,Married,No,21-02-2025,874847
EMP11783,51,Male,Master's,Research & Development,Research Scientist,1,24083.0,Very High,19,5.0,3,5,Yes,Travel_Rarely,10.0,Very High,High,High,High,3,16,1,0,4,5,15,Married,No,24-12-2023,774332
EMP11784,41,Male,High School, sales ,Manager,5,21936.0,Very High,10,3.0,1,3,No,Travel_Rarely,11.0,Medium,Medium,High,Very High,4,21,2,6,1,8,5,Divorced,No,06-12-2011,328881
EMP11785,25,Male,Master's,Finance,Accountant,1,17449.0,Very High,0,0.0,0,0,No,Travel_Rarely,21.0,High,High,Very High,Medium,3,18,2,5,4,0,6,Divorced,No,22-10-2022,441661
EMP11786,54,Male,High School,IT,IT Support,3,24295.0,Very High,30,6.0,1,1,No,Travel_Rarely,,Low,High,Very High,High,3,20,3,4,3,10,9,Divorced,No,19-04-2025,394601
EMP11787,41,Female,Master's,Human Resources,Manager,3,25000.0,Very High,8,1.0,0,1,Yes,Travel_Rarely,10.0,Medium,Low,High,Medium,3,24,2,5,2,6,18,Single,No,08-04-2020,930482
EMP11788,20,Male,High School,Human Resources,HR Executive,2,10036.0,High,0,0.0,0,0,No,Travel_Rarely,30.0,Low,Very High,Low,High,3,12,0,2,3,6,17,Single,Yes,05-07-2021,770895
EMP11789,39,Male,Bachelor's,Sales,Sales Representative,1,17284.0,Very High,16,11.0,11,6,No,Non-Travel,3.0,High,Low,Low,Low,3,19,3,3,4,7,8,Married,No,29-04-2023,224628
EMP11790,41,Female,Master's,Research & Development,Laboratory Technician,1,19639.0,Very High,12,0.0,0,0,No,Non-Travel,27.0,High,Medium,Medium,Low,4,17,0,6,0,0,1,Married,Yes,25-04-2013,308384
EMP11791,30,Male,Bachelor's,Sales,Manager,2,24718.0,Very High,10,1.0,1,1,No,Travel_Rarely,6.0,Medium,High,Medium,High,3,15,1,5,4,11,8,Single,No,03-02-2012,813463
EMP11792,32,Male,Bachelor's,Finance,Financial Analyst,1,25000.0,Very High,0,0.0,0,0,No,Travel_Frequently,17.0,High,Very High,Medium,Medium,3,24,3,6,3,9,3,Married,No,18-12-2010,132985
EMP11793,22,Male,Master's,Research & Development,Research Scientist,2,15564.0,Very High,0,0.0,0,0,No,Travel_Rarely,12.0,Medium,High,Medium,High,3,22,2,1,2,3,10,Married,No,28-05-2025,282221
EMP11794,28,Male,High School,Finance,Financial Analyst,2,17605.0,Very High,6,4.0,2,0,Yes,Travel_Rarely,11.0,Low,Medium,Medium,High,3,23,3,4,3,9,16,Married,No,03-10-2010,924886
EMP11795,31,Female,Master's,Sales,Sales Representative,2,17490.0,Very High,7,7.0,7,7,Yes,Travel_Rarely,17.0,High,Very High,High,Very High,3,15,1,2,1,4,2,Married,Yes,26-09-2019,478615
EMP11796,42,Female,High School,Sales,Manager,1,15357.0,Very High,10,10.0,6,1,No,Travel_Rarely,3.0,Low,Medium,Very High,High,3,12,0,6,1,1,14,Single,No,10-10-2010,734346
EMP11797,33,Female,Bachelor's,Finance,Accountant,4,18841.0,Very High,12,3.0,1,1,Yes,Travel_Rarely,9.0,High,Medium,High,Medium,3,19,1,1,2,1,1,Divorced,No,16-01-2020,944083
EMP11798,52,Male,Bachelor's,Sales,Manager,2,25000.0,Very High,27,2.0,2,1,No,Travel_Rarely,18.0,Low,Very High,Very High,High,3,18,3,5,4,10,15,Single,No,2017/10/05,409055
EMP11799,37,Female,PhD,Sales,Sales Executive,2,13709.0,High,11,2.0,2,0,Yes,Travel_Frequently,28.0,Low,Low,Medium,High,3,18,0,1,3,3,3,Single,No,15-09-2014,479927
EMP11800,60,Male,Bachelor's,Sales,Sales Representative,4,25000.0,Very High,31,1.0,1,1,No,Travel_Rarely,6.0,High,High,Low,Very High,3,13,0,1,1,2,17,Married,No,15-11-2010,257978
EMP11801,28,Male,,Marketing,Marketing Specialist,2,10241.0,High,0,0.0,0,0,Yes,Travel_Rarely,3.0,High,Very High,Medium,High,4,25,3,5,0,6,9,Single,No,26-12-2011,750985
EMP11802,42,Male,PhD,Finance,Accountant,4,17110.0,Very High,12,1.0,1,1,No,Travel_Rarely,6.0,Low,Low,Very High,High,3,22,1,2,1,6,5,Single,No,30-06-2022,611346
EMP11803,29,Female,Bachelor's,Research & Development,Research Director,1,18991.0,Very High,0,0.0,0,0,No,Travel_Rarely,11.0,High,High,Medium,High,3,22,2,5,4,1,10,Married,No,27-07-2014,351457
EMP11804,38,Female,Master's,Sales,Sales Representative,3,25000.0,Very High,9,1.0,1,1,No,Non-Travel,11.0,High,Low,Very High,High,3,19,1,0,2,4,9,Single,Yes,29-03-2022,404833
EMP11805,24,Female,Master's,Research & Development,Manager,1,19464.0,Very High,0,0.0,0,0,No,Travel_Frequently,7.0,High,Very High,Medium,High,4,21,2,1,0,4,0,Married,No,01-12-2020,606104
EMP11806,42,Female,Bachelor's,IT,Data Analyst,3,8180.0,High,25,16.0,2,7,No,Non-Travel,13.0,Low,High,Very High,High,4,15,1,3,3,7,15,Married,No,15-05-2020,952029
EMP11807,49,Male,Bachelor's,Finance,Finance Manager,3,8960.0,High,18,4.0,4,0,No,Travel_Rarely,13.0,High,Medium,Medium,Low,3,14,3,6,3,7,4,Single,No,22-09-2025,961180
EMP11808,44,Male,Bachelor's,Sales,Sales Representative,1,22366.0,Very High,12,12.0,2,4,No,Travel_Rarely,7.0,High,Medium,High,High,3,13,1,0,2,10,8,Married,No,05-12-2018,715823
EMP11809,47,Female,Master's,Sales,Manager,2,25000.0,Very High,28,2.0,0,2,No,Travel_Rarely,14.0,Low,High,Very High,Low,3,11,1,2,0,3,16,Married,No,06-12-2018,555819
EMP11810,53,Female,Master's,Sales,Sales Representative,3,25000.0,Very High,34,3.0,1,1,No,Travel_Rarely,2.0,,High,Very High,Very High,3,13,3,1,0,9,3,Divorced,No,21-03-2024,796871
EMP11811,44,Female,Bachelor's,Finance,Finance Manager,1,23752.0,Very High,11,2.0,2,0,No,Travel_Rarely,3.0,Very High,High,Very High,Very High,3,16,3,2,0,0,1,Single,No,05-03-2014,648057
EMP11812,29,Male,Bachelor's,IT,Manager,3,25000.0,Very High,0,0.0,0,0,No,Travel_Frequently,4.0,Very High,Medium,Low,High,3,12,0,2,2,5,1,Married,No,23-09-2014,293545
EMP11813,33,Female,Master's,Sales,Manager,1,17278.0,Very High,9,1.0,1,0,No,Travel_Rarely,8.0,High,High,High,High,3,12,1,1,2,11,4,Married,No,16-08-2021,397919
EMP11814,49,Male,High School,Sales,Manager,4,25000.0,Very High,27,15.0,1,2,No,Travel_Rarely,21.0,High,Low,Very High,Very High,3,20,3,2,3,6,1,Married,No,30-08-2018,698582
EMP11815,60,Female,Master's,Sales,Manager,1,10568.0,High,30,22.0,5,3,Yes,Travel_Frequently,1.0,High,High,Medium,Medium,3,12,3,6,1,0,12,Married,No,03-03-2023,203246
EMP11816,44,Male,High School,Marketing,Marketing Specialist,2,14658.0,High,12,0.0,0,0,No,Travel_Frequently,9.0,High,Medium,High,Medium,3,25,0,6,4,7,4,Single,No,28-08-2010,494223
EMP11817,33,Female,Master's,Sales,Manager,1,9768.0,High,8,1.0,1,1,Yes,Travel_Rarely,17.0,High,High,Medium,High,3,18,3,3,3,8,0,Single,No,03-09-2011,500472
EMP11818,54,Male,Master's,IT,Data Analyst,1,19464.0,Very High,30,3.0,2,1,No,Travel_Rarely,18.0,High,Medium,Medium,Low,3,23,0,3,0,7,20,Married,No,14-01-2015,372857
EMP11819,53,Female,Bachelor's,Human Resources,HR Specialist,2,21573.0,Very High,25,1.0,1,1,No,Travel_Rarely,7.0,Medium,High,High,Very High,3,10,3,4,1,2,14,Married,No,10-11-2021,648092
EMP11820,29,Male,High School,Research & Development,Laboratory Technician,2,23187.0,Very High,5,2.0,1,1,No,Travel_Rarely,27.0,Medium,Very High,High,Low,3,14,0,6,4,8,18,Married,No,17-08-2010,162486
EMP11821,54,Male,Bachelor's,Sales,Manager,1,22648.0,Very High,31,1.0,1,1,Yes,Travel_Rarely,3.0,Very High,High,Medium,High,3,18,1,1,0,9,13,Married,No,18-09-2023,363780
EMP11822,30,Male,Bachelor's,Sales,Manager,4,14510.0,High,0,0.0,0,0,Yes,Travel_Rarely,22.0,Low,High,Medium,Medium,3,23,3,1,2,2,11,Divorced,Yes,26-01-2012,420048
EMP11823,30,Female,Bachelor's,Human Resources,HR Specialist,1,20219.0,Very High,5,2.0,0,2,Yes,Travel_Rarely,16.0,High,High,High,Low,3,16,3,6,1,11,1,Single,No,04-11-2010,460809
EMP11824,40,Male,Master's,IT,Manager,3,11228.0,High,5,2.0,2,2,No,Travel_Rarely,8.0,Very High,High,High,Low,4,21,1,1,2,3,19,Married,No,01-08-2013,856483
EMP11825,40,Male,Bachelor's,Human Resources,HR Specialist,2,25000.0,Very High,14,0.0,0,0,No,Travel_Frequently,5.0,High,Medium,Medium,Medium,3,21,1,4,4,11,0,Married,No,03-01-2019,148512
EMP11826,41,Female,Bachelor's,Research & Development,Research Scientist,2,19213.0,Very High,20,3.0,0,3,No,Travel_Frequently,17.0,Very High,High,Very High,Low,3,10,1,5,4,5,2,Single,No,14-09-2013,326240
EMP11827,26,Female,Master's,Sales,Sales Representative,1,17677.0,Very High,0,0.0,0,0,No,Travel_Rarely,26.0,High,High,Low,Very High,3,13,0,3,0,6,10,Married,No,25-11-2018,622918
EMP11828,36,Male,Master's,Marketing,Marketing Specialist,2,25000.0,Very High,6,2.0,2,2,No,Travel_Frequently,30.0,Low,Medium,High,Medium,4,15,3,3,2,7,16,Married,Yes,20-01-2019,861218
EMP11829,21,Female,Bachelor's,IT,Software Engineer,2,12594.0,High,0,0.0,0,0,No,Travel_Rarely,28.0,High,Medium,Medium,Low,4,14,3,1,3,6,4,Single,No,10-07-2012,136079
EMP11830,31,Male,Master's,Sales,Manager,1,13273.0,High,12,9.0,1,1,Yes,Travel_Rarely,19.0,Medium,High,High,High,4,11,2,2,3,2,16,Married,No,19-08-2024,970200
EMP11831,37,Female,Master's,Marketing,Marketing Executive,1,13450.0,High,10,10.0,10,0,Yes,Travel_Rarely,27.0,Medium,Medium,High,High,3,10,2,0,2,10,17,Single,No,06-01-2012,220122
EMP11832,30,Female,Master's,Human Resources,HR Specialist,1,21364.0,Very High,8,8.0,2,1,No,Travel_Rarely,18.0,Medium,Very High,High,Very High,3,20,3,0,4,10,2,Married,No,26-04-2019,835438
EMP11833,35,Female,Bachelor's,Human Resources,HR Executive,1,25000.0,Very High,11,5.0,5,5,No,Travel_Rarely,22.0,Medium,High,High,Very High,3,13,0,1,1,1,14,Married,No,17-04-2021,475542
EMP11834,37,Male,High School,Finance,Financial Analyst,1,25000.0,Very High,7,7.0,3,3,No,Non-Travel,30.0,Medium,Medium,Very High,Very High,3,21,0,1,2,10,15,Married,No,31-07-2020,748426
EMP11835,54,Female,Master's,IT,Software Engineer,1,25000.0,Very High,24,0.0,0,0,No,Travel_Rarely,5.0,Medium,Low,Low,High,3,19,2,3,0,1,14,Single,Yes,31-12-2025,681493
EMP11836,45,Male,Master's,Finance,Financial Analyst,2,8004.0,High,23,3.0,0,3,No,Non-Travel,7.0,High,Low,High,Medium,3,25,2,6,3,11,16,Single,No,06-01-2016,666420
EMP11837,35,Male,Master's,Sales,Sales Executive,1,25000.0,Very High,6,6.0,4,0,No,Travel_Rarely,18.0,High,Medium,Medium,High,4,14,2,3,0,8,17,Single,No,23-03-2021,774359
EMP11838,25,Female,High School,Research & Development,Research Scientist,1,17142.0,Very High,2,2.0,2,2,Yes,Travel_Rarely,30.0,Medium,Low,High,High,3,24,2,2,1,6,7,Single,No,18-03-2019,698707
EMP11839,31,Male,Master's,Marketing,Manager,1,16918.0,Very High,10,10.0,0,5,No,Travel_Rarely,13.0,Medium,Very High,High,High,3,13,2,3,3,6,20,Married,No,23-06-2017,134685
EMP11840,32,Male,Master's,Sales,Sales Executive,2,16666.0,Very High,8,8.0,3,8,No,Travel_Rarely,22.0,High,Medium,Low,Medium,3,12,1,0,3,4,13,Single,No,01-06-2020,232999
EMP11841,23,Female,Bachelor's,Research & Development,Research Scientist,1,14633.0,High,0,0.0,0,0,Yes,Travel_Rarely,11.0,High,Medium,High,Medium,3,19,3,6,3,5,3,Single,No,10-06-2021,801720
EMP11842,58,Male,Bachelor's,Research & Development,Manager,2,25000.0,Very High,28,6.0,4,6,No,Travel_Rarely,5.0,Very High,Medium,Very High,High,3,24,3,0,0,6,9,Single,Yes,23-03-2013,440127
EMP11843,21,Male,Master's,Research & Development,Research Scientist,3,25000.0,Very High,0,0.0,0,0,No,Travel_Rarely,22.0,Low,Very High,Low,Low,3,17,2,3,4,8,19,Single,No,02-01-2015,437783
EMP11844,45,Female,Master's,Human Resources,HR Executive,2,22258.0,Very High,13,4.0,1,2,No,Travel_Rarely,15.0,Very High,High,High,Low,3,21,3,0,0,9,20,Single,No,29-11-2023,643813
EMP11845,46,Female,High School,Marketing,Marketing Specialist,1,25000.0,Very High,14,13.0,10,2,No,Travel_Rarely,21.0,High,Medium,High,Medium,4,23,3,5,4,3,6,Married,No,07-07-2012,485009
EMP11846,46,Female,Master's,Sales,Sales Executive,2,11152.0,High,21,9.0,7,3,No,Travel_Rarely,7.0,High,Medium,Medium,High,3,15,1,0,2,5,19,Divorced,No,04-05-2018,298439
EMP11847,34,Male,Master's,Sales,Sales Executive,1,12103.0,High,5,5.0,1,5,No,Travel_Rarely,5.0,Low,Very High,High,Very High,4,20,1,0,3,0,0,Married,No,21-04-2011,877555
EMP11848,27,Male,Master's,Sales,Sales Executive,4,8266.0,High,7,6.0,5,3,No,Travel_Frequently,30.0,Medium,Medium,Low,High,4,24,0,0,0,6,20,Single,No,10-04-2020,779152
EMP11849,26,Male,Master's,IT,Manager,3,16079.0,Very High,5,2.0,1,2,No,Non-Travel,29.0,Medium,High,Very High,Very High,3,23,0,4,1,3,6,Married,No,27-11-2010,467516
EMP11850,59,Female,Master's,Human Resources,Manager,2,23689.0,Very High,33,0.0,0,0,No,Travel_Rarely,7.0,Medium,High,High,Low,3,21,2,1,1,1,11,Married,No,15-12-2010,317250
EMP11851,31,Male,Bachelor's,Sales,Sales Executive,4,23070.0,Very High,6,6.0,1,2,No,Travel_Rarely,17.0,High,High,Very High,High,4,12,0,6,4,3,3,Married,No,13-04-2011,578290
EMP11852,32,Female,Bachelor's,IT,Manager,2,23558.0,Very High,2,2.0,0,2,Yes,Travel_Rarely,9.0,High,High,Medium,Medium,3,15,2,2,4,7,6,Married,Yes,18-10-2014,580870
EMP11853,36,Male,Master's,IT,Manager,1,11673.0,High,12,2.0,2,1,No,Non-Travel,6.0,High,Very High,Low,High,3,24,0,4,3,1,14,Married,No,18-11-2011,752747
EMP11854,36,Male,High School,IT,Manager,1,25000.0,Very High,4,1.0,1,1,No,Travel_Rarely,9.0,High,High,Medium,Very High,3,19,3,6,4,0,1,Single,No,04-09-2021,381760
EMP11855,55,Female,Master's,Marketing,Marketing Specialist,2,24534.0,Very High,26,9.0,1,4,No,Travel_Rarely,17.0,High,Medium,High,Low,3,17,3,2,1,0,1,Single,No,18-09-2014,384514
EMP11856,40,Female,Master's,Sales,Manager,3,25000.0,Very High,18,9.0,6,2,No,Travel_Rarely,2.0,Medium,Medium,Very High,High,3,16,0,4,0,6,4,Single,No,13-11-2014,204297
EMP11857,27,Female,Bachelor's,IT,IT Support,3,9398.0,High,1,1.0,1,1,No,Travel_Rarely,23.0,Very High,Low,Very High,High,3,24,3,4,0,6,2,Single,Yes,02-12-2018,963845
EMP11858,24,Female,Master's,Research & Development,Manager,2,25000.0,Very High,0,0.0,0,0,No,Travel_Rarely,20.0,High,Very High,High,High,3,22,3,2,4,3,15,Divorced,No,13-10-2013,448399
EMP11859,45,Female,Bachelor's,IT,Data Analyst,2,12907.0,High,25,2.0,2,0,No,Travel_Frequently,30.0,Medium,Low,High,Low,3,10,2,1,4,11,3,Married,No,24-11-2024,872013
EMP11860,35,Female,Bachelor's,Finance,Accountant,2,18420.0,Very High,11,2.0,2,2,No,Travel_Rarely,13.0,Medium,Low,Very High,Medium,3,25,3,6,1,4,14,Married,No,11-09-2010,896359
EMP11861,55,Female,Bachelor's,IT,Software Engineer,3,25000.0,Very High,23,0.0,0,0,No,Non-Travel,26.0,High,High,Very High,Low,4,15,0,3,2,11,16,Single,No,08/27/2021,784517
EMP11862,47,Female,Master's,Finance,Financial Analyst,2,22948.0,Very High,17,9.0,4,9,No,Travel_Rarely,30.0,High,High,High,Low,3,10,3,4,0,4,10,Married,No,13-07-2023,887102
EMP11863,48,Female,Bachelor's,Sales,Manager,2,15015.0,Very High,19,0.0,0,0,Yes,Non-Travel,17.0,Low,Medium,High,High,3,22,2,6,4,6,3,Single,No,27-01-2010,299882
EMP11864,31,Male,Master's,Research & Development,Manager,2,22089.0,Very High,5,5.0,1,2,No,Travel_Frequently,21.0,High,High,High,High,3,13,0,6,3,11,3,Married,No,03-03-2017,372195
EMP11865,56,Male,High School,Marketing,Marketing Executive,3,11057.0,High,31,4.0,4,0,No,Travel_Rarely,20.0,High,Very High,High,High,3,19,2,1,4,2,3,Single,No,31-07-2016,802887
EMP11866,49,Male,High School,Marketing,Marketing Executive,3,25000.0,Very High,18,4.0,4,0,No,Travel_Frequently,6.0,High,High,High,Medium,3,25,3,3,4,4,18,Married,No,13-09-2012,637593
EMP11867,42,Male,High School,Sales,Manager,1,20083.0,Very High,15,13.0,1,3,No,Travel_Rarely,29.0,Low,High,Medium,Low,3,12,3,6,0,6,1,Married,No,02-06-2014,510820
EMP11868,35,Male,Master's,Sales,Manager,1,25000.0,Very High,8,0.0,0,0,No,Travel_Rarely,23.0,Medium,Low,High,High,3,16,3,2,4,11,15,Single,No,05-09-2019,797385
EMP11869,33,Male,Bachelor's,Sales,Sales Representative,3,17380.0,Very High,12,7.0,6,4,No,Travel_Rarely,27.0,Very High,Medium,High,High,3,11,1,4,3,10,19,Divorced,No,24-03-2013,630645
EMP11870,29,Female,Bachelor's,Finance,Accountant,3,17403.0,Very High,0,0.0,0,0,No,Travel_Rarely,19.0,Very High,High,High,Low,3,22,2,3,3,6,12,Married,No,09-07-2017,819531
EMP11871,26,Female,Master's,IT,IT Support,2,15617.0,Very High,0,0.0,0,0,No,Travel_Rarely,6.0,Medium,High,High,Very High,3,21,0,1,3,8,7,Single,No,27-11-2011,775475
EMP11872,56,Male,Bachelor's,Sales,Sales Representative,2,25000.0,Very High,30,3.0,1,2,No,Travel_Rarely,2.0,Low,High,Medium,Medium,3,13,3,6,1,3,18,Married,No,23-05-2025,267914
EMP11873,48,Male,Bachelor's,Research & Development,Research Scientist,4,16007.0,Very High,18,0.0,0,0,No,Travel_Frequently,28.0,Medium,High,High,High,3,24,1,3,3,0,1,Married,No,10-02-2022,157459
EMP11874,22,Female,Bachelor's,IT,Software Engineer,4,25000.0,Very High,0,0.0,0,0,No,Travel_Rarely,26.0,Medium,Medium,High,Low,3,25,1,2,0,4,16,Divorced,No,11-11-2025,335387
EMP11875,34,Female,Bachelor's,Finance,Accountant,3,18544.0,Very High,9,4.0,3,0,No,Travel_Rarely,13.0,High,High,High,High,3,14,2,3,2,10,11,Single,No,31-03-2019,494443
EMP11876,55,Female,Master's,Research & Development,Research Director,1,9053.0,High,24,0.0,0,0,Yes,Travel_Rarely,20.0,Very High,Medium,Very High,Very High,3,11,3,0,4,3,13,Married,No,22-10-2014,313803
EMP11877,38,Female,Bachelor's,Human Resources,HR Specialist,3,17041.0,Very High,3,0.0,0,0,Yes,Travel_Rarely,30.0,Medium,Very High,High,Very High,3,25,2,4,4,2,11,Married,No,17-03-2023,673328
EMP11878,32,Female,Bachelor's,Research & Development,Laboratory Technician,1,12957.0,High,12,5.0,5,5,No,Travel_Rarely,10.0,Low,Medium,Very High,Medium,3,18,3,1,4,6,12,Single,No,19-10-2011,511635
EMP11879,40,Male,Master's,Sales,Sales Executive,4,22365.0,Very High,15,8.0,8,6,No,Travel_Rarely,29.0,Very High,Medium,Medium,Very High,3,11,3,5,3,8,9,Married,No,01-04-2022,476982
EMP11880,56,Male,Master's,Research & Development,Research Director,1,12891.0,High,33,3.0,3,1,No,Travel_Frequently,9.0,Low,Medium,High,Medium,3,25,3,1,3,3,3,Single,No,26-06-2013,364437
EMP11881,46,Female,Master's,Finance,Accountant,2,25000.0,Very High,19,4.0,3,1,No,Travel_Rarely,13.0,Very High,High,High,Very High,3,25,1,4,3,5,6,Single,No,16-08-2016,404185
EMP11882,48,Male,Master's,IT,Data Analyst,2,21142.0,Very High,24,8.0,1,3,Yes,Travel_Rarely,7.0,High,High,Medium,High,3,15,2,4,2,0,1,Married,Yes,19-12-2020,831844
EMP11883,39,Female,Bachelor's,Human Resources,Manager,3,20335.0,Very High,18,5.0,0,5,No,Travel_Frequently,18.0,Very High,Medium,Medium,Medium,4,21,2,0,2,0,14,Married,No,29-06-2022,207002
EMP11884,44,Male,Master's,IT,Software Engineer,2,25000.0,Very High,17,1.0,0,1,No,Travel_Rarely,22.0,Medium,High,Medium,Very High,3,17,2,0,2,2,3,Single,No,21-10-2012,458640
EMP11885,25,Female,Bachelor's,Sales,Sales Executive,1,25000.0,Very High,2,2.0,1,2,No,Travel_Rarely,14.0,Low,Medium,High,High,3,21,0,1,2,4,8,Married,No,29-01-2017,185687
EMP11886,55,Male,Master's,Research & Development,Manager,3,21828.0,Very High,27,5.0,2,0,No,Travel_Rarely,4.0,Medium,Very High,Medium,Medium,3,16,0,5,2,5,5,Married,No,28-09-2014,600827
EMP11887,21,Male,Bachelor's,Sales,Sales Representative,2,15568.0,Very High,0,0.0,0,0,No,Travel_Frequently,8.0,Medium,Low,High,Medium,3,23,1,3,4,8,16,Married,No,20-09-2011,763140
EMP11888,41,Male,Bachelor's,Sales,Sales Executive,1,9914.0,High,17,5.0,2,3,No,Non-Travel,12.0,Medium,High,Medium,Very High,3,24,1,5,4,8,6,Married,No,19-12-2016,683261
EMP11889,51,Female,Master's,Finance,Finance Manager,5,16176.0,Very High,29,17.0,2,0,Yes,Travel_Frequently,8.0,Very High,High,High,High,3,15,1,4,2,9,15,Married,No,14-03-2025,790092
EMP11890,35,Male,Master's,Marketing,Marketing Executive,2,16685.0,Very High,16,1.0,1,1,No,Travel_Rarely,16.0,High,Medium,High,Medium,3,24,2,0,4,10,16,Married,No,26-09-2010,925244
EMP11891,37,Female,Master's,Sales,Sales Executive,3,23114.0,Very High,5,5.0,1,1,No,Travel_Rarely,1.0,High,Very High,Medium,Medium,3,17,2,0,2,0,7,Married,No,06-02-2021,222253
EMP11892,24,Female,Bachelor's,Research & Development,Research Director,2,18858.0,Very High,0,0.0,0,0,No,Travel_Frequently,24.0,Low,Medium,Medium,Medium,3,14,3,0,2,1,2,Married,No,10-04-2017,325671
EMP11893,55,Female,Bachelor's,IT,IT Support,3,25000.0,Very High,23,6.0,2,0,No,Travel_Rarely,10.0,High,Medium,Very High,Medium,3,19,2,3,2,10,20,Single,No,03-12-2013,939725
EMP11894,49,Female,Bachelor's,Sales,Sales Representative,3,16717.0,Very High,22,1.0,1,1,Yes,Travel_Rarely,7.0,High,Medium,Very High,Low,3,18,1,6,4,11,19,Single,No,24-02-2010,780090
EMP11895,38,Female,Bachelor's,Research & Development,Laboratory Technician,2,21468.0,Very High,15,2.0,2,2,No,Travel_Rarely,30.0,Medium,High,Medium,High,3,11,1,1,1,7,5,Single,Yes,31-08-2020,374310
EMP11896,42,Male,Bachelor's,Finance,Financial Analyst,5,25000.0,Very High,16,7.0,3,0,No,Travel_Rarely,14.0,Very High,Very High,High,Low,3,15,3,5,1,4,17,Single,No,12-12-2019,612510
EMP11897,53,Male,Bachelor's,SALES,Manager,2,25000.0,Very High,29,6.0,2,3,Yes,Travel_Rarely,17.0,Low,High,Very High,Low,3,21,0,6,1,2,10,Single,No,23-09-2016,784313
EMP11898,32,Female,Bachelor's,Sales,Sales Executive,3,21439.0,Very High,5,0.0,0,0,No,Non-Travel,19.0,Medium,Very High,Very High,High,3,19,2,1,0,8,5,Single,No,24-10-2013,269385
EMP11899,48,Female,Bachelor's,Research & Development,Manager,3,16800.0,Very High,20,4.0,4,1,No,Travel_Rarely,30.0,Low,Very High,Low,Low,3,21,2,0,1,1,12,Married,No,22-07-2022,902845
EMP11900,55,Male,Master's,IT,Manager,2,16565.0,Very High,34,0.0,0,0,No,Travel_Rarely,5.0,High,High,High,Very High,3,21,0,3,1,6,8,Married,No,04-12-2015,706928
EMP11901,41,Female,Master's,Research & Development,Manager,2,15021.0,Very High,16,16.0,6,0,No,Travel_Rarely,19.0,High,High,High,Low,3,25,1,3,1,9,7,Married,No,29-11-2014,671653
EMP11902,55,Male,High School,Sales,Manager,4,17267.0,Very High,26,11.0,10,3,Yes,Travel_Frequently,3.0,Medium,Medium,Medium,High,3,20,1,1,3,7,12,Married,No,30-05-2016,474866
EMP11903,28,Male,Bachelor's,IT,Software Engineer,1,25000.0,Very High,0,0.0,0,0,No,Travel_Rarely,1.0,Low,High,Very High,High,3,16,1,4,2,11,13,Single,No,06-04-2018,787570
EMP11904,58,Male,High School,Sales,Sales Representative,1,19933.0,Very High,30,10.0,3,1,No,Travel_Rarely,8.0,Low,Low,High,Medium,4,25,2,0,4,1,0,Married,No,12-04-2011,668245
EMP11905,38,Male,High School,Finance,Financial Analyst,2,11999.0,High,15,13.0,6,5,No,Travel_Frequently,9.0,Low,High,High,Very High,3,18,0,3,3,0,4,Married,No,17-11-2016,283511
EMP11906,57,Male,Master's,Sales,Sales Representative,1,25000.0,Very High,39,2.0,1,2,No,Travel_Rarely,5.0,Medium,Very High,Medium,High,3,14,0,4,2,2,5,Single,No,05-07-2021,923003
EMP11907,25,Male,Master's,Marketing,Manager,4,25000.0,Very High,0,0.0,0,0,No,Travel_Rarely,1.0,Medium,High,Medium,Medium,3,15,1,2,1,7,8,Single,Yes,19-07-2011,392642
EMP11908,34,Female,Master's,Research & Development,Manager,1,11695.0,High,8,3.0,3,3,Yes,Travel_Rarely,17.0,Medium,High,Low,Very High,4,18,2,5,1,3,19,Married,No,01-08-2019,380580
EMP11909,39,Male,Bachelor's,Research & Development,Manager,1,18055.0,Very High,15,5.0,2,1,No,Travel_Frequently,25.0,Very High,Very High,Very High,Very High,3,19,0,0,3,4,12,Single,No,27-08-2016,258565
EMP11910,28,Male,Master's,Sales,Sales Representative,3,23153.0,Very High,3,2.0,2,2,No,Travel_Frequently,14.0,High,High,Medium,High,3,15,2,5,4,8,0,Married,No,09-10-2017,875173
EMP11911,51,Male,Bachelor's,Research & Development,Manager,1,25000.0,Very High,30,2.0,2,0,No,Travel_Rarely,17.0,High,High,Medium,Medium,3,23,3,2,3,3,5,Married,Yes,30-06-2025,248726
EMP11912,23,Male,Bachelor's,IT,IT Support,2,13378.0,High,0,0.0,0,0,,Travel_Frequently,9.0,Low,High,Medium,High,3,20,1,1,3,11,6,Married,No,19-12-2024,445180
EMP11913,37,Male,Bachelor's,Marketing,Marketing Specialist,3,25000.0,Very High,12,1.0,1,1,Yes,Travel_Frequently,3.0,Medium,Low,Medium,High,3,21,1,1,2,8,9,Single,No,26-08-2021,396726
EMP11914,24,Male,Master's,Research & Development,Laboratory Technician,3,25000.0,Very High,2,2.0,2,2,Yes,Travel_Rarely,3.0,Medium,Medium,High,Medium,3,10,3,5,0,5,3,Married,No,03-09-2016,122508
EMP11915,39,Male,Bachelor's,Research & Development,Research Director,3,16599.0,Very High,10,2.0,2,1,Yes,Travel_Rarely,13.0,Medium,High,High,High,3,13,0,1,4,11,17,Single,Yes,30-11-2014,317402
EMP11916,42,Female,Bachelor's,Finance,Financial Analyst,1,19441.0,Very High,15,3.0,1,3,No,Travel_Rarely,20.0,Low,High,Very High,High,4,13,1,6,4,6,15,Divorced,No,02-06-2018,512861
EMP11917,30,Male,Master's,IT,Manager,1,13817.0,High,7,7.0,2,0,No,Non-Travel,5.0,Very High,High,High,High,3,12,0,5,3,7,18,Single,No,21-04-2021,206340
EMP11918,56,Male,High School,Human Resources,HR Executive,1,20099.0,Very High,37,3.0,3,1,No,Travel_Rarely,6.0,Very High,Medium,High,High,3,23,1,3,3,9,10,Single,No,27-02-2018,579775
EMP11919,41,Male,High School,Research & Development,Research Scientist,1,21667.0,Very High,13,4.0,4,1,Yes,Travel_Rarely,14.0,Low,High,High,Very High,3,17,3,3,1,9,16,Single,No,11-04-2012,139680
EMP11920,23,Male,Bachelor's,Research & Development,Research Scientist,2,25000.0,Very High,0,0.0,0,0,Yes,Travel_Rarely,6.0,Medium,High,High,Very High,3,15,3,4,3,0,1,Single,No,09-10-2010,806992
EMP11921,48,Female,High School,Finance,Finance Manager,2,25000.0,Very High,25,11.0,6,4,No,Travel_Rarely,26.0,Very High,Very High,High,High,3,16,0,2,2,8,6,Single,Yes,22-11-2018,148353
EMP11922,53,Male,Master's,Sales,Manager,2,15730.0,Very High,24,1.0,1,1,No,Travel_Frequently,29.0,Low,Medium,High,Low,4,25,1,1,1,1,8,Married,No,06-01-2020,842635
EMP11923,32,Male,Bachelor's,Human Resources,Manager,1,9088.0,High,4,3.0,3,3,No,Travel_Rarely,29.0,High,Medium,High,Very High,3,18,1,1,0,2,13,Married,No,07-12-2019,879803
EMP11924,28,Male,Bachelor's,Research & Development,Research Scientist,2,21817.0,Very High,1,1.0,1,1,No,Non-Travel,25.0,Very High,High,Low,Low,3,17,2,3,2,0,16,Married,No,19-05-2010,873318
EMP11925,50,Male,Bachelor's,IT,Software Engineer,1,25000.0,Very High,20,2.0,1,0,No,Travel_Rarely,17.0,Very High,High,High,Medium,3,12,2,3,4,9,14,Divorced,No,15-06-2022,922692
EMP11926,26,Male,Master's,Sales,Manager,1,24643.0,Very High,0,0.0,0,0,Yes,Travel_Rarely,9.0,Medium,High,Low,High,3,24,1,3,4,10,6,Single,No,04-06-2013,197426
EMP11927,23,Female,Bachelor's,Human Resources,Manager,2,19015.0,Very High,3,1.0,1,1,Yes,Non-Travel,4.0,Low,Very High,Medium,High,3,13,0,0,2,2,6,Single,No,25-07-2016,319247
EMP11928,38,Male,Master's,Research & Development,Laboratory Technician,2,23298.0,Very High,8,1.0,0,1,Yes,Travel_Rarely,23.0,Medium,Medium,Medium,High,3,10,3,2,3,1,13,Married,Yes,15-06-2011,392854
EMP11929,49,Male,Bachelor's,Human Resources,Manager,3,25000.0,Very High,23,7.0,0,3, yes,Travel_Rarely,15.0,Very High,Medium,High,High,3,23,1,2,3,6,8,Single,Yes,30-09-2014,170763
EMP11930,50,Female,Bachelor's,Sales,Manager,3,25000.0,Very High,30,7.0,1,1,Yes,Non-Travel,22.0,Very High,Medium,Medium,Very High,4,13,2,0,3,6,8,Single,No,28-08-2013,841810
EMP11931,54,Female,PhD,Human Resources,HR Specialist,3,18620.0,Very High,30,17.0,3,0,No,Travel_Rarely,25.0,High,Very High,Medium,Very High,3,21,3,1,4,5,16,Married,No,20-02-2020,844915
EMP11932,40,Female,Bachelor's,Research & Development,Laboratory Technician,2,17587.0,Very High,9,7.0,6,0,No,Travel_Rarely,18.0,High,Low,Medium,High,4,18,0,5,2,9,20,Single,No,19-04-2010,260116
EMP11933,50,Male,Bachelor's,Research & Development,Manager,1,20406.0,Very High,23,1.0,1,1,No,Travel_Rarely,,High,Low,Medium,High,3,14,1,6,3,11,1,Married,No,24-12-2011,389038
EMP11934,38,Male,Bachelor's,Human Resources,HR Specialist,1,25000.0,Very High,11,0.0,0,0,No,Travel_Rarely,27.0,High,Medium,Very High,High,3,12,1,6,1,10,11,Single,No,14-05-2011,424503
EMP11935,50,Male,Bachelor's,Finance,Accountant,3,20283.0,Very High,24,21.0,1,0,No,Travel_Frequently,18.0,High,High,High,Medium,3,11,3,5,4,3,15,Divorced,No,06-10-2015,445960
EMP11936,51,Female,Bachelor's,IT,Manager,1,21831.0,Very High,19,2.0,1,2,No,Non-Travel,7.0,High,High,High,High,3,15,3,4,2,11,1,Single,No,23-01-2013,917863
EMP11937,21,Female,PhD,Sales,Manager,2,17729.0,Very High,0,0.0,0,0,No,Travel_Rarely,15.0,High,Medium,High,Very High,3,13,2,4,2,2,14,Married,No,13-12-2022,410783
EMP11938,29,Male,Master's,IT,Manager,1,25000.0,Very High,8,8.0,2,7,No,Travel_Frequently,28.0,Medium,Medium,Very High,Very High,3,15,0,1,2,6,5,Married,No,24-02-2014,115474
EMP11939,21,Female,Bachelor's,Research & Development,Manager,1,25000.0,Very High,0,0.0,0,0,No,Non-Travel,25.0,High,Medium,High,High,3,12,3,4,2,10,10,Single,No,02-01-2016,282278
EMP11940,21,Female,Bachelor's,Sales,Manager,3,25000.0,Very High,0,0.0,0,0,No,Travel_Rarely,5.0,Medium,High,Medium,Very High,3,12,0,3,0,2,16,Single,No,01-10-2017,316530
EMP11941,43,Male,Master's,Sales,Sales Representative,1,22862.0,Very High,15,11.0,6,11,Yes,Travel_Rarely,23.0,Medium,Medium,High,High,3,10,0,2,1,8,3,Married,No,10-11-2023,242683
EMP11942,36,Female,Bachelor's,Research & Development,Research Director,2,22394.0,Very High,14,14.0,12,1,No,Travel_Rarely,11.0,High,High,High,Very High,4,18,1,5,0,9,18,Married,No,19-08-2019,690923
EMP11943,51,Female,Master's,IT,Data Analyst,1,7533.0,Medium,29,0.0,0,0,Yes,Non-Travel,24.0,,High,High,Very High,3,16,3,3,3,7,4,Married,No,22-08-2016,752121
EMP11944,35,Male,Master's,Finance,Finance Manager,2,25000.0,Very High,9,9.0,0,1,No,Non-Travel,14.0,Very High,Very High,High,High,4,18,3,4,0,6,11,Married,No,26-09-2010,947458
EMP11945,35,Female,Master's,IT,Manager,3,23397.0,Very High,4,2.0,2,2,No,Travel_Rarely,8.0,,Medium,High,Medium,4,20,2,4,0,1,18,Divorced,No,03-12-2010,839907
EMP11946,58,Male,Master's,Research & Development,Research Scientist,2,25000.0,Very High,36,4.0,1,0,Yes,Travel_Frequently,4.0,High,Medium,High,Very High,3,10,1,2,4,9,0,Married,No,04-02-2024,326337
EMP11947,50,Female,Master's,Research & Development,Research Scientist,3,15992.0,Very High,22,12.0,1,0,Yes,Travel_Rarely,10.0,Medium,Medium,Medium,Medium,3,17,3,6,2,2,10,Single,No,21-06-2020,550054
EMP11948,43,Female,PhD,Sales,Manager,1,18527.0,Very High,17,17.0,2,9,Yes,Travel_Rarely,7.0,Very High,High,Very High,High,3,11,3,5,0,7,5,Married,No,11-06-2024,607317
EMP11949,20,Male,Bachelor's,Research & Development,Laboratory Technician,2,18307.0,Very High,0,0.0,0,0,No,Non-Travel,1.0,Low,High,Low,High,3,12,2,6,2,11,3,Single,No,12-08-2019,911738
EMP11950,30,Male,Master's,Research & Development,Manager,3,25000.0,Very High,5,1.0,1,1,,Travel_Rarely,20.0,High,High,Very High,Medium,3,10,2,3,1,10,16,Married,No,21-06-2020,651362
EMP11951,40,Female,High School,Sales,Sales Representative,4,18575.0,Very High,10,0.0,0,0,No,Travel_Rarely,12.0,High,Very High,High,Low,3,16,0,2,0,2,11,Single,No,06-04-2013,590848
EMP11952,23,Male,Bachelor's,Sales,Manager,1,25000.0,Very High,0,0.0,0,0,Yes,Travel_Rarely,13.0,Medium,High,High,High,4,21,1,5,4,7,9,Married,No,05-11-2021,171819
EMP11953,26,Male,High School,Human Resources,Manager,1,25000.0,Very High,1,0.0,0,0,No,Travel_Rarely,16.0,Very High,Medium,Medium,Very High,4,20,0,4,4,3,13,Married,No,26-08-2024,554969
EMP11954,45,Male,Master's,Finance,Financial Analyst,1,12406.0,High,17,3.0,1,3,No,Travel_Rarely,14.0,Very High,High,Medium,Very High,3,14,2,6,3,4,6,Married,Yes,19-12-2010,956530
EMP11955,31,Female,Bachelor's,Marketing,Marketing Specialist,1,20788.0,Very High,4,0.0,0,0,Yes,Travel_Rarely,13.0,Medium,Medium,High,High,4,22,3,5,0,8,10,Married,No,05-01-2017,544211
EMP11956,50,Female,Master's,Marketing,Manager,1,16428.0,Very High,21,3.0,3,3,Yes,Non-Travel,5.0,Low,High,Medium,Very High,3,20,3,2,1,10,2,Married,No,24-07-2010,801239
EMP11957,36,Male,Master's,Human Resources,HR Specialist,1,8205.0,High,4,0.0,0,0,No,Non-Travel,14.0,Medium,Very High,Medium,Very High,4,12,2,2,2,9,7,Divorced,No,12-02-2019,476913
EMP11958,52,Female,High School,Research & Development,Research Director,2,25000.0,Very High,21,9.0,1,2,Yes,Travel_Rarely,26.0,Medium,High,Medium,Low,3,22,0,4,0,1,19,Married,No,22-11-2014,153343
EMP11959,30,Male,Master's,Human Resources,HR Executive,4,25000.0,Very High,2,1.0,1,1,No,Travel_Rarely,13.0,,Very High,High,Medium,3,13,0,6,3,11,4,Married,No,28-08-2016,573406
EMP11960,47,Female,Master's,IT,Data Analyst,1,25000.0,Very High,26,2.0,0,2,Yes,Travel_Rarely,14.0,Very High,High,Medium,Medium,3,21,2,2,4,2,3,Single,No,22-05-2019,784420
EMP11961,51,Female,Master's,Sales,Sales Executive,5,23728.0,Very High,20,10.0,9,7,No,Travel_Rarely,12.0,Low,Medium,High,Medium,3,21,3,3,0,11,12,Single,No,06/30/2016,722232
EMP11962,20,Male,High School,Research & Development,Research Scientist,3,11826.0,High,0,0.0,0,0,No,Travel_Rarely,23.0,Medium,Very High,Very High,High,3,19,1,6,3,11,3,Single,Yes,19-10-2015,110610
EMP11963,47,Male,Master's,IT,Data Analyst,4,17719.0,Very High,24,1.0,1,1,No,Travel_Rarely,28.0,High,Medium,Very High,High,4,15,0,4,1,0,5,Married,No,16-07-2011,116242
EMP11964,26,Male,Master's,Research & Development,Research Director,4,25000.0,Very High,7,0.0,0,0,No,Travel_Rarely,22.0,Low,Very High,Very High,Very High,3,15,1,2,2,7,1,Married,No,03-03-2015,830183
EMP11965,21,Male,Bachelor's,Human Resources,HR Executive,3,13725.0,High,0,0.0,0,0,No,Travel_Rarely,20.0,Medium,Very High,High,High,3,24,3,1,1,11,4,Single,No,11-09-2021,710767
EMP11966,43,Female,Bachelor's,Human Resources,HR Specialist,3,7049.0,Medium,22,2.0,2,0,Yes,Travel_Rarely,15.0,,High,Medium,High,3,11,2,3,1,10,14,Single,No,22-12-2011,733951
EMP11967,23,Male,Bachelor's,Sales,Sales Representative,2,19887.0,Very High,2,2.0,0,2,No,Travel_Rarely,19.0,High,Low,Medium,Medium,3,16,0,3,2,8,7,Divorced,No,28-01-2011,695204
EMP11968,38,Female,Master's,Research & Development,Research Scientist,2,20665.0,Very High,16,3.0,2,1,No,Travel_Frequently,11.0,High,Very High,Medium,High,3,21,0,3,0,9,1,Married,No,02-09-2010,731610
EMP11969,45,Female,Bachelor's,Research & Development,Research Scientist,4,23412.0,Very High,17,2.0,0,2,No,Travel_Frequently,30.0,High,High,Medium,High,4,22,3,5,2,8,20,Single,No,29-09-2018,118200
EMP11970,30,Female,Bachelor's,Sales,Manager,2,25000.0,Very High,0,0.0,0,0,No,Travel_Rarely,22.0,Low,High,High,Medium,3,11,2,0,3,2,4,Single,No,14-11-2018,899055
EMP11971,59,Male,Master's,Sales,Manager,1,25000.0,Very High,24,7.0,3,7,Yes,Travel_Frequently,26.0,High,High,Very High,Very High,3,18,0,4,1,4,8,Single,No,11-10-2023,802295
EMP11972,30,Female,High School,IT,Software Engineer,3,24747.0,Very High,7,7.0,4,0,No,Travel_Rarely,15.0,High,High,High,High,3,23,3,0,2,8,7,Married,No,10-05-2010,724653
EMP11973,22,Female,Master's,Sales,Sales Executive,2,25000.0,Very High,0,0.0,0,0,No,Travel_Rarely,30.0,Very High,Medium,Very High,Medium,3,11,0,2,4,4,13,Single,No,17-11-2020,805228
EMP11974,31,Female,Bachelor's,Research & Development,Laboratory Technician,3,11120.0,High,12,4.0,4,4,No,Travel_Frequently,29.0,Medium,High,Medium,High,3,14,1,4,2,0,15,Married,No,10-08-2014,457846
EMP11975,22,Female,Bachelor's,Sales,Sales Representative,1,25000.0,Very High,0,0.0,0,0,No,Travel_Rarely,28.0,Very High,Low,High,Medium,3,25,0,5,2,0,1,Single,No,18-11-2022,166099
EMP11976,46,Male,Bachelor's,Marketing,Marketing Specialist,2,25000.0,Very High,24,3.0,2,3,Yes,Travel_Rarely,21.0,Very High,High,High,Very High,3,17,3,3,3,3,2,Married,No,18-06-2018,987064
EMP11977,21,Male,Master's,Sales,Sales Executive,1,12609.0,High,0,0.0,0,0,No,Travel_Rarely,30.0,Medium,High,High,High,3,17,1,3,1,6,3,Married,No,21-01-2023,639866
EMP11978,35,Female,Master's,Research & Development,Research Scientist,4,11200.0,High,14,2.0,2,2,No,Non-Travel,12.0,Medium,High,Medium,Very High,3,22,0,5,3,6,14,Married,No,05-08-2022,750311
EMP11979,21,Female,Master's,IT,IT Support,1,15746.0,Very High,0,0.0,0,0,No,Travel_Rarely,19.0,Very High,Medium,High,Medium,3,20,0,6,3,6,4,Married,No,07-04-2023,521943
EMP11980,49,Female,Master's,IT,IT Support,3,16355.0,Very High,18,5.0,1,2,No,Travel_Frequently,16.0,High,Low,High,Very High,4,22,2,3,4,5,14,Married,No,27-01-2015,488089
EMP11981,39,Male,Bachelor's,Sales,Manager,1,25000.0,Very High,21,14.0,0,3,No,Non-Travel,4.0,Very High,High,Very High,High,3,24,2,3,3,0,17,Single,No,02-02-2017,781169
EMP11982,57,Female,Bachelor's,IT,Data Analyst,1,16705.0,Very High,26,7.0,2,1,Yes,Travel_Rarely,18.0,High,High,Medium,Low,3,13,0,2,3,10,12,Divorced,No,03-05-2024,674756
EMP11983,47,Male,Bachelor's,Research & Development,Research Scientist,1,14983.0,High,25,1.0,1,1,No,Travel_Rarely,9.0,High,High,Very High,Medium,3,16,1,6,4,2,10,Single,No,22-04-2015,233829
EMP11984,44,Male,Master's,Research & Development,Research Director,1,16727.0,Very High,22,1.0,0,1,No,Travel_Rarely,16.0,Low,High,Medium,Medium,3,17,2,6,0,4,9,Married,No,03-09-2023,901157
EMP11985,51,Male,Master's,Sales,Sales Executive,2,25000.0,Very High,33,3.0,3,1,No,Travel_Rarely,7.0,Medium,High,Medium,High,3,25,2,1,3,11,3,Single,No,06/20/2012,289848
EMP11986,29,Male,Bachelor's,Sales,Sales Executive,1,22156.0,Very High,10,1.0,1,1,No,Travel_Rarely,28.0,Very High,Very High,High,Medium,3,25,2,5,2,3,19,Single,No,18-09-2013,674867
EMP11987,59,Male,Master's,Finance,Financial Analyst,2,20320.0,Very High,28,3.0,1,3,No,Travel_Frequently,30.0,Medium,Medium,High,High,3,17,3,4,3,10,4,Married,No,25-09-2013,573878
EMP11988,52,Female,PhD,Research & Development,Manager,1,20963.0,Very High,29,3.0,1,3,Yes,Travel_Rarely,26.0,Low,Medium,Medium,High,3,14,0,6,1,3,0,Single,No,13-06-2012,122072
EMP11989,32,Female,Bachelor's,Research & Development,Laboratory Technician,3,25000.0,Very High,3,3.0,3,0,Yes,Non-Travel,19.0,High,Medium,Very High,High,3,19,1,1,2,8,12,Married,No,25-06-2023,303956
EMP11990,60,Female,Master's,Finance,Accountant,1,15723.0,Very High,31,3.0,3,1,No,Travel_Rarely,24.0,High,Low,High,High,3,11,1,5,2,6,13,Single,No,19-07-2019,279130
EMP11991,56,Female,Bachelor's,IT,Manager,2,25000.0,Very High,30,8.0,0,1,No,Travel_Frequently,24.0,Medium,Very High,Medium,High,4,11,0,4,0,8,15,Married,No,24-12-2019,438037
EMP11992,35,Male,Master's,Sales,Manager,2,24215.0,Very High,7,7.0,2,1,No,Travel_Rarely,11.0,Medium,Very High,High,Medium,3,14,2,5,1,6,12,Single,No,28-05-2015,380912
EMP11993,41,Female,Bachelor's,Human Resources,Manager,4,20492.0,Very High,17,10.0,3,1,No,Travel_Rarely,17.0,Medium,High,High,High,3,25,1,3,1,9,14,Single,No,23-01-2013,590294
EMP11994,39,Female,Bachelor's,Sales,Manager,3,25000.0,Very High,16,1.0,1,1,No,Travel_Frequently,30.0,Low,Medium,Low,Medium,3,25,3,5,1,2,8,Single,No,09-10-2014,292847
EMP11995,46,Female,High School,IT,IT Support,4,13697.0,High,18,3.0,3,2,No,Travel_Rarely,21.0,High,Medium,High,High,3,13,3,6,3,10,2,Married,No,15-11-2021,965555
EMP11996,60,Female,PhD,Finance,Accountant,1,18786.0,Very High,40,2.0,2,2,No,Travel_Rarely,5.0,Medium,High,Medium,High,3,23,1,0,3,9,1,Single,No,16-06-2018,702370
EMP11997,35,Male,Master's,Marketing,Manager,3,12650.0,High,7,3.0,3,3,No,Travel_Rarely,12.0,Very High,High,Very High,Medium,3,13,3,6,2,3,11,Married,No,28-08-2017,894432
EMP11998,53,Male,High School,Sales,Sales Representative,3,25000.0,Very High,29,2.0,1,0,No,Travel_Rarely,19.0,High,Very High,Medium,High,3,12,0,2,0,8,17,Married,No,28-09-2016,886724
EMP11999,51,Male,PhD,Sales,Manager,4,25000.0,Very High,28,9.0,4,2,No,Travel_Frequently,2.0,High,Medium,High,Low,3,18,3,4,3,0,3,Single,No,18-03-2016,195394
EMP12000,45,Female,Master's,Sales,Manager,1,25000.0,Very High,23,3.0,3,3,No,Non-Travel,1.0,Medium,Medium,High,High,3,17,3,3,3,2,19,Divorced,No,04-03-2023,507163
EMP12001,44,Male,Master's,Sales,Sales Representative,4,25000.0,Very High,13,4.0,1,2,No,Travel_Rarely,29.0,High,Very High,Medium,High,3,25,1,0,0,10,14,Single,No,16-02-2024,494750
EMP12002,21,Female,High School,Sales,Sales Representative,2,20152.0,Very High,0,0.0,0,0,Yes,Travel_Rarely,4.0,Medium,Very High,High,Medium,3,13,3,3,1,3,0,Married,No,24-03-2014,224431
EMP12003,31,Male,Bachelor's,Marketing,Marketing Specialist,2,18688.0,Very High,0,0.0,0,0,No,Travel_Rarely,28.0,Medium,Very High,Medium,High,3,16,1,6,2,3,7,Married,No,18-02-2016,265231
EMP12004,59,Female,Master's,Sales,Sales Representative,2,10384.0,High,37,3.0,1,1,No,Non-Travel,11.0,High,Medium,High,Very High,3,17,2,2,3,6,16,Single,No,01-03-2011,379548
EMP12005,28,Male,Bachelor's,Sales,Sales Executive,2,25000.0,Very High,10,7.0,7,3,Yes,Non-Travel,26.0,Medium,Very High,High,Medium,3,23,2,6,0,10,4,Married,No,08-11-2016,917922
EMP12006,31,Male,Bachelor's,IT,IT Support,2,25000.0,Very High,11,1.0,0,1,No,Travel_Rarely,18.0,High,Medium,Medium,Medium,3,25,3,6,0,3,6,Married,No,29-10-2017,732080
EMP12007,45,Male,Bachelor's,Research & Development,Research Director,2,17652.0,Very High,19,5.0,1,1,No,Travel_Rarely,21.0,Low,Medium,High,Medium,3,15,2,0,1,9,2,Single,No,10-01-2019,292171
EMP12008,28,Female,Bachelor's,IT,Data Analyst,3,25000.0,Very High,2,1.0,1,1,No,Travel_Rarely,28.0,Low,High,High,Medium,3,11,1,5,4,7,5,Single,No,29-05-2020,767838
EMP12009,29,Male,Bachelor's,Sales,Manager,2,14218.0,High,7,7.0,2,7,No,Travel_Rarely,27.0,Very High,Very High,High,High,3,17,2,4,4,0,12,Married,No,18-03-2014,449161
EMP12010,51,Female,PhD,Research & Development,Research Director,2,25000.0,Very High,29,2.0,2,2,Yes,Travel_Rarely,16.0,High,Low,Very High,High,3,12,0,5,4,2,15,Single,Yes,11-04-2019,979713
EMP12011,53,Male,Bachelor's,Sales,Sales Executive,1,20380.0,Very High,31,2.0,1,2,No,Travel_Frequently,10.0,High,High,High,Low,3,23,2,4,4,9,16,Married,No,15-04-2013,152905
EMP12012,39,Female,Bachelor's,Sales,Sales Executive,4,25000.0,Very High,9,5.0,0,1,No,Travel_Rarely,12.0,High,High,High,Low,3,13,2,6,3,9,5,Single,No,18-07-2013,643329
EMP12013,58,Male,Bachelor's,Marketing,Marketing Executive,2,21405.0,Very High,33,1.0,1,0,Yes,Travel_Rarely,2.0,Medium,High,High,High,4,13,1,5,0,5,4,Married,No,29-08-2023,944452
EMP12014,21, female ,Master's,Sales,Manager,1,11465.0,High,0,0.0,0,0,Yes,Travel_Rarely,1.0,High,Medium,High,High,3,16,2,4,2,2,17,Single,No,10-03-2011,760737
EMP12015,20,Male,Master's,Research & Development,Manager,3,22788.0,Very High,0,0.0,0,0,No,Travel_Frequently,10.0,Low,Low,Medium,Low,3,17,3,4,3,7,3,Divorced,No,27-08-2017,271639
EMP12016,55, female ,Master's,Research & Development,Manager,1,25000.0,Very High,34,2.0,2,1,Yes,Travel_Rarely,10.0,High,Very High,High,Medium,4,18,0,0,4,6,11,Married,Yes,20-05-2015,875561
EMP12017,43,Male,High School,Research & Development,Research Director,1,21739.0,Very High,15,4.0,2,0,No,Travel_Rarely,28.0,High,High,Medium,High,3,10,2,2,2,4,15,Married,No,04-06-2025,313774
EMP12018,46,Female,Bachelor's,IT,IT Support,2,25000.0,Very High,15,5.0,1,2,No,Travel_Rarely,26.0,Very High,High,Medium,High,3,10,2,0,2,1,10,Single,No,31-10-2011,999620
EMP12019,21,Female,Master's,Sales,Sales Representative,2,13760.0,High,0,0.0,0,0,No,Travel_Frequently,10.0,High,Medium,High,Low,3,21,3,4,4,10,10,Married,No,29-03-2015,845785
EMP12020,50,Male,Master's,Finance,Accountant,1,21768.0,Very High,29,5.0,0,5,No,Travel_Rarely,25.0,Low,Low,Medium,Very High,4,23,0,2,2,4,5,Single,No,25-03-2022,581709
EMP12021,33,Male,Master's,Marketing,Marketing Specialist,1,16630.0,Very High,11,2.0,1,2,No,Travel_Frequently,2.0,High,Medium,Low,High,3,16,0,1,3,8,15,Single,Yes,23-01-2013,200020
EMP12022,21,Female,High School,Research & Development,Laboratory Technician,4,25000.0,Very High,0,0.0,0,0,Yes,Travel_Rarely,26.0,Low,Low,Medium,High,3,13,2,1,1,10,5,Single,No,14-07-2024,997617
EMP12023,48,Female,Bachelor's,Marketing,Manager,1,22341.0,Very High,21,7.0,1,1,No,Travel_Rarely,20.0,Medium,Low,Very High,Very High,3,19,1,6,3,4,8,Divorced,No,01-08-2023,370589
EMP12024,34,Male,High School,Sales,Sales Executive,1,25000.0,Very High,7,7.0,2,2,No,Non-Travel,3.0,Low,Medium,Low,Low,3,17,0,5,3,11,17,Married,No,19-07-2021,377228
EMP12025,31,Male,Master's,Research & Development,Manager,5,25000.0,Very High,4,1.0,1,1,No,Travel_Rarely,1.0,High,High,Medium,High,3,14,0,0,1,2,0,Single,No,01-07-2023,194732
EMP12026,56,Male,High School,Sales,Manager,1,25000.0,Very High,38,3.0,2,3,No,Travel_Rarely,24.0,Low,High,High,High,4,10,1,4,4,6,17,Married,No,13-07-2018,845635
EMP12027,47,Male,Bachelor's,Finance,Accountant,2,24907.0,Very High,24,3.0,1,2,No,Travel_Rarely,18.0,Medium,High,Very High,Low,3,11,0,5,4,11,18,Married,No,26-04-2016,763524
EMP12028,39,Male,Bachelor's,Marketing,Marketing Specialist,1,14056.0,High,8,4.0,4,2,Yes,Non-Travel,11.0,Very High,Very High,High,High,3,19,0,1,1,2,8,Married,No,25-10-2017,660457
EMP12029,58,Female,Bachelor's,Sales,Sales Representative,2,21999.0,Very High,30,5.0,1,5,No,Travel_Rarely,24.0,High,High,Very High,Medium,4,23,1,1,3,7,13,Married,No,16-01-2021,303256
EMP12030,43,Male,Bachelor's,Finance,Accountant,2,17329.0,Very High,17,0.0,0,0,No,Travel_Rarely,12.0,Low,Low,Very High,High,3,12,2,6,0,4,11,Single,No,27-09-2022,272380
EMP12031,40,Female,Bachelor's,Sales,Sales Executive,4,18867.0,Very High,16,6.0,6,3,No,Travel_Rarely,1.0,Medium,Medium,High,Medium,3,11,1,3,2,4,9,Single,No,11-07-2013,444993
EMP12032,29,Female,Master's,Research & Development,Research Director,2,18610.0,Very High,0,0.0,0,0,Yes,Travel_Rarely,6.0,High,Low,Medium,High,3,18,3,3,2,5,8,Married,No,16-01-2015,219319
EMP12033,33,Male,Bachelor's,Research & Development,Research Scientist,2,14172.0,High,13,3.0,3,0,Yes,Travel_Rarely,16.0,Very High,High,High,Very High,3,22,3,5,2,10,11,Divorced,No,18-09-2022,331604
EMP12034,56,Female,Bachelor's,Marketing,Marketing Executive,4,9129.0,High,28,9.0,3,2,Yes,Travel_Rarely,20.0,Low,Low,High,Very High,3,16,2,6,0,9,4,Married,No,05-02-2015,319674
EMP12035,37,Female,Bachelor's,Human Resources,Manager,5,16307.0,Very High,16,3.0,2,3,No,Travel_Rarely,3.0,High,Low,Low,High,3,25,3,5,3,5,18,Single,No,04-03-2018,105576
EMP12036,43,Male,Bachelor's,Research & Development,Research Director,1,24029.0,Very High,18,1.0,1,1,No,Travel_Rarely,17.0,High,Low,Very High,Medium,3,11,3,2,4,2,9,Married,No,17-01-2024,851560
EMP12037,33,Male,Master's,Sales,Manager,3,12008.0,High,14,14.0,0,1,No,Travel_Frequently,26.0,High,Very High,High,Very High,3,16,0,2,1,10,1,Single,No,14-03-2012,451305
EMP12038,53,Female,Bachelor's,Sales,,2,22182.0,Very High,29,11.0,6,3,No,Travel_Frequently,16.0,Very High,High,Very High,High,3,21,0,4,2,6,5,Single,No,03-02-2015,490283
EMP12039,31,Female,Master's,Sales,Sales Representative,2,25000.0,Very High,1,1.0,1,1,Yes,Non-Travel,11.0,High,Medium,High,High,3,21,2,1,0,8,4,Single,No,30-06-2021,830766
EMP12040,41,Male,Bachelor's,Sales,Sales Executive,2,25000.0,Very High,12,3.0,3,2,No,Travel_Rarely,16.0,Very High,Medium,Medium,High,4,19,3,0,1,11,0,Single,No,05-02-2018,543394
EMP12041,25,Male,Master's,IT,Software Engineer,2,25000.0,Very High,7,1.0,0,1,No,Travel_Rarely,12.0,Medium,Low,Very High,Medium,3,10,3,0,3,0,17,Single,No,27-04-2024,352699
EMP12042,55,Male,Bachelor's,Research & Development,,1,25000.0,Very High,28,14.0,6,3,No,Travel_Frequently,1.0,High,Medium,High,High,3,23,1,3,0,3,14,Married,No,03-09-2022,114600
EMP12043,55,Male,Bachelor's,Research & Development,Manager,2,25000.0,Very High,29,4.0,0,3,No,Travel_Rarely,11.0,High,Medium,High,Medium,3,23,0,6,0,3,1,Single,No,16-05-2011,156742
EMP12044,41,Male,Master's,Sales,Sales Representative,2,15902.0,Very High,15,10.0,4,2,No,Travel_Rarely,23.0,Medium,Medium,Very High,Medium,3,14,1,6,1,0,20,Single,No,13-05-2013,596157
EMP12045,33,Female,Bachelor's,IT,Software Engineer,1,16482.0,Very High,8,2.0,2,1,No,Travel_Frequently,6.0,High,High,Medium,High,3,14,3,6,1,5,14,Single,Yes,07-04-2010,683224
EMP12046,72,Female,Bachelor's,Finance,Financial Analyst,2,6421.0,Medium,18,2.0,2,1,Yes,Travel_Rarely,19.0,Medium,Medium,High,Very High,3,18,2,2,2,1,10,Married,No,19-06-2023,650301
EMP12047,55,Male,Master's,Sales,,5,25000.0,Very High,26,21.0,3,1,No,Travel_Rarely,12.0,Low,Very High,Low,High,3,13,3,4,3,10,12,Married,Yes,20-08-2020,340959
EMP12048,44,Female,High School,Finance,Finance Manager,3,25000.0,Very High,14,4.0,1,2,Yes,Travel_Rarely,28.0,Medium,Medium,Very High,Medium,3,13,2,6,1,10,19,Married,No,18-12-2019,583727
EMP12049,51,Male,Bachelor's,Research & Development,Research Scientist,2,17173.0,Very High,28,1.0,1,1,No,Travel_Frequently,2.0,High,Very High,High,Low,3,15,2,3,2,5,14,Divorced,No,02-10-2022,686871
EMP12050,52,Male,Master's,Sales,Sales Representative,4,19648.0,Very High,26,1.0,1,1,Yes,Travel_Rarely,10.0,Very High,High,Medium,High,4,24,1,3,2,0,9,Married,No,18-12-2016,495683
EMP12051,55,Male,PhD,Research & Development,Laboratory Technician,2,15690.0,Very High,29,3.0,2,3,No,Travel_Frequently,19.0,Medium,Very High,Low,High,3,23,3,4,1,9,16,Single,Yes,19-10-2013,898765
EMP12052,39,Male,Master's,Research & Development,Research Director,1,25000.0,Very High,12,0.0,0,0,No,Travel_Rarely,,High,High,Medium,Low,3,20,1,4,0,4,4,Married,No,21-12-2020,449540
EMP12053,37,Male,Bachelor's,Sales,Manager,2,25000.0,Very High,6,3.0,0,0,No,Travel_Rarely,15.0,Low,High,High,High,3,11,3,5,0,5,0,Single,No,23-04-2016,576239
EMP12054,57,Female,Bachelor's,Marketing,Manager,1,,High,34,3.0,2,0,No,Travel_Rarely,8.0,Very High,High,Medium,Medium,3,23,2,1,0,9,18,Single,No,10-10-2021,760223
EMP12055,22,Male,High School,IT,IT Support,3,25000.0,Very High,0,0.0,0,0, yes,Travel_Rarely,11.0,High,Medium,Very High,High,3,19,0,6,2,1,11,Married,Yes,27-09-2013,166395
EMP12056,42,Female,Bachelor's,Finance,Accountant,4,19448.0,Very High,21,2.0,1,1,No,Travel_Rarely,23.0,High,Medium,Very High,Very High,3,25,3,4,0,0,6,Single,No,21-12-2016,555541
EMP12057,51,Male,Master's,Research & Development,Research Director,2,23180.0,Very High,20,20.0,9,0,No,Travel_Rarely,16.0,High,Medium,High,Medium,3,15,2,4,3,6,1,Married,No,11-07-2010,827443
EMP12058,35,Male,Bachelor's,Research & Development,Research Director,2,25000.0,Very High,5,1.0,1,1,No,Non-Travel,13.0,Medium,Medium,Medium,Medium,3,16,0,3,0,0,20,Single,No,01-01-2015,164055
EMP12059,24,Male,Bachelor's,Finance,Finance Manager,2,20238.0,Very High,0,0.0,0,0,No,Travel_Rarely,30.0,High,Low,Very High,Medium,3,13,3,3,0,6,14,Single,Yes,10-05-2024,721788
EMP12060,23,Female,PhD,Research & Development,Research Scientist,1,21023.0,Very High,0,0.0,0,0,No,Travel_Rarely,28.0,Very High,Medium,High,Low,3,19,0,0,2,0,19,Single,Yes,11-09-2024,604045
EMP12061,40,Male,Master's,Sales,Manager,3,20005.0,Very High,22,7.0,2,6,No,Travel_Rarely,13.0,Low,Very High,Low,Very High,3,18,3,5,4,8,12,Married,No,13-08-2010,155076
EMP12062,59,Female,Master's,Research & Development,Research Director,2,25000.0,Very High,31,26.0,1,0,Yes,Travel_Frequently,23.0,High,Very High,High,Very High,3,25,3,0,3,4,6,Single,No,12-02-2012,600178
EMP12063,33,Female,Master's,IT,Data Analyst,1,25000.0,Very High,4,4.0,1,0,Yes,Travel_Rarely,5.0,Very High,High,Very High,High,3,14,0,0,2,5,13,Married,No,30-05-2013,201584
EMP12064,58,Female,Master's,Research & Development,Manager,3,,Very High,31,4.0,0,0,Yes,Travel_Rarely,12.0,Medium,Medium,High,Very High,3,23,1,4,3,6,19,Married,No,01-04-2018,677725
EMP12065,50,Male,Bachelor's,Sales,Manager,1,12433.0,High,29,3.0,3,3,No,Travel_Frequently,10.0,Very High,Medium,Very High,Medium,3,12,0,1,3,0,15,Single,No,20-04-2017,975456
EMP12066,33,Female,Bachelor's,IT,IT Support,5,18576.0,Very High,10,9.0,3,1,No,Travel_Rarely,19.0,Very High,Medium,Very High,Medium,3,18,0,3,0,7,8,Single,No,13-06-2014,585501
EMP12067,25,Male,Bachelor's,Sales,Sales Executive,2,25000.0,Very High,4,4.0,0,2,No,Travel_Rarely,17.0,High,High,Medium,Low,3,10,2,2,3,5,18,Married,No,07-07-2019,672029
EMP12068,31,Female,Bachelor's,Sales,Sales Executive,2,22403.0,Very High,7,7.0,3,2,No,Travel_Rarely,1.0,Medium,Very High,Very High,High,3,17,0,6,0,11,4,Married,No,19-06-2015,360735
EMP12069,35,Male,Master's,Sales,Manager,1,25000.0,Very High,8,3.0,3,3,No,Travel_Rarely,22.0,Medium,Low,Medium,High,4,10,3,6,3,1,9,Married,No,15-05-2021,859388
EMP12070,36,Male,Bachelor's,Research & Development,Manager,1,25000.0,Very High,10,10.0,10,1,No,Travel_Rarely,15.0,Low,High,Medium,High,3,19,3,1,4,0,7,Married,No,04-06-2011,683127
EMP12071,42,Male,High School,IT,Software Engineer,3,25000.0,Very High,22,1.0,1,1,Yes,Travel_Rarely,16.0,High,High,Medium,High,3,17,0,5,3,0,13,Married,No,31-08-2019,134898
EMP12072,33,Male,Bachelor's,Research & Development,Research Director,2,22969.0,Very High,6,1.0,1,1,Yes,Travel_Frequently,20.0,High,Medium,High,Medium,3,14,2,6,1,3,10,Divorced,Yes,26-11-2013,958825
EMP12073,26,Male,Bachelor's,Sales,Manager,4,17502.0,Very High,4,0.0,0,0,No,Travel_Rarely,23.0,High,Very High,Medium,High,3,16,3,2,0,2,0,Single,No,22-05-2012,338883
EMP12074,51,Female,Master's,IT,Manager,2,6981.0,Medium,24,2.0,1,2,No,Travel_Frequently,10.0,Medium,Medium,Medium,High,4,17,1,5,4,10,9,Married,No,15-08-2012,670230
EMP12075,34,Female,Master's,IT,Software Engineer,4,20419.0,Very High,5,5.0,2,2,No,Travel_Rarely,10.0,Low,Very High,Low,Very High,3,24,0,6,0,5,1,Single,No,24-08-2021,421680
EMP12076,36,Male,Bachelor's,IT,Software Engineer,5,19021.0,Very High,9,9.0,3,5,No,Travel_Rarely,26.0,High,High,High,High,3,20,1,4,4,9,6,Single,No,29-10-2019,800597
EMP12077,60,Male,Bachelor's,Sales,Sales Representative,2,25000.0,Very High,35,8.0,6,1,No,Travel_Rarely,17.0,High,Low,Very High,Low,3,21,2,5,0,7,16,Divorced,No,20-04-2018,985919
EMP12078,53,Male,Master's,Research & Development,Research Director,2,20553.0,Very High,28,5.0,1,1,No,Travel_Rarely,29.0,Very High,Medium,High,Very High,3,10,1,6,1,0,4,Single,No,25-08-2010,475695
EMP12079,24,Male,Master's,Marketing,Marketing Executive,3,19069.0,Very High,3,3.0,2,3,No,Travel_Rarely,22.0,High,Low,High,Very High,3,10,0,2,1,11,9,Single,No,15-02-2022,990162
EMP12080,46,Female,Bachelor's,IT,IT Support,1,9890.0,High,22,6.0,3,2,No,Travel_Rarely,23.0,High,Medium,Medium,High,3,16,1,5,4,6,4,Married,No,04-12-2022,400403
EMP12081,42,Female,PhD,Sales,Sales Executive,3,14429.0,High,12,2.0,2,2,Yes,Travel_Rarely,17.0,High,Very High,Medium,Low,3,10,3,5,2,7,4,Married,No,01-11-2018,843866
EMP12082,59,Male,PhD,Sales,Sales Executive,2,25000.0,Very High,27,9.0,2,3,Yes,Non-Travel,2.0,High,High,Low,Low,3,13,1,0,0,4,8,Married,Yes,17-04-2014,126605
EMP12083,33,Male,PhD,Research & Development,Research Director,3,25000.0,Very High,8,6.0,1,2,Yes,Travel_Rarely,9.0,Medium,High,Medium,Medium,3,24,2,5,2,7,10,Married,No,28-06-2012,778678
EMP12084,34,Female,Master's,Marketing,Marketing Specialist,1,21081.0,Very High,9,6.0,6,0,No,Travel_Frequently,25.0,Very High,High,High,High,3,15,2,3,3,10,14,Married,No,15-05-2015,122159
EMP12085,52,Female,PhD,Research & Development,Research Director,3,25000.0,Very High,31,4.0,2,4,No,Non-Travel,22.0,High,Medium,High,Medium,3,11,2,1,1,0,4,Married,No,24-11-2024,831679
EMP12086,50,Female,Bachelor's,Research & Development,Manager,1,25000.0,Very High,20,11.0,2,3,Yes,Non-Travel,27.0,Medium,Medium,Low,Low,3,19,3,0,0,1,16,Married,No,28-10-2019,202213
EMP12087,54,Male,Master's,Sales,Sales Executive,3,15292.0,Very High,31,1.0,1,1,No,Travel_Frequently,4.0,Low,Low,Low,Very High,4,14,2,3,1,3,18,Married,No,21-02-2019,713065
EMP12088,36,Male,Master's,Finance,Finance Manager,2,25000.0,Very High,9,2.0,2,1,No,Travel_Rarely,7.0,Medium,Medium,Medium,Very High,4,19,3,6,3,0,13,Married,No,17-10-2013,268929
EMP12089,47,Male,Master's,IT,Data Analyst,1,15784.0,Very High,18,8.0,1,8,No,Non-Travel,5.0,High,Medium,High,Medium,3,19,2,5,4,4,20,Married,No,26-03-2012,583005
EMP12090,38,Male,Master's,Research & Development,Laboratory Technician,4,25000.0,Very High,15,3.0,1,1,No,Travel_Frequently,19.0,Medium,High,Low,Low,3,20,2,6,0,9,1,Single,Yes,24-08-2024,385085
EMP12091,42,Male,Bachelor's,IT,Manager,3,23579.0,Very High,11,11.0,1,0,No,Travel_Frequently,4.0,Medium,Medium,High,Medium,3,25,2,0,0,2,13,Single,No,04-10-2016,198723
EMP12092,51,Female,Bachelor's,Marketing,Marketing Executive,5,25000.0,Very High,25,2.0,0,2,No,Travel_Rarely,18.0,High,Very High,Medium,High,3,20,3,1,0,1,19,Single,No,07-02-2025,313253
EMP12093,59,Male,Bachelor's,Sales,Sales Representative,2,15488.0,Very High,39,2.0,2,2,No,Non-Travel,30.0,Low,Low,Very High,High,3,24,2,4,4,6,3,Married,Yes,12-05-2020,426432
EMP12094,32,Female,Master's,SALES,Manager,2,25000.0,Very High,4,4.0,1,2,No,Travel_Frequently,22.0,High,Low,High,Medium,3,19,3,2,1,1,2,Married,No,20-03-2012,574116
EMP12095,39, female ,Bachelor's,Sales,Sales Executive,2,25000.0,Very High,13,3.0,3,3,Yes,Travel_Frequently,3.0,Medium,High,Low,Medium,3,20,3,4,4,8,14,Single,No,18-11-2010,835543
EMP12096,54,Male,Bachelor's,IT,Data Analyst,2,13995.0,High,36,4.0,0,0,No,Travel_Rarely,23.0,High,High,High,Low,3,15,3,5,1,5,15,Divorced,No,16-01-2022,129211
EMP12097,24,Male,Bachelor's,Human Resources,HR Executive,1,18904.0,Very High,0,0.0,0,0,Yes,Travel_Rarely,4.0,Low,Very High,High,Medium,3,14,1,5,0,7,9,Married,Yes,23-04-2012,670093
EMP12098,28,Male,Master's,Human Resources,HR Executive,1,24446.0,Very High,1,1.0,1,1,No,Non-Travel,14.0,Medium,High,Very High,High,4,19,2,6,4,2,17,Single,Yes,15-01-2017,828122
EMP12099,48,Female,PhD,IT,IT Support,4,25000.0,Very High,20,5.0,0,1,No,Travel_Rarely,24.0,Medium,Medium,High,High,3,17,3,2,3,4,18,Single,No,15-02-2011,887346
EMP12100,25,Male,Master's,Research & Development,Laboratory Technician,2,17123.0,Very High,5,1.0,0,1,No,Travel_Rarely,27.0,High,Very High,High,Medium,3,20,1,2,4,2,1,Single,No,11-10-2019,770525
EMP12101,44,Male,Master's,Marketing,Manager,4,6156.0,Medium,19,11.0,1,6,No,Travel_Frequently,14.0,High,Very High,High,Very High,3,13,0,6,1,8,9,Single,No,13-05-2024,230346
EMP12102,50,Female,Master's,Research & Development,Manager,1,25000.0,Very High,33,8.0,5,1,Yes,Travel_Rarely,17.0,Medium,Very High,High,High,3,17,3,5,0,0,1,Single,No,03-04-2012,165585
EMP12103,41,Male,Master's,Sales,Sales Representative,5,25000.0,Very High,12,1.0,1,1,No,Travel_Rarely,9.0,High,Very High,High,High,3,20,3,1,1,7,15,Single,No,05-11-2016,435601
EMP12104,21,Male,Bachelor's,Finance,Accountant,2,10053.0,High,0,0.0,0,0,No,Travel_Rarely,19.0,Medium,Low,Low,High,3,12,2,1,2,5,4,Married,No,10-09-2017,790137
EMP12105,24,Male,Bachelor's,IT,Software Engineer,3,16757.0,Very High,0,0.0,0,0,No,Travel_Rarely,3.0,Very High,Very High,High,Medium,3,16,3,4,0,6,3,Married,No,14-07-2016,411220
EMP12106,46,Male,Master's,Research & Development,Manager,2,25000.0,Very High,22,1.0,1,1,No,Travel_Rarely,15.0,Very High,Very High,High,Low,3,21,0,3,3,1,16,Married,No,19-02-2015,428311
EMP12107,44,Male,Master's,IT,Software Engineer,4,25000.0,Very High,20,2.0,2,2,Yes,Travel_Rarely,21.0,High,High,High,Medium,3,14,3,3,3,6,12,Married,Yes,17-05-2021,337286
EMP12108,27,Male,Master's,Marketing,Marketing Specialist,2,25000.0,Very High,0,0.0,0,0,Yes,Travel_Rarely,26.0,High,High,Medium,Low,3,21,3,4,2,0,11,Single,No,08-08-2022,468016
EMP12109,20,Female,Bachelor's,Sales,Sales Executive,2,20348.0,Very High,0,0.0,0,0,No,Travel_Rarely,1.0,High,High,Low,Medium,3,14,2,6,1,6,16,Single,No,22-02-2019,403826
EMP12110,39,Female,Bachelor's,Marketing,Marketing Executive,1,22865.0,Very High,16,5.0,1,1,Yes,Non-Travel,30.0,High,Medium,High,High,3,15,3,2,3,10,8,Married,Yes,02-12-2016,410554
EMP12111,42,Male,Bachelor's,Sales,Manager,2,20766.0,Very High,13,4.0,1,2,Yes,Travel_Rarely,19.0,High,High,High,High,3,24,0,6,1,7,19,Single,No,31-10-2011,556868
EMP12112,51,Male,Bachelor's,Sales,Sales Representative,3,25000.0,Very High,18,7.0,1,3,No,Travel_Rarely,4.0,Very High,Very High,Medium,High,3,21,1,1,0,1,0,Married,No,29-10-2019,687646
EMP12113,30,Male,Bachelor's,Sales,Manager,1,14852.0,High,11,,4,0,No,Travel_Rarely,14.0,High,High,Low,High,3,14,2,4,4,9,0,Married,No,30-05-2018,593830
EMP12114,58,Female,Bachelor's,IT,Software Engineer,3,15327.0,Very High,35,5.0,3,2,No,Travel_Frequently,18.0,High,High,High,Very High,3,22,1,3,0,1,1,Single,No,09-01-2018,131013
EMP12115,43,Male,Bachelor's,Finance,Financial Analyst,1,25000.0,Very High,18,8.0,2,5,No,Non-Travel,12.0,High,High,Medium,High,3,10,0,2,1,2,13,Single,No,15-07-2025,150040
EMP12116,30,Female,Master's,Sales,Sales Executive,4,21591.0,Very High,4,2.0,2,2,No,Travel_Rarely,6.0,High,Medium,Very High,Medium,3,24,3,3,2,9,4,Married,No,21-05-2014,909266
EMP12117,48,Female,PhD,Research & Development,Laboratory Technician,5,25000.0,Very High,20,11.0,3,1,Yes,Travel_Rarely,10.0,High,High,Medium,High,3,18,1,2,0,3,0,Single,No,20-05-2024,997387
EMP12118,45,Male,Master's,Human Resources,HR Executive,2,16282.0,Very High,21,5.0,4,5,No,Travel_Rarely,4.0,Medium,High,Low,Medium,3,20,2,3,3,7,0,Single,No,01-08-2010,550662
EMP12119,35,Female,Master's,Sales,Sales Executive,1,21490.0,Very High,11,9.0,1,1,No,Travel_Frequently,16.0,Medium,Medium,Medium,High,3,13,1,5,0,11,14,Single,No,17-11-2015,435339
EMP12120,54,Male,Bachelor's,IT,Data Analyst,2,14544.0,High,24,4.0,2,4,Yes,Travel_Rarely,1.0,Low,Very High,Medium,High,3,14,3,0,0,2,0,Married,Yes,25-02-2019,818479
EMP12121,39,Male,Master's,IT,IT Support,1,22100.0,Very High,20,1.0,0,1,No,Travel_Rarely,3.0,High,Very High,High,Medium,4,10,1,2,0,5,20,Single,No,08-12-2012,237824
EMP12122,22,Male,High School,Research & Development,Research Scientist,2,11324.0,High,0,0.0,0,0,No,Travel_Rarely,7.0,Medium,Low,Medium,Medium,3,12,0,2,2,9,15,Single,No,01-02-2016,876970
EMP12123,20,Male,Bachelor's,Marketing,Manager,1,17687.0,Very High,0,0.0,0,0,No,Non-Travel,30.0,Very High,High,Medium,High,3,12,3,6,1,10,9,Single,No,04-06-2025,345664
EMP12124,20,Female,Bachelor's,Research & Development,Research Scientist,2,11541.0,High,0,0.0,0,0,Yes,Travel_Rarely,3.0,High,Medium,Very High,High,4,17,3,2,2,7,4,Married,No,06-09-2023,202751
EMP12125,36,Male,Bachelor's,Marketing,Manager,1,25000.0,Very High,9,3.0,3,2,No,Non-Travel,29.0,High,High,Medium,High,3,20,3,0,3,9,1,Married,No,02-06-2023,555916
EMP12126,21,Male,Master's,Finance,Financial Analyst,1,25000.0,Very High,0,0.0,0,0,No,Travel_Rarely,22.0,Medium,Medium,Low,Low,3,25,0,0,1,1,13,Married,No,26-10-2012,249595
EMP12127,48,Female,Bachelor's,Human Resources,HR Specialist,1,10111.0,High,20,6.0,3,2,No,Travel_Frequently,27.0,High,High,Medium,Very High,3,17,2,6,3,3,10,Single,No,14-02-2017,124446
EMP12128,39,Male,Master's,Sales,Sales Representative,2,25000.0,Very High,16,6.0,1,2,No,Travel_Rarely,15.0,High,Medium,Medium,Low,3,18,0,3,1,0,18,Married,No,14-03-2021,178995
EMP12129,25,Male,PhD,IT,Data Analyst,2,25000.0,Very High,0,0.0,0,0,No,Travel_Rarely,6.0,High,Low,High,Very High,3,23,3,1,1,10,18,Single,No,02-04-2019,621200
EMP12130,27,Male,Bachelor's,Research & Development,Research Scientist,1,22487.0,Very High,2,2.0,1,2,NO,Travel_Rarely,16.0,Medium,Medium,Very High,High,4,19,3,6,0,7,18,Single,No,09-09-2019,760495
EMP12131,48,Female,Bachelor's,Sales,Sales Representative,2,16506.0,Very High,17,9.0,3,6,No,Travel_Rarely,17.0,High,High,High,Low,3,24,1,5,0,0,2,Married,No,12-06-2011,271869
EMP12132,52,Female,Master's,Sales,Sales Executive,4,25000.0,Very High,27,8.0,4,7,Yes,Travel_Rarely,2.0,High,Low,High,Medium,3,16,0,3,2,11,10,Married,No,23-12-2025,787504
EMP12133,22,Male,Bachelor's,Research & Development,Laboratory Technician,1,12167.0,High,0,0.0,0,0,Yes,Travel_Rarely,10.0,High,Medium,Very High,Medium,4,15,2,2,1,8,19,Single,No,29-12-2011,773720
EMP12134,54,Female,Bachelor's,Research & Development,Research Director,3,22227.0,Very High,27,4.0,2,1,No,Travel_Rarely,11.0,Very High,Low,High,Very High,3,25,3,2,3,5,15,Married,No,22-10-2015,931693
EMP12135,24,Male,Master's,Finance,Finance Manager,2,23881.0,Very High,0,0.0,0,0,No,Travel_Rarely,28.0,Very High,Medium,Medium,Very High,3,23,0,5,0,11,16,Married,No,16-10-2015,820599
EMP12136,46,Male,PhD,IT,Software Engineer,1,25000.0,Very High,20,4.0,2,4,No,Non-Travel,27.0,Very High,Low,High,Low,3,25,3,6,3,11,19,Single,Yes,16-08-2011,225732
EMP12137,31,Male,Master's,Sales,Sales Executive,2,25000.0,Very High,12,1.0,1,0,No,Travel_Rarely,6.0,High,Medium,High,High,3,17,2,3,0,2,3,Married,No,02-07-2025,118252
EMP12138,39,Female,Bachelor's,Finance,Financial Analyst,2,17599.0,Very High,16,4.0,3,2,Yes,Travel_Rarely,18.0,Very High,Very High,Medium,Medium,4,12,2,4,1,7,14,Married,No,30-07-2019,724657
EMP12139,39,Male,,Sales,Manager,3,14357.0,High,21,5.0,5,2,Yes,Travel_Rarely,15.0,High,High,Medium,Medium,3,24,1,1,3,1,10,Single,No,27-05-2022,665062
EMP12140,28,Female,Bachelor's,IT,Data Analyst,1,18886.0,Very High,12,2.0,0,1,No,Travel_Rarely,16.0,Medium,High,High,Very High,3,24,1,0,2,10,15,Single,No,24-10-2025,609819
EMP12141,58,Male,Bachelor's,IT,Manager,5,14001.0,High,31,3.0,2,1,No,Travel_Rarely,30.0,Medium,High,Medium,Very High,3,19,1,1,2,2,19,Divorced,No,24-09-2010,927568
EMP12142,23,Male,Bachelor's,Research & Development,Research Scientist,2,22506.0,Very High,0,0.0,0,0,No,Travel_Rarely,13.0,Medium,Very High,High,High,4,19,2,4,2,6,20,Single,No,27-06-2019,775466
EMP12143,38,Male,Bachelor's,Finance,Financial Analyst,2,17088.0,Very High,8,1.0,0,1,No,Travel_Rarely,16.0,Low,High,Medium,Medium,3,19,0,3,0,10,3,Single,No,19-08-2020,976984
EMP12144,57,Female,Master's,Research & Development,Laboratory Technician,1,11245.0,High,27,8.0,2,1,No,Travel_Rarely,2.0,Medium,Low,High,High,3,17,0,6,0,0,4,Single,No,07-07-2025,254320
EMP12145,46,Male,Master's,Research & Development,Laboratory Technician,1,25000.0,Very High,20,1.0,1,1,Yes,Travel_Frequently,20.0,Low,Very High,Medium,Medium,3,12,2,3,2,8,18,Married,No,16-01-2020,397490
EMP12146,32,Male,Master's,IT,IT Support,2,17607.0,Very High,11,0.0,0,0,No,Travel_Rarely,12.0,High,Low,Medium,Very High,3,22,2,2,3,9,15,Married,Yes,17-04-2013,121573
EMP12147,32,Male,PhD,Research & Development,Research Scientist,2,12448.0,High,3,1.0,1,1,No,Travel_Rarely,29.0,Medium,Very High,High,High,3,11,0,5,0,8,18,Single,Yes,14-07-2020,667923
EMP12148,41,Female,Bachelor's,Research & Development,Laboratory Technician,3,20420.0,Very High,17,7.0,0,7,No,Travel_Rarely,14.0,Medium,Medium,Very High,Medium,3,18,3,3,2,2,15,Married,No,26-05-2014,778865
EMP12149,47,Female,High School,Research & Development,Research Scientist,3,22715.0,Very High,22,3.0,0,2,Yes,Travel_Frequently,8.0,High,Low,High,Low,3,10,0,4,0,3,0,Married,Yes,10-09-2019,872916
EMP12150,41,Female,Master's,IT,Manager,1,10038.0,High,20,10.0,3,4,No,Travel_Rarely,6.0,High,Very High,High,Very High,3,19,2,3,4,1,2,Divorced,No,10-10-2024,665769
EMP12151,38,Male,PhD,Research & Development,Research Director,2,25000.0,Very High,10,4.0,0,2,No,Non-Travel,14.0,Very High,Low,Very High,High,3,19,0,6,3,9,1,Married,No,13-04-2011,269216
EMP12152,27,Female,Bachelor's,Sales,Sales Representative,1,13750.0,High,0,0.0,0,0,Yes,Travel_Rarely,24.0,High,Medium,Medium,High,3,11,0,3,1,10,9,Married,No,2025/06/07,188622
EMP12153,27,Female,High School,Finance,Financial Analyst,2,,Very High,0,0.0,0,0,No,Travel_Rarely,15.0,Medium,Medium,Medium,Medium,3,16,2,4,3,0,5,Single,No,02-09-2015,671386
EMP12154,45,Male,Master's,IT,Software Engineer,3,25000.0,Very High,25,1.0,1,1,No,Travel_Frequently,20.0,Medium,High,Medium,Low,3,10,3,0,1,10,7,Single,No,14-02-2023,611205
EMP12155,45,Male,High School,Sales,Manager,2,18399.0,Very High,12,8.0,6,3,Yes,Travel_Frequently,27.0,Medium,Low,Medium,Medium,3,21,2,1,2,7,5,Married,No,09-02-2022,151866
EMP12156,42,Male,Bachelor's,Sales,Manager,3,15751.0,Very High,14,1.0,0,1,No,Travel_Rarely,3.0,Medium,High,Very High,Low,3,14,1,6,0,10,19,Single,No,21-10-2011,325944
EMP12157,32,Male,Bachelor's,Sales,Manager,5,21010.0,Very High,7,2.0,1,2,No,Travel_Rarely,7.0,Medium,High,High,High,4,21,1,3,2,8,18,Married,No,23-11-2020,926585
EMP12158,47,Female,Master's,Research & Development,Manager,2,25000.0,Very High,15,7.0,5,5,No,Travel_Rarely,16.0,Very High,Low,High,High,4,18,0,1,1,8,15,Married,No,21-06-2011,667910
EMP12159,28,Female,Bachelor's,Research & Development,Research Director,1,21775.0,Very High,9,9.0,4,6,No,Non-Travel,23.0,Low,High,High,High,3,18,2,1,4,9,3,Married,No,24-08-2016,301609
EMP12160,39,Female,Master's,Finance,Finance Manager,2,19976.0,Very High,18,2.0,2,1,No,Travel_Rarely,2.0,Medium,Very High,Very High,Medium,3,20,3,2,1,4,15,Married,Yes,29-04-2012,537411
EMP12161,38,Male,Bachelor's,Finance,Accountant,1,22613.0,Very High,15,9.0,9,2,Yes,Travel_Rarely,17.0,Medium,Very High,Medium,Low,3,13,0,0,0,4,8,Single,No,14-12-2015,941645
EMP12162,58,Female,Bachelor's,Human Resources,HR Executive,2,16785.0,Very High,38,1.0,1,1,Yes,Travel_Rarely,11.0,High,Medium,High,High,3,19,2,1,4,4,8,Single,No,08-11-2025,237607
EMP12163,31,Male,PhD,Research & Development,Research Scientist,3,18874.0,Very High,7,7.0,2,2,Yes,Travel_Rarely,24.0,Medium,High,Medium,High,3,23,0,2,0,5,7,Single,No,04-06-2022,371328
EMP12164,34,Male,Bachelor's,IT,Software Engineer,2,8616.0,High,5,5.0,1,5,No,Travel_Rarely,3.0,Medium,Very High,High,Very High,3,24,0,4,4,3,4,Divorced,No,26-06-2023,453213
EMP12165,50,Female,Bachelor's,Research & Development,Manager,3,25000.0,Very High,20,1.0,1,0,No,Travel_Rarely,22.0,Low,Very High,High,High,3,11,2,4,0,1,20,Married,No,23-09-2015,371260
EMP12166,33,Male,Bachelor's,Marketing,Marketing Executive,3,25000.0,Very High,0,0.0,0,0,Yes,Travel_Rarely,23.0,Medium,Medium,Very High,High,3,18,3,4,1,1,16,Married,No,01-06-2017,255700
EMP12167,30,Female,Master's,Human Resources,HR Executive,3,15552.0,Very High,2,1.0,1,1,No,Travel_Rarely,8.0,Low,Medium,High,High,3,20,3,5,1,11,15,Single,No,14-10-2013,791169
EMP12168,45,Female,Bachelor's,Sales,Manager,1,25000.0,Very High,18,2.0,2,0,No,Travel_Rarely,22.0,High,Low,Medium,High,3,13,1,5,1,5,17,Married,No,04-10-2021,910458
EMP12169,46,Female,Bachelor's,Finance,Financial Analyst,3,22906.0,Very High,21,1.0,0,1,Yes,Travel_Rarely,23.0,Low,Medium,Very High,Low,3,12,3,6,1,4,5,Married,Yes,04-08-2014,433810
EMP12170,30,Male,Master's,Research & Development,Research Director,2,13818.0,High,7,5.0,5,1,No,Travel_Rarely,21.0,High,Low,Very High,Very High,3,22,1,4,4,3,9,Single,No,31-12-2025,688649
EMP12171,57,Female,Bachelor's,Finance,Accountant,1,25000.0,Very High,36,26.0,0,4,No,Travel_Rarely,19.0,High,High,Medium,High,3,12,2,4,3,5,19,Married,Yes,15-10-2011,855248
EMP12172,53,Female,High School,Sales,Manager,5,25000.0,Very High,37,0.0,0,0,No,Travel_Rarely,18.0,High,Low,Medium,Very High,3,22,0,2,3,3,15,Single,No,21-01-2022,615695
EMP12173,38,Female,Master's,Sales,Manager,4,25000.0,Very High,12,4.0,4,4,No,Travel_Rarely,7.0,Medium,High,Medium,Very High,3,16,0,0,2,9,18,Single,No,27-08-2018,119652
EMP12174,25,Female,Bachelor's,IT,Manager,2,18186.0,Very High,2,2.0,0,1,No,Travel_Frequently,16.0,Medium,Low,High,Medium,3,21,3,0,3,3,7,Single,Yes,17-04-2020,452937
EMP12175,57,Female,High School,Sales,Sales Representative,3,25000.0,Very High,25,12.0,2,6,No,Travel_Rarely,24.0,Low,High,Very High,High,3,25,0,2,2,5,17,Married,No,06-07-2022,299754
EMP12176,47,Male,Master's,IT,IT Support,1,19579.0,Very High,20,4.0,1,1,No,Travel_Rarely,14.0,High,Medium,Medium,High,3,11,2,2,1,10,4,Single,No,22-03-2016,120684
EMP12177,20,Female,Master's,Sales,Sales Representative,2,25000.0,Very High,0,0.0,0,0,No,Travel_Rarely,8.0,High,High,High,High,3,14,3,5,0,3,12,Married,No,14-03-2022,417011
EMP12178,54,Female,Bachelor's,Human Resources,HR Specialist,1,9347.0,High,23,3.0,3,2,No,Travel_Rarely,13.0,Medium,High,Medium,Low,3,11,3,3,3,8,14,Single,Yes,07-10-2016,692417
EMP12179,59,Female,Master's,Finance,Finance Manager,2,18120.0,Very High,29,2.0,2,0,Yes,Travel_Rarely,3.0,High,High,Medium,Very High,3,16,1,1,3,6,5,Married,Yes,29-12-2023,908288
EMP12180,27,Female,Master's,Research & Development,Research Scientist,2,25000.0,Very High,10,0.0,0,0,No,Travel_Rarely,2.0,High,Low,Medium,Very High,3,16,2,5,1,11,1,Single,Yes,23-07-2018,282797
EMP12181,26,Male,High School, sales ,Laboratory Technician,1,15597.0,Very High,0,0.0,0,0,No,Travel_Rarely,13.0,High,Low,High,High,3,12,1,6,1,5,14,Married,No,15-01-2023,569940
EMP12182,30,Male,High School,Sales,Sales Executive,2,16786.0,Very High,1,0.0,0,0,Yes,Travel_Rarely,25.0,Low,High,Very High,Medium,3,12,3,5,3,2,10,Married,No,10-07-2016,912363
EMP12183,58,Male,Bachelor's,Sales,Sales Executive,1,18005.0,Very High,30,4.0,1,4,No,Travel_Rarely,22.0,High,Medium,High,High,3,17,1,4,1,10,4,Married,No,04-09-2023,752490
EMP12184,23,Male,Master's,Research & Development,Research Director,1,12751.0,High,3,2.0,2,1,Yes,Travel_Frequently,26.0,Low,Low,High,High,4,16,2,5,3,11,9,Married,No,11-11-2010,741792
EMP12185,44,Male,Bachelor's,Finance,Accountant,2,8154.0,High,18,4.0,3,4,No,Travel_Frequently,3.0,High,Medium,Low,High,3,13,1,5,0,3,19,Single,No,03-05-2011,344973
EMP12186,31,Male,Master's,Marketing,Manager,2,19855.0,Very High,9,1.0,1,1,Yes,Non-Travel,21.0,Medium,High,Low,Medium,3,11,3,1,0,1,19,Single,No,16-01-2025,657831
EMP12187,45,Male,Master's,IT,IT Support,1,23415.0,Very High,17,13.0,1,1,Yes,Travel_Rarely,1.0,Low,High,Medium,Medium,3,21,1,3,2,2,17,Single,No,14-01-2018,219185
EMP12188,57,Female,Bachelor's,IT,Manager,1,21512.0,Very High,25,11.0,0,2,No,Travel_Frequently,2.0,Very High,Medium,Low,High,3,25,3,6,3,10,11,Married,No,25-01-2024,719908
EMP12189,31,Male,Bachelor's,IT,Software Engineer,1,20636.0,Very High,1,1.0,1,1,No,Travel_Frequently,25.0,High,Low,High,Medium,4,22,3,0,0,0,16,Single,No,08-05-2017,273950
EMP12190,56,Male,PhD,Finance,Finance Manager,1,22457.0,Very High,22,2.0,1,2,Yes,Non-Travel,10.0,Medium,Medium,High,High,4,12,1,6,0,8,16,Single,No,19-08-2020,448799
EMP12191,43,Male,Bachelor's,Sales,Manager,2,25000.0,Very High,15,5.0,4,5,No,Travel_Rarely,11.0,Low,Medium,Low,Medium,3,20,0,4,4,9,3,Married,No,18-11-2011,461182
EMP12192,35,Male,Bachelor's,Marketing,Manager,4,20217.0,Very High,9,1.0,1,1,Yes,Travel_Frequently,26.0,High,High,Medium,Very High,3,20,2,5,0,2,18,Single,Yes,15-06-2015,954082
EMP12193,32,Male,Master's,Finance,Financial Analyst,1,17012.0,Very High,0,0.0,0,0,No,Travel_Rarely,3.0,Very High,Very High,Medium,Very High,3,23,3,5,2,7,17,Single,No,06-01-2018,129829
EMP12194,44,Male,Bachelor's,Research & Development,Research Scientist,2,19409.0,Very High,25,1.0,0,1,No,Travel_Rarely,24.0,High,Medium,Very High,Medium,3,20,0,0,0,3,19,Married,No,15-12-2013,998458
EMP12195,23,Female,High School,Sales,Manager,1,25000.0,Very High,0,0.0,0,0,Yes,Travel_Rarely,26.0,Very High,High,High,Low,4,24,2,2,1,10,20,Single,No,25-04-2021,633716
EMP12196,30,Male,High School,Research & Development,Laboratory Technician,2,25000.0,Very High,2,2.0,0,2,No,Travel_Frequently,8.0,Low,High,High,High,3,12,0,6,4,7,9,Single,No,19-05-2015,994500
EMP12197,51,Female,Bachelor's,Research & Development,Laboratory Technician,1,16603.0,Very High,29,4.0,1,4,Yes,Travel_Frequently,15.0,High,Medium,High,High,4,14,1,1,3,6,13,Married,Yes,30-03-2020,142484
EMP12198,26,Female,High School,IT,Software Engineer,4,23029.0,Very High,1,1.0,1,1,Yes,Travel_Rarely,5.0,High,Low,Medium,Medium,3,25,3,0,2,3,19,Single,No,08-04-2018,717080
EMP12199,30,Female,Master's,Research & Development,Research Director,2,25000.0,Very High,0,0.0,0,0,No,Travel_Rarely,8.0,High,High,High,High,3,22,0,3,0,6,12,Married,No,08-11-2020,880513
EMP12200,47,Male,PhD,Research & Development,Laboratory Technician,2,14092.0,High,20,13.0,0,10,No,Travel_Rarely,18.0,Low,Medium,Very High,Very High,3,16,0,0,3,11,13,Married,No,21-02-2014,338974
EMP12201,60,Male,High School,Marketing,Marketing Executive,2,22230.0,Very High,38,17.0,0,8,No,Travel_Rarely,18.0,High,High,High,Low,3,13,2,4,0,7,3,Married,No,20-10-2012,941251
EMP12202,42,Male,Bachelor's,Sales,Sales Executive,1,11389.0,High,18,1.0,1,0,No,Travel_Rarely,12.0,High,Low,Medium,Medium,4,10,2,4,4,9,3,Married,No,05-05-2015,651100
EMP12203,42,Male,High School,Research & Development,Manager,4,9936.0,High,22,1.0,1,0,No,Travel_Rarely,4.0,High,High,High,High,3,12,3,1,3,2,3,Single,No,07-05-2016,772985
EMP12204,47,Male,Bachelor's,Sales,Sales Executive,1,25000.0,Very High,22,6.0,2,2,No,Travel_Frequently,8.0,High,High,High,High,3,12,0,2,1,4,10,Divorced,No,29-09-2014,949275
EMP12205,45,Female,Bachelor's,Finance,Finance Manager,1,18532.0,Very High,21,4.0,3,4,No,Travel_Rarely,2.0,High,Medium,Very High,Low,3,10,3,5,1,10,0,Married,No,23-09-2011,513440
EMP12206,44,Male,Bachelor's,Marketing,Marketing Executive,1,24126.0,Very High,17,0.0,0,0,No,Travel_Rarely,20.0,High,Medium,Medium,High,3,17,2,4,3,2,5,Married,No,06-03-2017,416591
EMP12207,48,Male,PhD,Sales,Sales Representative,1,21850.0,Very High,19,0.0,0,0,No,Travel_Frequently,24.0,Medium,High,Low,Medium,3,13,3,3,1,6,4,Married,No,17-05-2016,243702
EMP12208,38,Male,Bachelor's,IT,Software Engineer,1,14195.0,High,16,11.0,0,2,No,Non-Travel,3.0,Medium,Very High,High,Very High,4,14,1,6,2,5,4,Married,Yes,11-06-2018,305793
EMP12209,52,Female,Bachelor's,Sales,Sales Representative,2,21582.0,Very High,26,10.0,7,1,No,Travel_Frequently,8.0,High,High,Very High,High,3,12,3,1,4,0,11,Married,No,19-02-2019,944122
EMP12210,55,Female,Bachelor's,Marketing,Manager,1,12646.0,High,34,2.0,0,1,No,Travel_Rarely,12.0,Very High,Low,Very High,High,3,13,1,4,2,9,14,Married,No,not available,782306
EMP12211,33,Male,High School,IT,IT Support,2,25000.0,Very High,13,11.0,11,3,No,Travel_Frequently,2.0,Low,Medium,High,Very High,3,10,3,3,3,4,5,Married,No,15-09-2014,333965
EMP12212,33,Male,Master's,IT,Manager,1,11966.0,High,9,5.0,1,5,No,Travel_Rarely,30.0,High,Very High,Medium,High,3,22,3,5,2,3,11,Single,No,31-03-2011,273542
EMP12213,54,Male,High School,Sales,Manager,5,20169.0,Very High,21,8.0,3,2,,Non-Travel,17.0,Medium,High,High,High,3,22,1,0,4,1,13,Married,No,11-04-2024,548588
EMP12214,49,Female,PhD,Marketing,Marketing Executive,1,13780.0,High,19,3.0,3,3,No,Travel_Rarely,14.0,Medium,Low,Low,Medium,3,13,2,5,4,0,10,Single,No,21-01-2019,846447
EMP12215,47,Female,Bachelor's,Finance,Finance Manager,2,25000.0,Very High,19,1.0,1,1,No,Travel_Frequently,14.0,High,High,High,High,3,11,3,3,3,11,7,Single,Yes,26-03-2021,642722
EMP12216,36,Female,Master's,Research & Development,Research Scientist,3,18975.0,Very High,11,3.0,3,2,No,Travel_Rarely,30.0,High,Medium,Medium,Medium,3,19,2,5,2,11,19,Married,No,26-05-2015,594105
EMP12217,22,Male,PhD,IT,Data Analyst,1,17441.0,Very High,0,0.0,0,0,No,Travel_Rarely,6.0,Low,High,Very High,Very High,4,23,0,1,4,11,6,Single,No,25-01-2023,959588
EMP12218,35,Female,Bachelor's,Sales,Sales Executive,1,25000.0,Very High,18,4.0,1,1,No,Travel_Frequently,8.0,High,Medium,Medium,High,4,15,2,4,3,6,5,Married,Yes,25-10-2024,967254
EMP12219,49,Female,Bachelor's,IT,Manager,1,22320.0,Very High,18,1.0,1,1,No,Travel_Frequently,25.0,High,High,High,Very High,3,11,0,2,4,6,12,Single,No,13-09-2012,198306
EMP12220,48,Female,Master's,Sales,Sales Executive,1,25000.0,Very High,23,23.0,5,7,No,Travel_Rarely,10.0,Very High,Medium,Low,Medium,3,24,2,2,0,5,5,Single,No,28-05-2011,875991
EMP12221,34,Female,High School,Finance,Financial Analyst,1,14163.0,High,15,1.0,1,1,No,Non-Travel,24.0,Medium,Medium,High,Medium,4,18,2,3,0,4,19,Married,No,10-03-2014,610190
EMP12222,44,Male,Master's,Research & Development,Research Director,2,11706.0,High,19,1.0,1,1,Yes,Travel_Rarely,18.0,High,High,Medium,High,3,11,0,3,4,8,1,Married,No,19-12-2011,428947
EMP12223,57,Male,High School,Sales,Manager,2,23115.0,Very High,26,4.0,4,4,Yes,Travel_Rarely,1.0,Medium,High,Very High,Low,4,13,1,3,3,1,10,Married,No,08-07-2022,102474
EMP12224,57,Male,Bachelor's,Sales,Sales Representative,2,19082.0,Very High,37,4.0,1,4,No,Travel_Rarely,7.0,Medium,Medium,High,Medium,3,22,2,4,0,10,7,Divorced,No,27-10-2017,420029
EMP12225,42, female ,Bachelor's,Sales,Sales Representative,1,25000.0,Very High,17,3.0,2,3,No,Travel_Rarely,7.0,High,Medium,Medium,Very High,3,13,0,2,4,10,3,Married,No,22-08-2019,751606
EMP12226,44,Female,Master's,Research & Development,Laboratory Technician,3,21248.0,Very High,18,7.0,7,1,No,Travel_Rarely,13.0,High,Low,Medium,Medium,3,25,2,2,1,2,6,Divorced,No,22-06-2012,937009
EMP12227,26,Male,Bachelor's,Research & Development,Laboratory Technician,1,24156.0,Very High,6,4.0,1,4,Yes,Travel_Frequently,16.0,Low,High,High,Medium,3,21,2,1,2,8,14,Married,No,01-10-2012,187556
EMP12228,41,Male,High School,Human Resources,HR Executive,2,10609.0,High,11,5.0,1,3,,Travel_Rarely,12.0,Very High,Medium,Medium,Very High,4,20,2,1,4,11,18,Single,No,10-02-2010,636405
EMP12229,36,Male,Master's,Sales,Manager,1,25000.0,Very High,13,6.0,5,4,No,Travel_Rarely,29.0,High,Low,Medium,Low,3,25,2,0,0,1,9,Married,No,04-10-2020,225756
EMP12230,37,Female,Bachelor's,Sales,Manager,1,20457.0,Very High,4,0.0,0,0,No,Travel_Frequently,19.0,High,Medium,High,High,3,10,3,4,4,2,2,Divorced,No,11-09-2018,602016
EMP12231,60,Male,Bachelor's,Finance,Financial Analyst,2,25000.0,Very High,39,4.0,1,4,No,Travel_Frequently,6.0,High,Very High,High,High,3,22,2,3,3,5,9,Married,No,04-09-2024,913119
EMP12232,29,Male,Bachelor's,Sales,Sales Representative,2,15120.0,Very High,0,0.0,0,0,No,Travel_Rarely,7.0,Medium,Very High,Medium,Very High,3,20,0,1,0,9,18,Single,No,14-02-2019,969082
EMP12233,29,Male,Master's,Marketing,Manager,2,25000.0,Very High,1,0.0,0,0,No,Travel_Rarely,30.0,High,Medium,High,High,3,16,2,0,3,6,2,Single,No,02-12-2021,878381
EMP12234,26,Male,Master's,IT,Manager,2,12255.0,High,0,0.0,0,0,No,Travel_Rarely,25.0,Medium,Medium,High,Very High,3,10,0,0,3,1,17,Married,No,16-09-2012,195528
EMP12235,57,Female,,Finance,Financial Analyst,4,25000.0,Very High,39,13.0,1,1,No,Travel_Rarely,17.0,Very High,Medium,Very High,Low,3,22,0,2,3,7,4,Married,No,21-09-2023,987549
EMP12236,46,Female,Bachelor's,Human Resources,HR Executive,2,18766.0,Very High,21,2.0,1,1,No,Travel_Rarely,29.0,Low,Low,High,Low,3,17,1,4,4,8,0,Single,No,18-04-2021,400104
EMP12237,52,Male,Master's,IT,Manager,2,22318.0,Very High,30,3.0,1,3,No,Travel_Rarely,19.0,Medium,High,High,High,3,25,0,4,0,0,5,Divorced,No,10-01-2013,641635
EMP12238,20,Female,Master's,Sales,Sales Representative,1,25000.0,Very High,0,0.0,0,0,Yes,Travel_Frequently,5.0,High,High,Very High,High,3,12,0,5,3,5,6,Married,Yes,21-12-2010,485716
EMP12239,53,Male,Bachelor's,Sales,Sales Representative,1,12649.0,High,29,1.0,1,1,No,Travel_Rarely,3.0,Medium,Very High,High,High,3,23,1,3,1,3,1,Married,No,30-08-2013,730488
EMP12240,23,Female,High School,Sales,Manager,2,16187.0,Very High,0,0.0,0,0,No,Travel_Rarely,24.0,Medium,Very High,Medium,High,3,17,2,4,2,9,16,Married,No,02-02-2015,151614
EMP12241,36,Male,Bachelor's,IT,Manager,1,25000.0,Very High,3,3.0,2,3,No,Non-Travel,26.0,Medium,Very High,Medium,Very High,4,17,3,5,4,10,2,Single,No,19-06-2011,635673
EMP12242,23,Male,Master's,Sales,Manager,2,25000.0,Very High,0,0.0,0,0,No,Travel_Rarely,22.0,Very High,Low,High,High,3,19,1,3,1,9,1,Married,No,25-05-2018,889818
EMP12243,45,Male,PhD,Human Resources,HR Specialist,1,20699.0,Very High,25,3.0,1,2,Yes,Travel_Rarely,18.0,High,Very High,Very High,Very High,3,21,3,4,0,4,17,Single,No,16-10-2023,827775
EMP12244,23,Male,High School,Marketing,Manager,3,25000.0,Very High,4,4.0,1,4,No,Non-Travel,17.0,Medium,Medium,Very High,High,3,23,2,2,2,5,13,Married,No,16-02-2025,757857
EMP12245,20,Male,Bachelor's,IT,Manager,5,20991.0,Very High,0,0.0,0,0,No,Non-Travel,26.0,Medium,Very High,High,High,3,19,2,5,3,5,15,Single,No,10-09-2010,571791
EMP12246,26,Female,High School,Research & Development,Manager,1,25000.0,Very High,8,7.0,3,1,No,Travel_Rarely,21.0,Medium,Medium,High,High,3,14,3,0,1,6,11,Single,No,22-05-2015,522692
EMP12247,49,Female,Bachelor's,Sales,Sales Representative,3,10034.0,High,29,2.0,2,0,No,Travel_Rarely,11.0,High,Medium,Medium,High,3,23,3,4,1,8,17,Married,No,04-08-2025,823699
EMP12248,28,Male,Bachelor's,IT,Software Engineer,3,22985.0,Very High,0,0.0,0,0,No,Non-Travel,25.0,High,Low,Low,High,4,23,0,6,3,11,7,Single,No,13-06-2023,767185
EMP12249,54,Female,Master's,Human Resources,HR Executive,5,10599.0,High,31,3.0,3,3,No,Travel_Rarely,26.0,Low,Low,High,High,3,12,2,4,3,3,0,Married,No,14-12-2019,821421
EMP12250,27,Male,High School,Sales,Sales Executive,1,7130.0,Medium,0,0.0,0,0,No,Travel_Rarely,9.0,Medium,High,High,High,3,20,1,2,1,8,2,Married,No,31-08-2017,631854
EMP12251,43,Female,Master's,Sales,Manager,3,25000.0,Very High,21,11.0,0,2,Yes,Travel_Rarely,17.0,Medium,Very High,Medium,High,3,20,1,1,0,0,6,Married,Yes,29-08-2023,460728
EMP12252,38,Female,Bachelor's,Marketing,Marketing Specialist,1,23453.0,Very High,15,15.0,2,0,No,Travel_Rarely,19.0,Medium,Medium,High,Very High,3,21,2,3,4,8,1,Married,No,15-01-2023,842857
EMP12253,55,Female,Master's,Finance,Financial Analyst,2,19377.0,Very High,27,11.0,4,0,Yes,Travel_Frequently,13.0,Medium,Low,High,High,3,20,3,1,0,11,15,Married,No,12-07-2022,595343
EMP12254,46,Male,Bachelor's,IT,Software Engineer,3,20999.0,Very High,21,4.0,0,3,Yes,Travel_Rarely,6.0,High,Medium,Very High,Medium,3,18,3,0,0,7,8,Married,No,11-04-2017,815271
EMP12255,51,Male,High School,IT,Data Analyst,3,25000.0,Very High,25,3.0,3,3,No,Travel_Frequently,150.0,Medium,Medium,Medium,High,3,10,1,1,4,1,2,Married,No,16-11-2018,789849
EMP12256,33,Male,PhD,Human Resources,Manager,1,19611.0,Very High,4,4.0,4,3,No,Travel_Frequently,4.0,High,Medium,High,Medium,3,10,3,6,0,6,18,Single,No,08-05-2023,904599
EMP12257,37,Male,High School,Research & Development,Research Scientist,3,25000.0,Very High,14,7.0,0,0,No,Travel_Frequently,29.0,High,Low,Medium,High,3,25,1,6,2,6,13,Single,No,29-01-2014,326743
EMP12258,47,Female,Master's,Research & Development,Manager,2,16445.0,Very High,21,4.0,4,1,Yes,Travel_Frequently,18.0,Medium,Medium,Medium,High,3,23,0,0,3,1,14,Single,No,17-07-2023,452756
EMP12259,48,Male,Master's,Research & Development,Manager,1,25000.0,Very High,28,0.0,0,0,No,Travel_Frequently,12.0,High,Very High,Medium,High,3,11,0,3,1,7,15,Single,Yes,12-10-2022,834093
EMP12260,35,Male,High School,Research & Development,Research Director,2,19787.0,Very High,7,7.0,0,1,No,Travel_Rarely,28.0,High,Very High,Medium,High,3,22,0,2,4,5,18,Single,No,11-02-2012,378611
EMP12261,54,Male,Bachelor's,IT,Data Analyst,3,18311.0,Very High,27,3.0,2,3,Yes,Travel_Rarely,28.0,Medium,Medium,High,High,3,19,2,6,0,5,14,Single,No,03-05-2025,285385
EMP12262,50,Male,Master's,Human Resources,Manager,4,25000.0,Very High,27,2.0,0,0,No,Travel_Frequently,4.0,High,Very High,High,High,3,15,3,6,1,11,13,Married,No,27-07-2019,897964
EMP12263,23,Female,PhD,IT,Data Analyst,3,25000.0,Very High,0,0.0,0,0,No,Travel_Rarely,5.0,Medium,Medium,Very High,High,3,11,0,0,2,10,4,Married,No,14-03-2015,541874
EMP12264,56,Male,Master's,Research & Development,Manager,1,23424.0,Very High,28,6.0,0,2,Yes,Travel_Rarely,12.0,Very High,High,High,Very High,3,13,1,3,0,4,6,Married,No,2024/03/08,894657
EMP12265,36,Female,Bachelor's,Human Resources,HR Specialist,1,7810.0,Medium,17,1.0,1,1,No,Travel_Rarely,18.0,High,High,Medium,High,3,15,0,5,0,11,2,Married,No,18-11-2021,620665
EMP12266,58,Male,Master's,Human Resources,Manager,1,18724.0,Very High,30,9.0,2,1,No,Travel_Rarely,26.0,High,Low,Very High,Medium,3,11,3,2,0,10,1,Divorced,No,28-09-2016,800260
EMP12267,45,Female,Master's,Human Resources,Manager,1,25000.0,Very High,24,2.0,2,2,No,Travel_Frequently,17.0,Very High,Medium,Very High,High,3,13,1,1,2,7,15,Married,Yes,11-06-2017,863053
EMP12268,58,Female,Master's,Finance,Finance Manager,2,19855.0,Very High,36,1.0,1,1,Yes,Travel_Rarely,23.0,High,Very High,High,Low,3,16,0,1,3,9,1,Single,No,14-02-2017,562551
EMP12269,60,Female,Master's,Sales,Manager,1,25000.0,Very High,37,3.0,1,0,No,Travel_Rarely,23.0,High,Low,Low,Very High,3,10,3,0,1,8,2,Married,No,19-06-2018,381972
EMP12270,23,Female,High School,Research & Development,Research Director,1,25000.0,Very High,0,0.0,0,0,No,Travel_Frequently,24.0,High,Medium,Medium,Medium,3,25,1,4,0,4,11,Married,No,09-02-2013,205270
EMP12271,49,Male,Bachelor's,Sales,Sales Executive,4,24307.0,Very High,19,17.0,4,8,No,Travel_Rarely,10.0,Medium,Very High,High,High,3,25,0,5,0,0,0,Single,No,25-12-2011,153204
EMP12272,49,Female,Master's,Research & Development,Research Scientist,2,15081.0,Very High,24,8.0,1,1,Yes,Travel_Frequently,6.0,High,Low,High,High,3,18,0,4,2,10,14,Single,No,09-04-2017,950879
EMP12273,41,Female,PhD,Research & Development,Research Scientist,3,7362.0,Medium,17,14.0,3,4,No,Travel_Rarely,17.0,Low,Medium,Medium,Medium,4,19,3,5,2,5,0,Single,No,13-11-2019,864409
EMP12274,30,Female,Bachelor's,Finance,Finance Manager,2,25000.0,Very High,0,0.0,0,0,No,Travel_Frequently,8.0,Low,Very High,Medium,Very High,3,19,0,2,1,11,0,Married,No,05-11-2012,671576
EMP12275,21,Female,PhD,Marketing,,2,15266.0,Very High,0,0.0,0,0,Yes,Travel_Rarely,2.0,High,Very High,Medium,High,3,25,3,1,1,11,14,Single,No,29-12-2016,775799
EMP12276,31,Female,PhD,Human Resources,HR Specialist,1,23844.0,Very High,0,0.0,0,0,No,Travel_Rarely,12.0,Low,Very High,Very High,Medium,3,16,0,3,0,0,2,Married,No,26-07-2018,753247
EMP12277,49,Male,Master's,Finance,,2,12551.0,High,26,2.0,2,1,No,Travel_Frequently,3.0,Low,High,Very High,Very High,4,18,1,5,0,4,13,Married,No,01-03-2019,148736
EMP12278,55,Male,Master's,Research & Development,Research Director,2,19548.0,Very High,34,9.0,3,1,Yes,Travel_Rarely,24.0,High,Low,Medium,High,4,16,0,2,0,5,9,Divorced,Yes,12-06-2018,301860
EMP12279,37,Male,Master's,Human Resources,Manager,2,22363.0,Very High,16,6.0,2,0,No,Non-Travel,20.0,Low,High,Medium,High,3,25,2,0,0,2,2,Married,No,13-11-2019,758392
EMP12280,45,Female,Master's,Sales,Sales Executive,3,24856.0,Very High,16,16.0,5,3,No,Travel_Rarely,21.0,Medium,High,Medium,Very High,3,20,0,5,0,11,19,Married,No,07-08-2016,531146
EMP12281,26,Male,Master's,Sales,Manager,4,13337.0,High,0,0.0,0,0,Yes,Travel_Rarely,25.0,High,High,Medium,Medium,3,25,3,0,2,0,17,Single,No,27-04-2019,431879
EMP12282,20,Female,High School,Research & Development,Laboratory Technician,2,25000.0,Very High,0,0.0,0,0,No,Travel_Rarely,27.0,High,Very High,Medium,High,3,10,0,2,3,1,3,Married,No,06-08-2019,244400
EMP12283,45,Male,Bachelor's,Research & Development,Research Scientist,1,16838.0,Very High,18,3.0,3,3,No,Travel_Rarely,23.0,High,Very High,High,High,3,16,2,3,1,11,16,Married,No,16-06-2013,574200
EMP12284,42,Male,Bachelor's,Sales,Sales Representative,4,10368.0,High,19,1.0,1,0,No,Travel_Rarely,26.0,High,High,Medium,Very High,3,20,1,1,2,11,19,Single,Yes,20-02-2025,853129
EMP12285,45,Female,High School,Sales,Manager,3,20972.0,Very High,23,4.0,2,1,No,Non-Travel,28.0,High,Low,High,High,3,18,2,1,4,10,3,Single,No,07-02-2017,283981
EMP12286,25,Female,Bachelor's,Sales,Sales Executive,2,22370.0,Very High,2,2.0,0,1,No,Travel_Rarely,7.0,High,Low,Low,Very High,3,22,1,3,4,11,14,Married,No,24-06-2024,679744
EMP12287,25,Female,Master's,Marketing,Manager,3,23677.0,Very High,4,3.0,3,1,No,Travel_Frequently,1.0,Medium,Medium,Medium,High,3,17,2,1,4,2,10,Single,No,14-02-2022,190948
EMP12288,27,Male,Master's,Research & Development,Research Scientist,1,25000.0,Very High,6,2.0,1,0,No,Travel_Rarely,17.0,High,Medium,Low,Low,3,25,2,5,1,2,2,Married,No,28-12-2023,742830
EMP12289,43,Male,Bachelor's,Research & Development,Research Scientist,1,19803.0,Very High,16,0.0,0,0,No,Travel_Rarely,8.0,Very High,Low,High,Low,4,25,2,4,0,1,6,Single,No,13-10-2024,122464
EMP12290,41,Male,Master's,Sales,Sales Executive,1,20872.0,Very High,16,4.0,3,4,No,Travel_Rarely,10.0,Medium,High,Medium,High,3,21,1,4,4,5,9,Single,No,12-10-2012,729438
EMP12291,38,Male,Bachelor's,Human Resources,Manager,1,13407.0,High,17,2.0,2,2,No,Travel_Rarely,17.0,Medium,High,Very High,High,3,13,0,3,4,6,18,Married,No,04-07-2023,709335
EMP12292,56,Male,Bachelor's,Sales,Sales Executive,2,25000.0,Very High,28,0.0,0,0,No,Non-Travel,16.0,Low,High,Medium,Medium,3,14,3,6,3,4,19,Single,No,01-01-2014,258378
EMP12293,37,Male,Master's, sales ,Sales Executive,1,23931.0,Very High,10,2.0,2,2,No,Travel_Rarely,10.0,High,Medium,High,Very High,3,12,0,4,2,6,7,Married,No,09-04-2019,783601
EMP12294,50,Male,Bachelor's,Research & Development,Research Director,3,18233.0,Very High,29,2.0,0,2,No,Travel_Rarely,15.0,Low,Medium,Very High,High,3,19,2,5,1,11,14,Married,No,16-11-2015,105313
EMP12295,56,Female,Master's,Sales,Sales Representative,2,9348.0,High,28,2.0,1,1,No,Travel_Rarely,16.0,High,Medium,High,Low,3,19,1,2,1,2,12,Divorced,No,2025/08/14,664688
EMP12296,49,Male,Bachelor's,Sales,Manager,2,25000.0,Very High,21,1.0,1,0,No,Travel_Rarely,18.0,High,High,High,Very High,3,21,1,1,3,10,2,Married,No,01-06-2022,593429
EMP12297,52,Male,Bachelor's,Sales,Manager,1,12677.0,High,31,4.0,2,4,Yes,Travel_Rarely,4.0,High,High,Low,High,3,11,0,5,4,4,20,Married,No,14-10-2016,435940
EMP12298,29,Male,Master's,Sales,Sales Executive,2,16881.0,Very High,4,4.0,4,3,No,Travel_Rarely,25.0,Medium,High,Very High,High,3,12,1,2,3,2,20,Single,No,24-04-2018,945453
EMP12299,56,Female,Bachelor's,Sales,Manager,1,25000.0,Very High,36,5.0,0,5,No,Travel_Rarely,7.0,High,Medium,High,Medium,4,16,1,3,0,3,14,Single,No,21-03-2011,871275
EMP12300,31,Male,PhD,Research & Development,Research Director,3,12856.0,High,0,0.0,0,0,No,Non-Travel,29.0,Medium,Medium,Low,Medium,3,17,2,5,4,5,20,Single,Yes,10-10-2014,765896
EMP12301,49,Male,High School,IT,Manager,3,11248.0,High,22,3.0,2,2,No,Travel_Frequently,29.0,High,Very High,Medium,High,3,11,1,5,1,11,20,Married,No,15-08-2025,512858
EMP12302,46,Male,Bachelor's,Human Resources,Manager,2,8469.0,High,21,4.0,2,1,Yes,Travel_Rarely,12.0,High,Low,High,Very High,3,18,1,6,2,3,9,Married,No,03-02-2010,257745
EMP12303,58,Female,Master's,Research & Development,Research Scientist,1,25000.0,Very High,32,8.0,1,8,No,Travel_Rarely,23.0,Low,High,Low,Low,4,22,2,4,3,3,20,Single,No,03-03-2010,481129
EMP12304,28,Female,PhD,Sales,Manager,3,17234.0,Very High,3,3.0,2,1,No,Travel_Frequently,12.0,Very High,Low,High,High,3,13,0,2,3,6,14,Married,No,07-01-2013,608326
EMP12305,40,Female,Bachelor's,Marketing,Marketing Executive,1,25000.0,Very High,15,6.0,0,0,No,Non-Travel,26.0,Medium,Medium,Medium,High,3,24,3,2,1,5,13,Divorced,No,14-04-2018,238397
EMP12306,31,Male,Bachelor's,Research & Development,Manager,1,14080.0,High,5,3.0,0,2,Yes,Non-Travel,23.0,Very High,Medium,High,High,3,11,3,6,4,11,8,Married,No,28-06-2024,617422
EMP12307,48,Female,Master's,Sales,Manager,2,14550.0,High,24,3.0,0,1,No,Travel_Frequently,21.0,Low,Very High,Medium,Very High,3,16,3,0,4,11,14,Divorced,No,29-10-2019,756509
EMP12308,52,Female,High School,Human Resources,HR Executive,4,17078.0,Very High,20,7.0,3,1,No,Travel_Rarely,1.0,Medium,Low,High,Low,4,25,0,2,4,0,13,Married,No,19-12-2010,521593
EMP12309,34,Male,Bachelor's,Sales,Sales Executive,1,24573.0,Very High,10,1.0,1,1,Yes,Non-Travel,21.0,Medium,Very High,Medium,Very High,3,20,1,4,2,7,14,Married,No,17-12-2012,742988
EMP12310,21,Female,Master's,Research & Development,Manager,4,17826.0,Very High,0,0.0,0,0,No,Travel_Frequently,24.0,Low,High,High,Very High,3,11,2,1,2,0,13,Married,No,11-12-2015,680589
EMP12311,58,Male,Bachelor's,Research & Development,Research Director,1,25000.0,Very High,35,1.0,0,1,No,Travel_Rarely,28.0,High,High,Very High,Medium,3,16,0,6,4,11,9,Married,No,17-06-2014,124888
EMP12312,37,Male,Bachelor's,IT,IT Support,1,14181.0,High,15,2.0,2,0,No,Travel_Rarely,12.0,High,Medium,High,High,3,17,3,1,2,8,11,Married,No,22-03-2021,139811
EMP12313,22,Female,Bachelor's,Research & Development,Manager,2,11829.0,High,0,0.0,0,0,No,Travel_Rarely,23.0,High,Very High,Medium,Low,3,22,1,1,3,3,19,Married,No,29-09-2024,571301
EMP12314,26,Female,Master's,Finance,Accountant,1,9807.0,High,4,4.0,0,0,No,Travel_Rarely,7.0,Medium,High,High,High,3,18,3,4,4,6,13,Single,No,25-03-2012,614958
EMP12315,37,Male,Master's,Marketing,Marketing Specialist,1,8098.0,High,14,8.0,1,1,No,Travel_Rarely,15.0,Medium,Medium,High,High,3,23,3,1,2,4,14,Married,No,08/07/2020,248076
EMP12316,57,Male,Master's,Sales,Sales Executive,1,17446.0,Very High,24,8.0,1,4,Yes,Travel_Rarely,2.0,High,High,Very High,Very High,3,21,3,5,3,11,11,Divorced,No,04-11-2020,248049
EMP12317,56,Female,Bachelor's,Sales,Sales Representative,1,19236.0,Very High,34,2.0,0,1,Yes,Travel_Rarely,1.0,Medium,Medium,High,Medium,3,21,0,6,3,9,1,Married,No,17-07-2018,913904
EMP12318,52,Male,Bachelor's,Research & Development,Laboratory Technician,1,16578.0,Very High,23,22.0,3,1,Yes,Travel_Rarely,4.0,High,Medium,Low,High,3,20,1,5,2,2,18,Divorced,No,01-05-2015,677979
EMP12319,50,Male,Bachelor's,Research & Development,Research Scientist,3,25000.0,Very High,20,5.0,5,3,Yes,Travel_Rarely,8.0,High,Very High,Medium,High,4,10,3,6,4,7,16,Divorced,No,10-09-2010,704640
EMP12320,30,Male,Bachelor's,Research & Development,Laboratory Technician,3,25000.0,Very High,0,0.0,0,0,No,Travel_Frequently,30.0,Low,High,High,High,3,11,0,1,4,9,14,Married,No,29-11-2019,788739
EMP12321,23,Female,Bachelor's,Marketing,Manager,4,18946.0,Very High,0,0.0,0,0,No,Travel_Rarely,17.0,High,High,Medium,Medium,3,11,2,3,2,1,9,Single,No,04-04-2024,654602
EMP12322,37,Female,Bachelor's,Finance,Finance Manager,3,9825.0,High,4,4.0,2,3,Yes,Non-Travel,29.0,High,Medium,Very High,Medium,3,23,2,3,2,10,10,Married,No,23-01-2022,899576
EMP12323,23,Male,Master's,Human Resources,HR Executive,2,17068.0,Very High,0,0.0,0,0,Yes,Travel_Frequently,18.0,High,High,Very High,Medium,3,16,0,0,0,9,13,Single,Yes,16-06-2011,157970
EMP12324,53,Male,Master's,Research & Development,Laboratory Technician,2,16816.0,Very High,27,1.0,1,1,No,Non-Travel,23.0,Low,High,High,Medium,4,25,2,5,3,2,8,Single,No,25-07-2014,421435
EMP12325,48,Male,Bachelor's,IT,Software Engineer,4,16388.0,Very High,17,3.0,0,2,Yes,Travel_Frequently,5.0,Medium,Medium,Low,Medium,4,15,3,0,4,11,2,Single,No,16-07-2010,487359
EMP12326,43,Male,Master's,Marketing,Marketing Executive,1,16091.0,Very High,12,10.0,4,2,No,Travel_Rarely,6.0,Medium,High,High,High,3,24,0,2,1,4,0,Single,No,28-01-2025,896591
EMP12327,41,Female,Master's,IT,Manager,1,16415.0,Very High,17,4.0,1,4,Yes,Travel_Rarely,12.0,Medium,Medium,Medium,Low,3,23,0,2,3,4,5,Married,Yes,24-07-2012,142386
EMP12328,21,Male,High School,Sales,Manager,3,18510.0,Very High,0,0.0,0,0,No,Travel_Rarely,24.0,Medium,Medium,High,Very High,4,20,2,5,4,4,5,Married,No,05-02-2019,847550
EMP12329,25,Male,High School,Human Resources,HR Executive,1,16548.0,Very High,0,0.0,0,0,No,Non-Travel,28.0,High,Very High,Medium,Medium,3,18,1,5,0,6,4,Married,Yes,04-09-2020,271726
EMP12330,44,Female,Master's,Sales,Sales Representative,4,24191.0,Very High,12,9.0,1,3,No,Travel_Rarely,16.0,High,Very High,Medium,High,3,12,2,6,3,7,3,Single,No,13-06-2015,193115
EMP12331,40,Male,Bachelor's,Sales,Manager,2,25000.0,Very High,15,2.0,2,2,No,Travel_Rarely,9.0,High,Medium,Low,High,4,17,3,2,3,7,2,Married,No,08-04-2011,959691
EMP12332,35,Male,Bachelor's,Sales,Manager,1,14621.0,High,13,4.0,1,4,No,Travel_Frequently,15.0,Medium,High,Medium,Medium,3,14,1,6,4,10,12,Married,No,03-11-2013,307254
EMP12333,50,Male,High School,Human Resources,HR Specialist,3,25000.0,Very High,22,1.0,1,1,Yes,Non-Travel,8.0,Very High,High,Very High,Medium,3,14,1,0,1,2,3,Single,Yes,30-09-2014,638087
EMP12334,33,Female,Bachelor's,Finance,Finance Manager,1,14171.0,High,4,4.0,1,1,No,Travel_Frequently,12.0,Medium,High,Very High,Medium,3,19,3,1,2,7,6,Married,No,,736954
EMP12335,58,Male,PhD,Sales,Manager,4,10636.0,High,29,7.0,2,7,No,Travel_Rarely,14.0,High,Low,High,High,3,22,1,6,1,9,18,Married,No,10-07-2017,112928
EMP12336,47,Male,Master's,Research & Development,Research Scientist,5,25000.0,Very High,19,0.0,0,0,No,Travel_Rarely,17.0,Very High,Medium,Very High,High,3,20,0,2,0,1,10,Single,No,27-12-2014,273205
EMP12337,51,Male,Bachelor's,Research & Development,Research Director,2,15247.0,Very High,25,6.0,5,3,No,Travel_Rarely,14.0,High,Medium,Medium,Very High,4,21,1,1,3,3,9,Married,No,13-11-2018,183847
EMP12338,47,Female,PhD,Research & Development,Research Director,1,25000.0,Very High,24,3.0,3,0,No,Travel_Rarely,27.0,Very High,Very High,High,Low,3,14,1,1,4,1,18,Married,No,14-11-2018,797668
EMP12339,28,Male,Master's,Sales,Manager,1,7468.0,Medium,0,0.0,0,0,No,Travel_Frequently,20.0,High,High,High,Very High,3,17,2,0,3,4,18,Single,No,03-05-2014,185627
EMP12340,41,Female,Master's,Research & Development,Research Scientist,2,25000.0,Very High,10,3.0,1,0,No,Travel_Rarely,5.0,Medium,Low,High,High,3,16,0,6,2,2,4,Married,No,21-05-2013,103360
EMP12341,51,Female,Bachelor's,IT,IT Support,3,25000.0,Very High,19,1.0,1,1,No,Travel_Rarely,13.0,Medium,Very High,Medium,Medium,4,20,3,3,1,9,0,Married,No,23-03-2012,615979
EMP12342,24,Female,Master's,Sales,Sales Representative,1,11213.0,High,0,0.0,0,0,Yes,Non-Travel,25.0,Medium,Very High,Very High,Medium,3,21,0,5,1,9,10,Divorced,No,25-04-2021,669919
EMP12343,42,Male,Bachelor's,Sales,Sales Representative,1,11323.0,High,11,2.0,2,2,No,Travel_Rarely,6.0,Low,Medium,High,Medium,3,16,1,3,0,10,12,Married,No,10-02-2011,774619
EMP12344,24,Male,Bachelor's,Research & Development,Research Scientist,1,25000.0,Very High,0,0.0,0,0,No,Travel_Frequently,14.0,High,High,High,High,3,13,2,4,4,2,7,Married,No,21-07-2018,604712
EMP12345,51,Male,High School,Marketing,Marketing Executive,2,15807.0,Very High,25,7.0,4,6,Yes,Travel_Frequently,6.0,Medium,High,High,Very High,3,23,3,3,2,4,15,Single,No,03-11-2012,232649
EMP12346,29,Male,Bachelor's,Finance,Finance Manager,4,15133.0,Very High,8,5.0,5,3,Yes,Travel_Frequently,30.0,High,High,Medium,Medium,4,24,3,2,2,3,8,Married,No,14-06-2011,341460
EMP12347,58,Female,High School,Finance,Finance Manager,1,,Medium,30,0.0,0,0,Yes,Travel_Rarely,3.0,Medium,High,Low,High,3,15,1,0,4,5,3,Married,No,16-04-2013,355948
EMP12348,34,Male,Bachelor's,Research & Development,Manager,1,18810.0,Very High,5,5.0,2,1,No,Travel_Rarely,16.0,Medium,High,Very High,Medium,3,22,0,1,0,4,18,Married,No,11-05-2023,137065
EMP12349,26,Male,Master's,Human Resources,HR Specialist,2,19881.0,Very High,5,5.0,3,3,No,Travel_Frequently,12.0,Very High,Very High,High,Medium,3,10,2,0,2,9,6,Married,No,09-04-2022,925915
EMP12350,48,Male,Bachelor's,Sales,Sales Representative,3,25000.0,Very High,25,0.0,0,0,Yes,Travel_Frequently,14.0,Medium,High,High,Very High,3,15,0,6,0,4,11,Single,No,29-04-2010,922633
EMP12351,22,Female,Master's,Human Resources,HR Executive,3,11736.0,High,0,0.0,0,0,No,Travel_Rarely,2.0,High,Low,Medium,Medium,3,14,0,5,4,2,8,Single,No,14-03-2015,984018
EMP12352,38,Male,Master's,Marketing,Marketing Specialist,3,11113.0,High,14,1.0,1,1,No,Travel_Rarely,18.0,High,Low,Very High,Medium,3,22,3,6,4,3,12,Single,No,28-09-2020,328338
EMP12353,29,Male,Bachelor's,Human Resources,Manager,1,25000.0,Very High,6,4.0,0,0,No,Travel_Rarely,7.0,Medium,Low,Very High,Very High,3,10,0,4,4,11,11,Married,Yes,02-12-2024,200728
EMP12354,47,Male,Bachelor's,IT,IT Support,2,25000.0,Very High,18,3.0,3,0,Yes,Non-Travel,5.0,High,Medium,Medium,Medium,3,22,0,4,2,2,8,Married,No,01-01-2020,417504
EMP12355,48,Female,Master's,Finance,Financial Analyst,5,10862.0,High,20,3.0,3,1,No,Travel_Rarely,12.0,Medium,Medium,Medium,Low,3,20,3,4,4,2,11,Married,Yes,11-09-2015,591418
EMP12356,34,Male,High School,Sales,Manager,5,25000.0,Very High,8,8.0,1,2,No,Travel_Rarely,26.0,High,Very High,Medium,High,3,10,3,1,2,9,15,Divorced,No,16-01-2021,968885
EMP12357,54,Male,Master's,Marketing,Manager,2,22402.0,Very High,21,3.0,1,1,No,Travel_Rarely,17.0,High,Very High,Low,High,3,12,0,4,0,8,12,Married,No,06-04-2023,618421
EMP12358,25,Male,Master's,Sales,Manager,3,25000.0,Very High,0,0.0,0,0,No,Travel_Rarely,12.0,Medium,Very High,High,High,3,13,3,5,3,9,2,Single,No,15-11-2024,310393
EMP12359,31,Female,Bachelor's,Research & Development,Research Scientist,4,21341.0,Very High,2,2.0,2,1,No,Non-Travel,21.0,High,Very High,Medium,High,3,10,2,4,0,5,5,Divorced,No,12-04-2016,500831
EMP12360,57,Female,Bachelor's,Sales,Sales Representative,2,7080.0,Medium,26,13.0,1,2,No,Travel_Rarely,11.0,Medium,Medium,Very High,Medium,4,21,2,4,2,9,13,Single,No,21-09-2017,776887
EMP12361,32,Female,Bachelor's,Sales,Sales Executive,1,20571.0,Very High,11,6.0,2,1,Yes,Travel_Rarely,1.0,High,Medium,Very High,Low,3,23,0,5,1,1,1,Married,No,20-07-2023,701629
EMP12362,48,Female,Master's,Research & Development,Research Scientist,2,25000.0,Very High,20,3.0,3,3,Yes,Travel_Rarely,9.0,Very High,Medium,High,Very High,3,19,1,5,1,0,20,Single,No,13-06-2023,161479
EMP12363,38,Male,Master's,Sales,Manager,4,14733.0,High,15,0.0,0,0,No,Travel_Rarely,8.0,Very High,Low,Medium,Medium,3,16,3,1,3,2,19,Single,No,09-01-2022,701168
EMP12364,22,Female,PhD,Research & Development,Research Director,2,18498.0,Very High,0,0.0,0,0,Yes,Travel_Rarely,14.0,High,Very High,Low,Very High,3,11,1,6,4,2,2,Single,No,17-10-2015,327222
EMP12365,27,Male,Bachelor's,Human Resources,HR Executive,3,20348.0,Very High,4,0.0,0,0,Yes,Travel_Rarely,4.0,Medium,High,High,Medium,3,20,3,4,0,3,15,Single,Yes,13-05-2012,885033
EMP12366,27,Male,Bachelor's,Sales,Manager,2,5974.0,Medium,0,0.0,0,0,No,Travel_Rarely,11.0,Very High,Low,Very High,Very High,4,13,3,2,0,3,7,Single,No,19-02-2021,267712
EMP12367,39,Male,High School,Sales,Sales Executive,1,25000.0,Very High,10,4.0,4,1,Yes,Travel_Frequently,17.0,Medium,Medium,Medium,High,4,21,0,0,2,4,5,Single,Yes,25-02-2010,228583
EMP12368,23,Male,PhD,Research & Development,Research Director,1,14682.0,High,0,0.0,0,0,No,Travel_Rarely,27.0,High,High,Medium,High,3,18,2,4,3,3,2,Married,No,15-11-2020,549284
EMP12369,40,Male,Bachelor's,Research & Development,Laboratory Technician,5,25000.0,Very High,13,0.0,0,0,No,Non-Travel,8.0,Low,Low,Medium,High,3,17,1,4,4,11,4,Married,No,08-05-2017,855169
EMP12370,22,Male,Bachelor's,Finance,Finance Manager,2,21184.0,Very High,0,0.0,0,0,No,Travel_Rarely,21.0,Very High,Medium,Very High,High,3,11,2,0,3,1,3,Single,No,11-12-2013,569234
EMP12371,27,Female,Master's,Finance,Finance Manager,1,25000.0,Very High,0,0.0,0,0,Yes,Travel_Rarely,1.0,High,High,High,High,3,20,2,6,1,10,5,Married,No,26-11-2023,508218
EMP12372,42,Female,Bachelor's,IT,Data Analyst,4,25000.0,Very High,14,1.0,1,0,Yes,Travel_Rarely,18.0,High,Very High,Medium,High,3,20,1,4,3,11,1,Married,No,15-12-2014,568285
EMP12373,35,Male,Bachelor's,Finance,Accountant,2,19817.0,Very High,15,0.0,0,0,Yes,Travel_Rarely,5.0,Low,Very High,High,High,3,18,3,6,4,0,2,Single,No,21-02-2025,757118
EMP12374,32,Male,Bachelor's,Research & Development,Manager,3,14734.0,High,2,1.0,1,0,Yes,Travel_Rarely,29.0,High,High,Low,High,3,10,1,5,4,9,7,Divorced,No,25-07-2021,527928
EMP12375,22,Female,Bachelor's,Finance,Finance Manager,2,25000.0,Very High,0,0.0,0,0,Yes,Travel_Rarely,30.0,High,Medium,High,Medium,4,15,2,6,0,6,14,Married,Yes,27-03-2025,449633
EMP12376,28,Female,Master's,Sales,Sales Executive,1,9480.0,High,7,7.0,1,1,No,Travel_Rarely,25.0,High,Very High,High,Low,3,12,1,4,0,8,9,Single,No,02-03-2010,642227
EMP12377,33,Female,Bachelor's,Research & Development,Research Scientist,2,25000.0,Very High,8,3.0,3,2,No,Travel_Rarely,26.0,Medium,High,High,Medium,3,10,0,2,4,8,14,Married,No,01-05-2019,554774
EMP12378,32,Male,Bachelor's,IT,IT Support,5,13432.0,High,0,0.0,0,0,No,Travel_Rarely,8.0,Medium,High,High,High,3,17,3,6,0,10,5,Married,No,23-01-2011,148938
EMP12379,26,Male,High School,Research & Development,Manager,1,25000.0,Very High,2,0.0,0,0,No,Travel_Rarely,27.0,Low,Very High,Medium,Very High,3,15,3,5,0,0,11,Single,No,19-01-2023,822498
EMP12380,34,Male,Bachelor's,IT,Data Analyst,3,23685.0,Very High,11,0.0,0,0,No,Travel_Rarely,26.0,Medium,High,High,High,3,13,1,3,0,8,7,Married,No,28-05-2023,224601
EMP12381,26,Female,Bachelor's,IT,Manager,1,25000.0,Very High,0,0.0,0,0,No,Travel_Frequently,8.0,Medium,Low,Very High,High,3,12,3,1,4,0,5,Married,No,26-10-2011,381081
EMP12382,57,Male,High School,IT,Software Engineer,2,22854.0,Very High,35,4.0,0,1,Yes,Travel_Rarely,29.0,Medium,Very High,High,High,3,22,3,1,0,0,15,Married,No,16-06-2014,612424
EMP12383,53,Male,Master's,Marketing,Marketing Executive,2,10011.0,High,26,7.0,7,2,No,Travel_Frequently,9.0,Low,High,Medium,Medium,3,19,2,0,1,1,14,Single,No,11-05-2013,475015
EMP12384,60,Male,Bachelor's,Research & Development,Research Scientist,4,14953.0,High,33,5.0,1,1,No,Travel_Rarely,18.0,Medium,High,Medium,Very High,3,11,2,2,4,9,19,Married,No,26-02-2016,108767
EMP12385,41,Female,Master's,Research & Development,Manager,2,25000.0,Very High,18,2.0,2,1,Yes,Non-Travel,7.0,Low,Medium,Medium,High,3,22,3,6,3,10,14,Divorced,No,15-07-2017,297477
EMP12386,43,Male,High School,Human Resources,Manager,2,23742.0,Very High,13,1.0,1,0,No,Travel_Rarely,10.0,Very High,Low,Low,Very High,3,14,3,1,2,10,7,Married,No,25-03-2015,134093
EMP12387,56,Female,Master's,Research & Development,Research Scientist,3,25000.0,Very High,22,8.0,1,7,No,Non-Travel,21.0,High,Medium,Low,Medium,3,24,2,0,2,5,18,Single,No,24-01-2018,909403
EMP12388,20,Female,Bachelor's,Human Resources,HR Executive,1,25000.0,Very High,0,0.0,0,0,Yes,Travel_Rarely,16.0,Medium,Low,Medium,High,3,17,3,0,1,8,13,Single,No,07-05-2017,676231
EMP12389,29,Female,Bachelor's,Finance,Finance Manager,1,14257.0,High,0,0.0,0,0,No,Travel_Rarely,3.0,High,Low,Very High,High,3,21,3,0,4,4,20,Married,Yes,26-06-2015,229934
EMP12390,35,Male,PhD,Finance,Accountant,1,15395.0,Very High,7,4.0,4,4,No,Travel_Rarely,10.0,High,Medium,High,High,3,17,2,1,3,8,15,Married,Yes,19-11-2025,928601
EMP12391,27,Female,Bachelor's,Research & Development,Laboratory Technician,2,23071.0,Very High,3,3.0,0,3,No,Travel_Rarely,30.0,Very High,High,Medium,High,3,12,2,3,4,8,11,Married,No,05-03-2014,497463
EMP12392,44,Male,Bachelor's,Sales,Sales Executive,2,7775.0,Medium,24,12.0,3,1,No,Non-Travel,8.0,Low,Very High,Low,Medium,3,18,2,0,3,7,2,Single,No,28-02-2020,185526
EMP12393,31,Male,Bachelor's,Research & Development,Research Director,3,25000.0,Very High,5,5.0,3,0,No,Travel_Rarely,18.0,Medium,Very High,Very High,Medium,3,19,0,4,3,10,19,Single,No,22-09-2016,585895
EMP12394,44,Female,Bachelor's,Sales,Manager,2,25000.0,Very High,24,4.0,2,4,No,Travel_Rarely,4.0,Very High,Low,High,High,3,25,2,3,4,11,4,Married,No,19-07-2011,611867
EMP12395,36,Male,,IT,IT Support,1,25000.0,Very High,15,4.0,3,0,Yes,Travel_Rarely,29.0,Medium,Very High,Very High,Medium,3,14,3,3,0,6,12,Married,No,17-11-2013,957301
EMP12396,45,Male,High School,Research & Development,Laboratory Technician,3,10815.0,High,21,2.0,2,2,No,Travel_Rarely,12.0,Low,High,High,Medium,4,25,2,4,2,2,14,Married,No,05-09-2021,185647
EMP12397,33,Male,Master's,Sales,Manager,1,25000.0,Very High,9,9.0,4,6,No,Travel_Rarely,21.0,Low,High,Low,Very High,3,16,0,1,0,9,7,Single,No,01-09-2010,498822
EMP12398,60,Male,Master's,Sales,Manager,4,25000.0,Very High,37,3.0,3,0,Yes,Travel_Rarely,5.0,Low,Low,Very High,High,4,20,2,1,2,2,13,Single,No,03-08-2020,306780
EMP12399,55,Male,Master's,Human Resources,HR Specialist,1,12156.0,High,29,1.0,1,1,No,Travel_Rarely,4.0,Very High,Medium,High,Very High,4,18,2,6,0,3,14,Married,Yes,18-12-2020,486924
EMP12400,42,Male,High School,Human Resources,HR Executive,1,25000.0,Very High,15,3.0,2,3,No,Travel_Rarely,19.0,Medium,Very High,High,High,4,16,0,2,4,8,18,Married,No,08-03-2024,770707
EMP12401,25,Male,Bachelor's,Research & Development,Manager,2,22037.0,Very High,0,0.0,0,0,Yes,Travel_Rarely,19.0,Very High,Medium,High,High,3,19,1,6,4,11,7,Single,No,04-03-2018,484697
EMP12402,24,Female,Master's,Sales,Manager,1,10993.0,High,0,0.0,0,0,No,Travel_Rarely,5.0,Very High,Low,High,Low,4,12,1,1,3,2,9,Married,No,24-10-2015,618556
EMP12403,44,Male,Bachelor's,Research & Development,Research Scientist,1,25000.0,Very High,21,4.0,0,4,Yes,Travel_Rarely,15.0,High,Medium,High,Very High,3,11,2,2,1,7,12,Single,Yes,09-03-2014,775582
EMP12404,37,Male,Master's,Research & Development,Laboratory Technician,2,25000.0,Very High,17,2.0,1,2,No,Travel_Rarely,12.0,Low,Medium,High,High,3,21,1,0,4,7,3,Single,No,05-01-2011,715304
EMP12405,32,Male,High School,Finance,Accountant,1,16806.0,Very High,0,0.0,0,0,No,Travel_Rarely,26.0,Low,High,High,High,3,16,1,1,2,5,10,Married,No,29-12-2018,406578
EMP12406,33,Female,Bachelor's,Human Resources,HR Specialist,1,25000.0,Very High,5,5.0,1,3,Yes,Non-Travel,13.0,Medium,Very High,High,Medium,3,19,3,1,3,1,1,Single,No,14-12-2015,830950
EMP12407,47,Female,Master's,Research & Development,Research Director,1,10404.0,High,20,7.0,7,0,,Travel_Frequently,6.0,Medium,High,Very High,High,3,17,3,6,2,5,18,Single,No,21-03-2013,203023
EMP12408,37,Female,Master's,Sales,Manager,2,11241.0,High,15,9.0,1,1,No,Non-Travel,29.0,High,Very High,High,High,4,21,3,4,0,3,20,Married,No,28-12-2019,308664
EMP12409,47,Male,Master's,Marketing,Marketing Specialist,2,23423.0,Very High,26,2.0,2,0,No,Travel_Rarely,17.0,Medium,High,Low,High,4,21,0,0,1,6,17,Married,No,04-12-2015,116919
EMP12410,46,Male,Master's,Research & Development,Laboratory Technician,1,22280.0,Very High,23,7.0,2,0,Yes,Travel_Frequently,27.0,Very High,Low,High,Very High,4,13,1,5,4,10,20,Married,No,03-11-2019,377542
EMP12411,51,Male,Master's,Finance,Financial Analyst,2,15955.0,Very High,30,3.0,3,0,Yes,Travel_Rarely,20.0,High,Low,Medium,High,4,10,2,5,0,0,5,Single,Yes,01-05-2025,854350
EMP12412,28,Male,Bachelor's,Sales,Sales Representative,3,25000.0,Very High,6,1.0,1,1,No,Travel_Rarely,10.0,High,Medium,Low,High,3,15,0,2,3,2,13,Single,No,27-07-2023,794884
EMP12413,59,Male,PhD,Research & Development,Laboratory Technician,2,25000.0,Very High,34,1.0,1,1,No,Travel_Rarely,14.0,Very High,Low,Medium,Low,3,18,1,0,2,7,17,Single,No,07-09-2025,108929
EMP12414,51,Female,Master's,Sales,Sales Executive,2,25000.0,Very High,24,2.0,2,2,No,Travel_Frequently,15.0,Low,High,Medium,Medium,4,13,2,5,1,0,10,Married,No,07-03-2017,594433
EMP12415,39,Male,Master's,Research & Development,Manager,1,20839.0,Very High,15,1.0,1,1,No,Non-Travel,10.0,Medium,Low,Low,Very High,3,12,0,3,4,9,6,Married,No,10-06-2014,772531
EMP12416,47,Female,Bachelor's,Marketing,Marketing Specialist,2,25000.0,Very High,20,20.0,1,3,No,Travel_Rarely,6.0,Low,Medium,Medium,Medium,3,15,3,4,2,11,14,Single,No,28-09-2021,190347
EMP12417,52,Male,Master's,Research & Development,Research Scientist,4,18024.0,Very High,29,0.0,0,0,Yes,Travel_Rarely,29.0,Low,Medium,High,High,3,15,2,3,4,2,0,Married,No,21-12-2010,933955
EMP12418,23,Female,Bachelor's,Sales,Sales Executive,2,25000.0,Very High,2,2.0,1,1,Yes,Travel_Rarely,16.0,High,High,Medium,Very High,4,13,3,5,4,2,9,Divorced,No,27-02-2010,350333
EMP12419,53,Male,High School,Sales,Sales Representative,1,15281.0,Very High,27,3.0,1,2,No,Non-Travel,2.0,Medium,High,Medium,Medium,3,16,1,2,2,11,20,Single,No,29-07-2024,697370
EMP12420,22,Female,Bachelor's,Research & Development,Research Scientist,1,25000.0,Very High,0,0.0,0,0,No,Travel_Frequently,10.0,Medium,Very High,Very High,Medium,3,20,2,1,4,7,8,Married,Yes,28-03-2019,312669
EMP12421,45,Male,Bachelor's,Sales,Sales Executive,4,22375.0,Very High,27,4.0,1,4,No,Travel_Rarely,5.0,Very High,Medium,Very High,High,3,11,3,1,3,0,15,Married,No,10-03-2019,999722
EMP12422,27,Female,Bachelor's,Sales,Sales Executive,3,11861.0,High,1,1.0,1,0,No,Travel_Rarely,27.0,Low,High,Medium,Medium,3,10,3,1,1,9,15,Married,No,17-07-2021,556828
EMP12423,25,Male,Master's,IT,IT Support,1,-500.0,Very High,5,5.0,5,4,No,Travel_Rarely,9.0,High,Low,Very High,Low,3,20,1,2,0,4,16,Married,No,16-04-2025,777332
EMP12424,35,Male,Master's,Research & Development,Laboratory Technician,1,23310.0,Very High,13,2.0,1,2,No,Travel_Frequently,19.0,Low,Low,High,High,3,15,1,3,1,6,11,Married,Yes,05-03-2016,367411
EMP12425,43,Male,Bachelor's,Sales,Sales Executive,4,25000.0,Very High,9,4.0,2,2,Yes,Travel_Frequently,19.0,Medium,Low,Medium,High,3,12,1,2,0,3,6,Married,No,06-04-2012,715173
EMP12426,58,Male,Master's,Marketing,Marketing Specialist,1,25000.0,Very High,28,6.0,1,1,No,Travel_Rarely,9.0,High,Medium,High,High,3,25,1,2,3,9,1,Divorced,No,11-02-2012,933817
EMP12427,49,Female,Bachelor's,Sales,Manager,2,25000.0,Very High,21,11.0,1,2,No,Travel_Rarely,16.0,Very High,High,Very High,Very High,4,12,1,3,1,2,2,Divorced,No,21-09-2025,780086
EMP12428,32,Female,Bachelor's,Marketing,Marketing Executive,3,16873.0,Very High,4,4.0,4,2,No,Non-Travel,29.0,Medium,Low,High,Medium,3,22,0,5,3,9,5,Single,No,04-10-2025,260664
EMP12429,24,Female,Bachelor's,Research & Development,Research Director,2,25000.0,Very High,1,1.0,1,1,No,Travel_Rarely,19.0,Low,Medium,Medium,Low,3,10,3,1,2,5,18,Married,No,12-11-2011,748668
EMP12430,44,Female,Master's,IT,IT Support,1,22034.0,Very High,17,2.0,1,2,No,Non-Travel,20.0,Medium,Low,Low,Low,3,22,1,4,0,4,7,Married,No,26-07-2011,325283
EMP12431,39,Male,Bachelor's,Human Resources,Manager,1,25000.0,Very High,18,3.0,1,0,No,Travel_Rarely,28.0,Low,High,Medium,High,3,11,3,2,2,1,3,Single,Yes,03-09-2013,683514
EMP12432,37,Female,High School,IT,IT Support,4,8357.0,High,6,6.0,5,1,Yes,Travel_Frequently,25.0,Medium,High,Medium,Very High,3,12,0,2,2,5,6,Single,No,04-11-2019,816681
EMP12433,37,Male,Bachelor's,Marketing,Marketing Specialist,2,25000.0,Very High,12,11.0,3,0,No,Travel_Frequently,4.0,High,High,Medium,Very High,3,10,2,3,1,10,3,Single,No,23-01-2017,152385
EMP12434,21,Female,Master's,Sales,Sales Executive,3,16525.0,Very High,1,1.0,1,1,No,Travel_Rarely,5.0,Low,High,High,Medium,3,17,3,5,4,2,17,Single,Yes,01-08-2021,290042
EMP12435,29,Male,Master's,Marketing,Manager,2,25000.0,Very High,1,1.0,1,1,Yes,Non-Travel,18.0,Medium,High,High,Medium,3,25,3,6,4,8,6,Married,No,17-12-2010,388185
EMP12436,31,Female,Bachelor's,Research & Development,Research Scientist,4,25000.0,Very High,3,3.0,0,1,Yes,Travel_Rarely,8.0,High,Medium,High,Medium,4,25,3,4,3,2,0,Married,No,14-10-2022,864679
EMP12437,32,Male,Bachelor's,Research & Development,Manager,4,24537.0,Very High,10,3.0,0,1,No,Travel_Frequently,13.0,Medium,Low,Medium,High,3,15,2,6,1,8,4,Married,No,29-09-2025,616221
EMP12438,30,Male,Master's,Research & Development,Research Director,2,25000.0,Very High,7,2.0,2,2,Yes,Non-Travel,9.0,Low,High,Low,High,3,18,0,2,2,5,9,Married,No,15-05-2017,202323
EMP12439,38,Male,Master's,Research & Development,Laboratory Technician,1,14055.0,High,11,3.0,2,3,No,Travel_Rarely,10.0,Very High,High,Medium,High,3,10,3,6,3,7,13,Married,No,05-10-2021,169747
EMP12440,54,Male,Bachelor's,Sales,Sales Representative,2,25000.0,Very High,23,5.0,2,1,No,Travel_Rarely,4.0,Medium,Very High,Very High,Very High,3,20,0,0,2,8,0,Married,No,28-05-2024,761346
EMP12441,58,Male,Master's,Research & Development,Manager,2,25000.0,Very High,38,30.0,0,1,No,Travel_Rarely,19.0,High,Very High,High,Very High,3,23,3,4,3,7,11,Married,No,03-02-2019,594107
EMP12442,45,Male,PhD,Research & Development,Research Scientist,2,25000.0,Very High,14,3.0,0,3,No,Travel_Frequently,4.0,Medium,Very High,High,High,3,21,3,2,0,10,18,Married,Yes,11-12-2017,873256
EMP12443,33,Female,Bachelor's,IT,Data Analyst,3,25000.0,Very High,1,1.0,0,1,No,Travel_Frequently,29.0,Medium,Very High,Low,Low,3,24,3,4,3,1,1,Single,Yes,24-02-2015,914067
EMP12444,43,Male,Bachelor's,IT,Data Analyst,1,17050.0,Very High,19,1.0,1,1,No,Travel_Rarely,13.0,Medium,High,Medium,Medium,3,13,2,5,3,2,13,Married,No,09-10-2012,536410
EMP12445,60,Female,High School,Research & Development,Laboratory Technician,1,15387.0,Very High,34,0.0,0,0,No,Travel_Frequently,23.0,Medium,Low,High,High,3,13,0,6,2,7,2,Single,No,18-05-2025,205949
EMP12446,20,Male,Master's,Research & Development,Manager,2,22436.0,Very High,0,0.0,0,0,No,Travel_Rarely,17.0,Low,Low,High,High,3,14,0,0,4,4,18,Single,No,08-11-2015,594992
EMP12447,41,Male,Bachelor's,Sales,Sales Executive,1,25000.0,Very High,9,4.0,1,3,Yes,Travel_Rarely,27.0,Medium,High,Low,Medium,4,20,1,0,2,9,2,Single,No,21-12-2014,973851
EMP12448,42,Male,Bachelor's,Sales,Sales Representative,2,18448.0,Very High,13,1.0,0,1,Yes,Travel_Rarely,11.0,Very High,Medium,Low,Medium,4,11,3,4,1,3,12,Married,No,28-01-2024,186048
EMP12449,38,Male,Master's,Sales,Sales Representative,4,25000.0,Very High,17,6.0,6,1,Yes,Travel_Rarely,2.0,High,Low,Medium,Medium,4,25,2,1,2,5,16,Married,Yes,16-01-2022,736727
EMP12450,37,Male,Master's,Research & Development,Research Scientist,2,25000.0,Very High,9,7.0,7,7,No,Travel_Rarely,26.0,Low,High,Medium,Medium,3,22,3,4,4,11,2,Married,No,07-02-2022,778716
EMP12451,31,Male,Bachelor's,Sales,Manager,4,14055.0,High,5,1.0,1,1,No,Travel_Rarely,5.0,High,Medium,Very High,Very High,3,10,0,3,1,11,13,Married,No,11-05-2023,105084
EMP12452,47,Male,High School,Marketing,Manager,3,25000.0,Very High,19,2.0,1,2,No,Travel_Rarely,25.0,Very High,High,Low,High,3,21,0,1,4,5,1,Married,No,05-05-2015,765456
EMP12453,47,Female,Bachelor's,Research & Development,Manager,3,25000.0,Very High,26,23.0,1,2,No,Travel_Frequently,13.0,High,High,Very High,High,4,18,3,5,1,6,12,Single,No,20-10-2014,942532
EMP12454,52,Male,Master's,Research & Development,Laboratory Technician,2,23793.0,Very High,33,2.0,2,2,No,Travel_Rarely,22.0,Low,High,High,Low,3,14,0,0,2,4,8,Married,No,04-03-2020,691884
EMP12455,38,Male,Master's,Human Resources,Manager,1,25000.0,Very High,6,6.0,3,0,No,Travel_Rarely,3.0,Very High,High,Medium,Very High,3,17,3,1,4,0,9,Married,No,10-04-2013,425532
EMP12456,47,Female,Bachelor's,Sales,Sales Executive,2,12736.0,High,20,3.0,2,3,No,Travel_Rarely,19.0,Medium,Medium,High,High,3,23,3,0,4,7,7,Married,No,18-09-2011,631751
EMP12457,56,Female,Master's,Research & Development,Research Director,1,25000.0,Very High,33,8.0,8,4,No,Non-Travel,29.0,Medium,Low,Medium,High,3,21,1,0,0,0,6,Single,No,21-03-2011,643997
EMP12458,45,Male,Master's,Human Resources,Manager,5,13009.0,High,24,7.0,0,2,No,Travel_Rarely,23.0,High,Very High,High,Low,3,12,2,0,0,3,0,Married,No,24-03-2010,202758
EMP12459,54,Female,Bachelor's,Research & Development,Laboratory Technician,1,13342.0,High,32,6.0,5,0,Yes,Travel_Frequently,19.0,Very High,Medium,Medium,High,3,13,2,3,3,2,7,Single,No,03-06-2010,199126
EMP12460,53,Female,Master's,Research & Development,Research Director,1,16582.0,Very High,28,10.0,1,1,No,Non-Travel,16.0,Very High,High,Medium,Very High,3,13,0,3,0,2,7,Married,No,10-03-2011,904877
EMP12461,54,Male,Bachelor's,Marketing,Marketing Executive,2,14416.0,High,23,14.0,1,3,No,Travel_Rarely,16.0,Very High,High,High,Very High,3,15,0,2,4,5,5,Married,No,10-05-2022,379434
EMP12462,59,Male,Master's,IT,IT Support,2,17213.0,Very High,34,4.0,4,4,No,Travel_Rarely,26.0,Low,Medium,Low,High,3,13,1,5,3,7,17,Married,No,26-04-2020,315778
EMP12463,35,Female,Bachelor's,Human Resources,HR Executive,1,20003.0,Very High,16,1.0,1,1,Yes,Travel_Frequently,3.0,Very High,Medium,Medium,High,3,25,0,3,2,4,3,Married,No,23-02-2015,394212
EMP12464,57,Male,Bachelor's,Research & Development,Manager,1,25000.0,Very High,33,3.0,3,2,No,Travel_Frequently,26.0,Low,Medium,Very High,Low,3,14,0,5,3,5,10,Single,No,28-08-2021,802129
EMP12465,32,Male,Bachelor's,Human Resources,Manager,3,19063.0,Very High,8,7.0,4,1,No,Travel_Rarely,28.0,Medium,Medium,Very High,Medium,3,21,3,0,1,11,19,Single,No,04-10-2011,683332
EMP12466,42,Male,Master's,Sales,Manager,2,10791.0,High,17,5.0,4,2,No,Travel_Rarely,23.0,High,Low,Very High,Medium,3,23,1,5,3,5,15,Married,No,12-01-2022,328396
EMP12467,41,Female,Bachelor's,Research & Development,Laboratory Technician,1,25000.0,Very High,19,1.0,1,1,Yes,Travel_Frequently,25.0,Medium,Very High,High,Low,4,14,3,4,0,11,11,Single,No,03-07-2016,180324
EMP12468,35,Female,Bachelor's,Sales,Sales Executive,2,15113.0,Very High,10,0.0,0,0,No,Non-Travel,9.0,High,High,Low,Medium,3,17,3,5,2,0,3,Divorced,No,27-12-2013,131553
EMP12469,47,Female,PhD,Research & Development,Research Director,1,21452.0,Very High,21,6.0,5,6,No,Non-Travel,19.0,Medium,Low,Medium,Very High,3,18,0,1,1,6,8,Married,Yes,17-06-2011,258361
EMP12470,54,Female,Master's,Research & Development,Research Director,1,25000.0,Very High,33,1.0,1,1,Yes,Travel_Rarely,24.0,Very High,High,Very High,High,3,20,3,4,3,0,0,Married,No,20-10-2019,860605
EMP12471,27,Male,PhD,Sales,Sales Representative,4,24097.0,Very High,0,0.0,0,0,No,Travel_Rarely,1.0,Medium,Medium,Very High,High,3,17,2,0,2,11,5,Married,No,31-12-2024,366572
EMP12472,41,Male,Bachelor's,Marketing,Manager,2,25000.0,Very High,12,7.0,4,3,Yes,Travel_Rarely,14.0,Medium,Medium,Medium,Medium,3,21,2,4,0,6,0,Married,Yes,12-12-2019,655899
EMP12473,40,Female,Master's,Marketing,Manager,1,25000.0,Very High,10,4.0,4,0,No,Travel_Rarely,28.0,,High,High,Medium,3,14,2,1,2,7,19,Single,Yes,12-12-2015,560325
EMP12474,45,Female,Bachelor's,Finance,Accountant,5,14949.0,High,20,0.0,0,0,No,Travel_Frequently,24.0,Low,Very High,Very High,Medium,3,21,1,2,2,3,7,Single,Yes,07-01-2012,832144
EMP12475,59,Male,High School,Research & Development,Research Scientist,3,25000.0,Very High,36,1.0,1,1,No,Travel_Rarely,11.0,High,High,High,High,3,21,1,2,1,7,12,Single,No,20-07-2015,306951
EMP12476,40,Male,Bachelor's,IT,Software Engineer,1,24039.0,Very High,13,1.0,1,1,No,Travel_Rarely,18.0,High,Very High,Very High,Medium,4,15,2,5,4,5,18,Single,No,12-01-2017,751344
EMP12477,44,Male,Bachelor's,Sales,Sales Executive,2,20613.0,Very High,21,1.0,1,1,No,Travel_Rarely,20.0,High,Very High,Medium,Medium,3,13,2,5,0,5,19,Single,No,28-03-2023,791378
EMP12478,60,Male,Bachelor's,IT,Data Analyst,3,25000.0,Very High,36,4.0,4,2,Yes,Travel_Frequently,7.0,High,High,High,Low,3,11,3,3,1,10,3,Married,No,28-03-2020,456750
EMP12479,20,Male,Bachelor's,Sales,Sales Representative,2,24643.0,Very High,0,0.0,0,0,No,Travel_Rarely,6.0,Low,Very High,High,High,3,20,1,4,1,10,6,Married,No,12-12-2013,461789
EMP12480,25,Male,Master's,IT,IT Support,2,25000.0,Very High,0,0.0,0,0,Yes,Travel_Rarely,12.0,Very High,High,High,High,3,20,0,3,1,8,17,Married,No,17-01-2016,495293
EMP12481,42,Female,Bachelor's,Sales,Sales Representative,2,25000.0,Very High,12,0.0,0,0,No,Travel_Rarely,25.0,Low,Low,Very High,Medium,3,14,0,3,4,5,9,Single,No,16-02-2013,539455
EMP12482,42,Male,Bachelor's,IT,Software Engineer,2,19462.0,Very High,19,1.0,1,1,Yes,Travel_Rarely,30.0,Medium,High,Very High,High,3,10,1,4,4,11,14,Married,No,18-08-2012,956497
EMP12483,42,Female,Bachelor's,Marketing,Marketing Executive,2,19092.0,Very High,16,16.0,0,1,Yes,Non-Travel,24.0,Low,Low,Low,High,3,10,3,4,3,10,12,Single,No,20-05-2012,182950
EMP12484,51,Male,Master's,Sales,Sales Executive,2,23213.0,Very High,21,3.0,3,3,No,Travel_Frequently,2.0,High,Medium,Medium,Medium,4,10,2,1,3,4,19,Married,No,30-03-2010,957532
EMP12485,49,Male,High School,Research & Development,Manager,1,25000.0,Very High,22,10.0,2,1,No,Travel_Rarely,13.0,High,Medium,High,High,3,13,3,4,0,9,17,Divorced,No,09-02-2023,936367
EMP12486,32,Female,Bachelor's,Marketing,Marketing Executive,3,11182.0,High,3,3.0,3,3,No,Travel_Frequently,20.0,Very High,High,Medium,Medium,3,23,3,4,0,9,11,Married,No,25-04-2019,452970
EMP12487,37,Female,Bachelor's,SALES,Manager,1,9095.0,High,10,4.0,4,1,No,Travel_Rarely,1.0,High,Low,Medium,Very High,3,14,1,5,4,5,14,Married,No,11/02/2016,956996
EMP12488,42,Male,Master's,IT,Manager,2,16912.0,Very High,18,6.0,6,1,No,Travel_Frequently,23.0,High,Medium,High,High,3,24,2,3,4,11,7,Divorced,No,20-12-2015,254932
EMP12489,34,Female,High School,Human Resources,Manager,2,10559.0,High,4,1.0,1,0,No,Travel_Rarely,0.0,Very High,Medium,High,High,3,13,1,2,4,7,10,Single,No,04-06-2014,633069
EMP12490,52,Female,Bachelor's,Research & Development,Laboratory Technician,3,18194.0,Very High,25,6.0,6,6,Yes,Travel_Frequently,20.0,Medium,High,High,Medium,3,15,1,0,1,8,2,Single,No,12-10-2015,315702
EMP12491,40,Male,Bachelor's,Sales,Sales Representative,2,25000.0,Very High,11,2.0,1,0,No,Travel_Rarely,8.0,High,Medium,Medium,High,3,11,3,2,4,9,13,Married,No,06-01-2015,646169
EMP12492,58,Male,Master's,Sales,Sales Executive,3,14752.0,High,35,9.0,1,9,No,Travel_Rarely,18.0,High,High,Medium,High,3,14,1,4,1,9,7,Single,No,18-04-2010,829274
EMP12493,42,Female,Bachelor's,IT,IT Support,1,11590.0,High,26,0.0,0,0,No,Travel_Rarely,15.0,Medium,Very High,Medium,High,3,22,1,0,1,10,20,Married,No,16-09-2014,336894
EMP12494,46,Male,Master's,Research & Development,Manager,2,22725.0,Very High,15,7.0,4,1,No,Travel_Rarely,8.0,High,Low,High,High,3,15,1,4,0,7,5,Married,No,23-03-2020,109243
EMP12495,37,Male,Bachelor's,Research & Development,Laboratory Technician,3,25000.0,Very High,11,1.0,1,1,No,Travel_Frequently,2.0,Medium,Very High,High,Medium,3,24,1,5,2,7,20,Married,No,08-06-2014,673929
EMP12496,43,Male,PhD,Research & Development,Research Scientist,4,10273.0,High,21,11.0,1,0,No,Travel_Rarely,11.0,High,Medium,Medium,Medium,3,14,3,1,3,6,0,Single,No,28-01-2025,668260
EMP12497,59,Male,Master's,Human Resources,HR Executive,2,25000.0,Very High,37,2.0,2,0,Yes,Travel_Rarely,8.0,High,High,Medium,High,3,15,2,4,3,0,9,Single,No,18-06-2019,830455
EMP12498,26,Female,Master's,IT,Manager,1,25000.0,Very High,0,0.0,0,0,Yes,Travel_Rarely,29.0,Very High,High,Medium,Medium,3,17,2,0,0,3,1,Married,No,02-10-2012,301394
EMP12499,39,Male,Bachelor's,Marketing,Marketing Executive,1,25000.0,Very High,8,3.0,3,2,Yes,Travel_Rarely,13.0,Very High,Very High,High,Low,3,11,3,5,0,3,7,Married,No,03-11-2010,445809
EMP12500,46,Male,Bachelor's,Research & Development,,1,25000.0,Very High,20,2.0,0,2,Yes,Travel_Frequently,1.0,High,Low,Medium,High,3,22,0,1,4,11,13,Single,No,25-12-2021,689305
EMP10171,36,Male,Bachelor's,Finance,Finance Manager,3,24996.0,Very High,16,3.0,0,3,No,Travel_Rarely,22.0,High,Low,Medium,Medium,3,25,3,6,1,8,13,Married,No,27-07-2010,229278
EMP12226,44,Female,Master's,Research & Development,Laboratory Technician,3,21248.0,Very High,18,7.0,7,1,No,Travel_Rarely,13.0,High,Low,Medium,Medium,3,25,2,2,1,2,6,Divorced,No,06-06-2023,718710
EMP12451,31,Male,Bachelor's,Sales,Manager,4,14055.0,High,5,1.0,1,1,No,Travel_Rarely,5.0,High,Medium,Very High,Very High,3,10,0,3,1,11,13,Married,No,10-01-2012,630546
EMP10998,38,Male,Bachelor's,Sales,Sales Executive,1,25000.0,Very High,15,2.0,0,2,Yes,Travel_Rarely,12.0,High,Medium,High,High,3,22,3,5,1,2,15,Married,No,14-10-2025,885034
EMP10241,40,Male,Bachelor's,Marketing,Marketing Specialist,2,13778.0,High,25,6.0,1,2,No,Travel_Rarely,22.0,Low,High,Medium,High,3,13,3,2,1,11,3,Married,No,08-01-2020,367042
EMP10433,21,Female,Bachelor's,Human Resources,Manager,1,25000.0,Very High,0,0.0,0,0,No,Travel_Rarely,5.0,Medium,Medium,Medium,Medium,3,19,2,2,3,5,16,Married,No,07-07-2012,539824
EMP10475,30,Female,Bachelor's,Research & Development,Laboratory Technician,2,17741.0,Very High,2,0.0,0,0,No,Travel_Rarely,12.0,High,High,Medium,Very High,3,20,0,5,3,5,7,Single,No,23-04-2017,465622
EMP10922,36,Female,Master's,Research & Development,Manager,2,25000.0,Very High,12,5.0,3,2,No,Non-Travel,4.0,Low,Medium,Very High,High,4,24,3,4,0,0,20,Married,Yes,01-09-2021,125169
EMP10064,49,Male,Bachelor's,Research & Development,Laboratory Technician,1,15430.0,Very High,22,3.0,3,3,Yes,Travel_Rarely,30.0,Medium,High,Medium,High,3,15,3,0,1,11,4,Married,No,27-01-2018,659641
EMP12219,49,Female,Bachelor's,IT,Manager,1,22320.0,Very High,18,1.0,1,1,No,Travel_Frequently,25.0,High,High,High,Very High,3,11,0,2,4,6,12,Single,No,08-03-2024,608462
EMP11969,45,Female,Bachelor's,Research & Development,Research Scientist,4,23412.0,Very High,17,2.0,0,2,No,Travel_Frequently,30.0,High,High,Medium,High,4,22,3,5,2,8,20,Single,No,13-05-2017,583837
EMP11043,27,Female,Bachelor's,Research & Development,Research Director,3,20237.0,Very High,4,4.0,1,4,Yes,Travel_Rarely,14.0,Very High,High,High,High,4,14,1,5,3,8,0,Married,Yes,13-08-2015,513168
EMP10563,40,Male,Master's,Sales,Manager,3,21414.0,Very High,11,1.0,1,1,Yes,Travel_Rarely,10.0,High,Medium,Medium,Low,3,21,3,5,1,7,10,Single,No,09-10-2011,955577
EMP10122,34,Male,Bachelor's,IT,Data Analyst,2,25000.0,Very High,1,1.0,1,1,Yes,Travel_Rarely,,Very High,High,High,Low,3,11,1,4,4,3,5,Married,No,23-01-2014,952280
EMP10491,45,Female,Bachelor's,Research & Development,Laboratory Technician,2,13121.0,High,25,4.0,1,4,No,Travel_Rarely,9.0,Low,Medium,Medium,High,4,25,1,5,3,10,19,Married,No,17-10-2016,729968
EMP10834,28,Female,Bachelor's,Sales,Sales Executive,5,25000.0,Very High,0,0.0,0,0,Yes,Non-Travel,24.0,Medium,High,High,High,3,22,1,3,4,6,12,Married,No,13-08-2012,414487
EMP10691,33,Male,High School,Research & Development,Manager,1,16733.0,Very High,0,0.0,0,0,No,Travel_Frequently,14.0,Medium,High,Very High,High,3,25,2,3,3,0,3,Single,No,05-11-2023,622697
EMP11225,20,Male,Bachelor's,Research & Development,Manager,2,12934.0,High,0,0.0,0,0,No,Travel_Rarely,27.0,Low,Very High,Medium,Medium,3,12,0,3,2,6,3,Single,Yes,06-12-2011,701309
EMP12358,25,Male,Master's,Sales,Manager,3,25000.0,Very High,0,0.0,0,0,No,Travel_Rarely,12.0,Medium,Very High,High,High,3,13,3,5,3,9,2,Single,No,30-01-2019,316654
EMP12236,46,Female,Bachelor's,Human Resources,HR Executive,2,18766.0,Very High,21,2.0,1,1,No,Travel_Rarely,29.0,Low,Low,High,Low,3,17,1,4,4,8,0,Single,No,23-05-2011,344214
